day,feature,label,ic
20260105,trd_imb,ret_next,-0.03138678651654998
20260105,trd_imb,ret_skip,-0.012581372128114882
20260105,eat_age_imb,ret_next,-0.04649361032478078
20260105,eat_age_imb,ret_skip,-0.02825004872932406
20260105,eat_age_med,ret_next,0.008807386410899853
20260105,eat_age_med,ret_skip,0.00955258407975416
20260105,old_eat_imb,ret_next,-0.05006718554510659
20260105,old_eat_imb,ret_skip,-0.021296092699524004
20260105,cxl_life_med,ret_next,0.000679080390686481
20260105,cxl_life_med,ret_skip,0.006668952086978382
20260105,flash_cxl_ratio,ret_next,-0.004032099883930252
20260105,flash_cxl_ratio,ret_skip,-0.006198820553608543
20260105,flash_cxl_imb,ret_next,0.014493681317792363
20260105,flash_cxl_imb,ret_skip,-0.006594918271455922
20260105,mean_size,ret_next,0.0032212693955794357
20260105,mean_size,ret_skip,-0.004746675286946135
20260105,n_ord,ret_next,-0.005412902581077202
20260105,n_ord,ret_skip,-0.01015494379912892
20260105,ord_imb_cnt,ret_next,0.01899720295802118
20260105,ord_imb_cnt,ret_skip,0.0029487080774323513
20260105,ord_imb_vol,ret_next,0.02177959571369099
20260105,ord_imb_vol,ret_skip,-0.00807104615598137
20260105,cxl_ratio,ret_next,-0.009503962562845126
20260105,cxl_ratio,ret_skip,-0.002925124008023063
20260105,large_share,ret_next,0.009373557620774534
20260105,large_share,ret_skip,-0.005933623119619347
20260106,trd_imb,ret_next,-0.03139834334188328
20260106,trd_imb,ret_skip,-0.014284042823591999
20260106,eat_age_imb,ret_next,-0.044089841729469545
20260106,eat_age_imb,ret_skip,-0.029290520103070018
20260106,eat_age_med,ret_next,0.016055349635781823
20260106,eat_age_med,ret_skip,0.01642735222098491
20260106,old_eat_imb,ret_next,-0.04767418945702611
20260106,old_eat_imb,ret_skip,-0.021809870622174668
20260106,cxl_life_med,ret_next,0.009292564291385091
20260106,cxl_life_med,ret_skip,0.012214738029104224
20260106,flash_cxl_ratio,ret_next,-0.007202551912988269
20260106,flash_cxl_ratio,ret_skip,-0.009026481029723704
20260106,flash_cxl_imb,ret_next,0.022595851713605623
20260106,flash_cxl_imb,ret_skip,-0.0035906901270045077
20260106,mean_size,ret_next,0.01688317919647004
20260106,mean_size,ret_skip,0.01077272489298676
20260106,n_ord,ret_next,-0.007064854806269223
20260106,n_ord,ret_skip,-0.012058506868386137
20260106,ord_imb_cnt,ret_next,0.030641229031407303
20260106,ord_imb_cnt,ret_skip,0.002981845396612155
20260106,ord_imb_vol,ret_next,0.030157283250747832
20260106,ord_imb_vol,ret_skip,-0.007691798243481952
20260106,cxl_ratio,ret_next,-0.00949945675797594
20260106,cxl_ratio,ret_skip,-0.004614526792259225
20260106,large_share,ret_next,0.01460651394221006
20260106,large_share,ret_skip,0.0007585547268347606
20260107,trd_imb,ret_next,-0.036758356112803474
20260107,trd_imb,ret_skip,-0.01791940538494333
20260107,eat_age_imb,ret_next,-0.0480990942769461
20260107,eat_age_imb,ret_skip,-0.03199183809188656
20260107,eat_age_med,ret_next,0.013221315343287604
20260107,eat_age_med,ret_skip,0.011779626327568675
20260107,old_eat_imb,ret_next,-0.05457305671167659
20260107,old_eat_imb,ret_skip,-0.026072002027322818
20260107,cxl_life_med,ret_next,0.005779746356993485
20260107,cxl_life_med,ret_skip,0.0062161565739798745
20260107,flash_cxl_ratio,ret_next,-0.0090916950159364
20260107,flash_cxl_ratio,ret_skip,-0.010431893228925128
20260107,flash_cxl_imb,ret_next,0.022636219292368802
20260107,flash_cxl_imb,ret_skip,-0.005259219704730296
20260107,mean_size,ret_next,0.0054048431584975375
20260107,mean_size,ret_skip,-0.0010498435953812974
20260107,n_ord,ret_next,-0.014213084533855676
20260107,n_ord,ret_skip,-0.01615596785199297
20260107,ord_imb_cnt,ret_next,0.02891525592377941
20260107,ord_imb_cnt,ret_skip,0.0017792015488785709
20260107,ord_imb_vol,ret_next,0.028530534364927706
20260107,ord_imb_vol,ret_skip,-0.009256835012085646
20260107,cxl_ratio,ret_next,-0.006566605661063771
20260107,cxl_ratio,ret_skip,-0.0008110226380383907
20260107,large_share,ret_next,0.012174836727901976
20260107,large_share,ret_skip,-0.0025073159739629706
20260108,trd_imb,ret_next,-0.0300224171832528
20260108,trd_imb,ret_skip,-0.014405646111544965
20260108,eat_age_imb,ret_next,-0.03980520189017083
20260108,eat_age_imb,ret_skip,-0.027340231013669267
20260108,eat_age_med,ret_next,0.01949272090125382
20260108,eat_age_med,ret_skip,0.020954051375604056
20260108,old_eat_imb,ret_next,-0.045910264423298625
20260108,old_eat_imb,ret_skip,-0.01911259081732758
20260108,cxl_life_med,ret_next,0.012447031622783582
20260108,cxl_life_med,ret_skip,0.013654299572334841
20260108,flash_cxl_ratio,ret_next,-0.011251786881318148
20260108,flash_cxl_ratio,ret_skip,-0.01554817326591867
20260108,flash_cxl_imb,ret_next,0.027414023001355873
20260108,flash_cxl_imb,ret_skip,0.0017099021030776975
20260108,mean_size,ret_next,0.011350206065161085
20260108,mean_size,ret_skip,0.004363636633382927
20260108,n_ord,ret_next,-0.02174171885622403
20260108,n_ord,ret_skip,-0.024837123776938818
20260108,ord_imb_cnt,ret_next,0.036147402016938425
20260108,ord_imb_cnt,ret_skip,0.008706237131052171
20260108,ord_imb_vol,ret_next,0.030995488832218112
20260108,ord_imb_vol,ret_skip,-0.00863279746249966
20260108,cxl_ratio,ret_next,-0.011767370472132995
20260108,cxl_ratio,ret_skip,-0.006389527993553776
20260108,large_share,ret_next,0.007490947507717672
20260108,large_share,ret_skip,-0.004065110828861341
20260109,trd_imb,ret_next,-0.018337240626448124
20260109,trd_imb,ret_skip,-0.011202659659332903
20260109,eat_age_imb,ret_next,-0.03267148520090004
20260109,eat_age_imb,ret_skip,-0.0274604660290829
20260109,eat_age_med,ret_next,0.01260457041995366
20260109,eat_age_med,ret_skip,0.011127000158833486
20260109,old_eat_imb,ret_next,-0.03467693286603964
20260109,old_eat_imb,ret_skip,-0.016702524513847416
20260109,cxl_life_med,ret_next,0.0023354223691466236
20260109,cxl_life_med,ret_skip,0.006567834797168692
20260109,flash_cxl_ratio,ret_next,-0.0064841714533031315
20260109,flash_cxl_ratio,ret_skip,-0.010748233624383947
20260109,flash_cxl_imb,ret_next,0.027704421508179554
20260109,flash_cxl_imb,ret_skip,0.0015402918317755122
20260109,mean_size,ret_next,0.00661625666494287
20260109,mean_size,ret_skip,-0.001165773143848202
20260109,n_ord,ret_next,-0.011997169149955227
20260109,n_ord,ret_skip,-0.015561677015011802
20260109,ord_imb_cnt,ret_next,0.04100710941242709
20260109,ord_imb_cnt,ret_skip,0.01362310007692263
20260109,ord_imb_vol,ret_next,0.03908214760274337
20260109,ord_imb_vol,ret_skip,-0.0030714282456301236
20260109,cxl_ratio,ret_next,-0.009017379365081417
20260109,cxl_ratio,ret_skip,-0.003783841363760195
20260109,large_share,ret_next,0.012115343295732066
20260109,large_share,ret_skip,-0.0031911736149725116
20260112,trd_imb,ret_next,0.002471244741507839
20260112,trd_imb,ret_skip,-0.007527680815116132
20260112,eat_age_imb,ret_next,-0.018707505101056298
20260112,eat_age_imb,ret_skip,-0.0324139577414049
20260112,eat_age_med,ret_next,0.004808768578599372
20260112,eat_age_med,ret_skip,0.006500191917982682
20260112,old_eat_imb,ret_next,-0.014272702929448527
20260112,old_eat_imb,ret_skip,-0.01624878028601464
20260112,cxl_life_med,ret_next,-0.002032536022441292
20260112,cxl_life_med,ret_skip,0.004819354132622986
20260112,flash_cxl_ratio,ret_next,0.0021982582245781003
20260112,flash_cxl_ratio,ret_skip,-0.007266079979283267
20260112,flash_cxl_imb,ret_next,0.03638998214839716
20260112,flash_cxl_imb,ret_skip,-0.00022693890163780886
20260112,mean_size,ret_next,0.005014273483272627
20260112,mean_size,ret_skip,0.001108332356076959
20260112,n_ord,ret_next,0.002063547224039558
20260112,n_ord,ret_skip,-0.004295614306604322
20260112,ord_imb_cnt,ret_next,0.053875294479526936
20260112,ord_imb_cnt,ret_skip,0.012238960988068294
20260112,ord_imb_vol,ret_next,0.050569985192730024
20260112,ord_imb_vol,ret_skip,-0.006933083261545871
20260112,cxl_ratio,ret_next,-0.014436252439657349
20260112,cxl_ratio,ret_skip,-0.009982034613427256
20260112,large_share,ret_next,0.012102031119401129
20260112,large_share,ret_skip,0.001016260871696046
20260113,trd_imb,ret_next,-0.005620021712865633
20260113,trd_imb,ret_skip,-0.010411668982872657
20260113,eat_age_imb,ret_next,-0.027020566930694583
20260113,eat_age_imb,ret_skip,-0.025643495486007032
20260113,eat_age_med,ret_next,0.028334945145719156
20260113,eat_age_med,ret_skip,0.031003506334683083
20260113,old_eat_imb,ret_next,-0.025356217503867875
20260113,old_eat_imb,ret_skip,-0.019501040250873188
20260113,cxl_life_med,ret_next,0.010721897771222875
20260113,cxl_life_med,ret_skip,0.012094284658107333
20260113,flash_cxl_ratio,ret_next,-0.01342716364617313
20260113,flash_cxl_ratio,ret_skip,-0.014801950634293954
20260113,flash_cxl_imb,ret_next,0.038903033029680636
20260113,flash_cxl_imb,ret_skip,0.003268355220458243
20260113,mean_size,ret_next,0.016086223530562452
20260113,mean_size,ret_skip,0.008500613322785944
20260113,n_ord,ret_next,-0.030974791893879215
20260113,n_ord,ret_skip,-0.03129706835261738
20260113,ord_imb_cnt,ret_next,0.05013940868094993
20260113,ord_imb_cnt,ret_skip,0.008148862174053889
20260113,ord_imb_vol,ret_next,0.045649215226915736
20260113,ord_imb_vol,ret_skip,-0.004670885905841511
20260113,cxl_ratio,ret_next,-0.0037969268459000886
20260113,cxl_ratio,ret_skip,-0.0004089664536023144
20260113,large_share,ret_next,0.012009997220011415
20260113,large_share,ret_skip,-0.0017629037445383296
20260114,trd_imb,ret_next,-0.007905818951732117
20260114,trd_imb,ret_skip,-0.013252802536376649
20260114,eat_age_imb,ret_next,-0.0471078887449368
20260114,eat_age_imb,ret_skip,-0.034619828417015414
20260114,eat_age_med,ret_next,0.007410304886762961
20260114,eat_age_med,ret_skip,0.007941629488535466
20260114,old_eat_imb,ret_next,-0.03304165509106961
20260114,old_eat_imb,ret_skip,-0.01848162811045479
20260114,cxl_life_med,ret_next,-0.0016450847508240802
20260114,cxl_life_med,ret_skip,0.00045488763194458624
20260114,flash_cxl_ratio,ret_next,-0.0028224811933292688
20260114,flash_cxl_ratio,ret_skip,-0.0073359747161229815
20260114,flash_cxl_imb,ret_next,0.02504972920605959
20260114,flash_cxl_imb,ret_skip,-0.008144853291007486
20260114,mean_size,ret_next,0.004325739147118322
20260114,mean_size,ret_skip,-0.002517778060605611
20260114,n_ord,ret_next,-0.008043890517941698
20260114,n_ord,ret_skip,-0.012212380634396298
20260114,ord_imb_cnt,ret_next,0.04447074655068037
20260114,ord_imb_cnt,ret_skip,0.004465122356383009
20260114,ord_imb_vol,ret_next,0.034304237783924496
20260114,ord_imb_vol,ret_skip,-0.009583747966818752
20260114,cxl_ratio,ret_next,-0.012033169890086851
20260114,cxl_ratio,ret_skip,-0.003056304930690743
20260114,large_share,ret_next,0.012330449324307947
20260114,large_share,ret_skip,-0.004786845334493702
20260115,trd_imb,ret_next,-0.03340316735755837
20260115,trd_imb,ret_skip,-0.008874437244344195
20260115,eat_age_imb,ret_next,-0.059396434959236695
20260115,eat_age_imb,ret_skip,-0.018306705913093746
20260115,eat_age_med,ret_next,0.020205845695154708
20260115,eat_age_med,ret_skip,0.01784514394640519
20260115,old_eat_imb,ret_next,-0.0529090337369739
20260115,old_eat_imb,ret_skip,-0.01164459623478797
20260115,cxl_life_med,ret_next,0.007601732106586576
20260115,cxl_life_med,ret_skip,0.004370820224258277
20260115,flash_cxl_ratio,ret_next,-0.012100593583363328
20260115,flash_cxl_ratio,ret_skip,-0.007713010266307297
20260115,flash_cxl_imb,ret_next,0.0191580726878958
20260115,flash_cxl_imb,ret_skip,-0.0005978250532236292
20260115,mean_size,ret_next,0.007357969727380346
20260115,mean_size,ret_skip,-0.0015422390320559403
20260115,n_ord,ret_next,-0.020508965864969513
20260115,n_ord,ret_skip,-0.019806802121294365
20260115,ord_imb_cnt,ret_next,0.013920716029557573
20260115,ord_imb_cnt,ret_skip,0.0075856055945666846
20260115,ord_imb_vol,ret_next,0.012688828169653929
20260115,ord_imb_vol,ret_skip,-0.004770725371463641
20260115,cxl_ratio,ret_next,-0.0034556046236529077
20260115,cxl_ratio,ret_skip,-0.0017864699444139777
20260115,large_share,ret_next,0.01144714164353096
20260115,large_share,ret_skip,-0.005341698168691802
20260116,trd_imb,ret_next,-0.022406960274010988
20260116,trd_imb,ret_skip,-0.011656546692136071
20260116,eat_age_imb,ret_next,-0.04910122415256395
20260116,eat_age_imb,ret_skip,-0.029147095726214597
20260116,eat_age_med,ret_next,0.017744009087362914
20260116,eat_age_med,ret_skip,0.018036595674381668
20260116,old_eat_imb,ret_next,-0.041858630466924875
20260116,old_eat_imb,ret_skip,-0.01983530411996044
20260116,cxl_life_med,ret_next,0.004154493183979163
20260116,cxl_life_med,ret_skip,0.006615508106744676
20260116,flash_cxl_ratio,ret_next,-0.010982231684350556
20260116,flash_cxl_ratio,ret_skip,-0.012388247082059501
20260116,flash_cxl_imb,ret_next,0.02025360255403488
20260116,flash_cxl_imb,ret_skip,-0.006463334661752112
20260116,mean_size,ret_next,0.002459204376588919
20260116,mean_size,ret_skip,-0.0036414096084394906
20260116,n_ord,ret_next,-0.02466717706143677
20260116,n_ord,ret_skip,-0.026214065637379196
20260116,ord_imb_cnt,ret_next,0.026474861558077666
20260116,ord_imb_cnt,ret_skip,-0.003997549833227228
20260116,ord_imb_vol,ret_next,0.027338522323603412
20260116,ord_imb_vol,ret_skip,-0.008269408244428216
20260116,cxl_ratio,ret_next,-0.0018229122666505453
20260116,cxl_ratio,ret_skip,0.005991138851579573
20260116,large_share,ret_next,0.006416993429131599
20260116,large_share,ret_skip,-0.005714859333191588
20260119,trd_imb,ret_next,-0.03412601552269729
20260119,trd_imb,ret_skip,-0.018061548733998244
20260119,eat_age_imb,ret_next,-0.05217003534505755
20260119,eat_age_imb,ret_skip,-0.029114405970091586
20260119,eat_age_med,ret_next,0.02243628887007843
20260119,eat_age_med,ret_skip,0.022260647616306188
20260119,old_eat_imb,ret_next,-0.05008801080186121
20260119,old_eat_imb,ret_skip,-0.023409200859659245
20260119,cxl_life_med,ret_next,0.010520418722332513
20260119,cxl_life_med,ret_skip,0.011317115608861
20260119,flash_cxl_ratio,ret_next,-0.008469820875677237
20260119,flash_cxl_ratio,ret_skip,-0.011725931236974355
20260119,flash_cxl_imb,ret_next,0.023567885683499358
20260119,flash_cxl_imb,ret_skip,-0.003956812686258275
20260119,mean_size,ret_next,0.014077730396848929
20260119,mean_size,ret_skip,0.008154213790695322
20260119,n_ord,ret_next,-0.017538723915968186
20260119,n_ord,ret_skip,-0.021209904872562274
20260119,ord_imb_cnt,ret_next,0.021455167107404256
20260119,ord_imb_cnt,ret_skip,-0.001833093845877572
20260119,ord_imb_vol,ret_next,0.021580051380622668
20260119,ord_imb_vol,ret_skip,-0.012659653313542778
20260119,cxl_ratio,ret_next,-0.00874245471849242
20260119,cxl_ratio,ret_skip,-0.0059037924671877405
20260119,large_share,ret_next,0.007907394621315521
20260119,large_share,ret_skip,-0.004283116042622872
20260120,trd_imb,ret_next,-0.022860925677838023
20260120,trd_imb,ret_skip,-0.010920701552565991
20260120,eat_age_imb,ret_next,-0.05595989128625954
20260120,eat_age_imb,ret_skip,-0.025191572668330563
20260120,eat_age_med,ret_next,0.029145302091315568
20260120,eat_age_med,ret_skip,0.026291145960737637
20260120,old_eat_imb,ret_next,-0.04291634827776088
20260120,old_eat_imb,ret_skip,-0.017887439945280255
20260120,cxl_life_med,ret_next,0.013016020774464792
20260120,cxl_life_med,ret_skip,0.012770477830855234
20260120,flash_cxl_ratio,ret_next,-0.014353113091268119
20260120,flash_cxl_ratio,ret_skip,-0.012964099244270971
20260120,flash_cxl_imb,ret_next,0.028497922815942187
20260120,flash_cxl_imb,ret_skip,0.003185864893888711
20260120,mean_size,ret_next,0.01897837745263906
20260120,mean_size,ret_skip,0.01196658981192179
20260120,n_ord,ret_next,-0.02132039326177712
20260120,n_ord,ret_skip,-0.021541045723919364
20260120,ord_imb_cnt,ret_next,0.031217123117689465
20260120,ord_imb_cnt,ret_skip,0.005086338139822233
20260120,ord_imb_vol,ret_next,0.02148200546997191
20260120,ord_imb_vol,ret_skip,-0.009392439548776586
20260120,cxl_ratio,ret_next,-0.00961993909951901
20260120,cxl_ratio,ret_skip,-0.004209465516422392
20260120,large_share,ret_next,0.011678696981306903
20260120,large_share,ret_skip,-0.0012332961598903926
20260121,trd_imb,ret_next,-0.03847372580933747
20260121,trd_imb,ret_skip,-0.020743231228530237
20260121,eat_age_imb,ret_next,-0.06148917894347658
20260121,eat_age_imb,ret_skip,-0.03328215684626036
20260121,eat_age_med,ret_next,0.012562365230666367
20260121,eat_age_med,ret_skip,0.01246528051912203
20260121,old_eat_imb,ret_next,-0.05897820223277533
20260121,old_eat_imb,ret_skip,-0.02566685386057976
20260121,cxl_life_med,ret_next,0.005635477954472015
20260121,cxl_life_med,ret_skip,0.004584445085815984
20260121,flash_cxl_ratio,ret_next,-0.009915978557182915
20260121,flash_cxl_ratio,ret_skip,-0.011303148636550638
20260121,flash_cxl_imb,ret_next,0.020784615907865886
20260121,flash_cxl_imb,ret_skip,-0.010195901867066154
20260121,mean_size,ret_next,0.0023597240079166843
20260121,mean_size,ret_skip,-0.0022046477756502763
20260121,n_ord,ret_next,-0.019528425927351583
20260121,n_ord,ret_skip,-0.02063987408273987
20260121,ord_imb_cnt,ret_next,0.02310022298327891
20260121,ord_imb_cnt,ret_skip,-0.005543483028179917
20260121,ord_imb_vol,ret_next,0.018549909253701504
20260121,ord_imb_vol,ret_skip,-0.015188122931388895
20260121,cxl_ratio,ret_next,-0.006444858262141261
20260121,cxl_ratio,ret_skip,-0.0012982757418384665
20260121,large_share,ret_next,0.006182687812229947
20260121,large_share,ret_skip,-0.004780148696151077
20260122,trd_imb,ret_next,-0.03606735729494254
20260122,trd_imb,ret_skip,-0.01863900653685333
20260122,eat_age_imb,ret_next,-0.056914294826590696
20260122,eat_age_imb,ret_skip,-0.02947718978957013
20260122,eat_age_med,ret_next,0.021801024671383305
20260122,eat_age_med,ret_skip,0.023245837582715777
20260122,old_eat_imb,ret_next,-0.055542291476620875
20260122,old_eat_imb,ret_skip,-0.024475327327711478
20260122,cxl_life_med,ret_next,0.01338554882909325
20260122,cxl_life_med,ret_skip,0.014863404802602828
20260122,flash_cxl_ratio,ret_next,-0.01328603792885352
20260122,flash_cxl_ratio,ret_skip,-0.015925201181351517
20260122,flash_cxl_imb,ret_next,0.01758236358395589
20260122,flash_cxl_imb,ret_skip,-0.005979728148220596
20260122,mean_size,ret_next,0.014372715345018001
20260122,mean_size,ret_skip,0.008597151240329129
20260122,n_ord,ret_next,-0.01708250236163987
20260122,n_ord,ret_skip,-0.018884346754184305
20260122,ord_imb_cnt,ret_next,0.023410001595248486
20260122,ord_imb_cnt,ret_skip,-0.002465253691608931
20260122,ord_imb_vol,ret_next,0.02019064062984449
20260122,ord_imb_vol,ret_skip,-0.01412092593441916
20260122,cxl_ratio,ret_next,-0.011700357885695945
20260122,cxl_ratio,ret_skip,-0.008383369552284015
20260122,large_share,ret_next,0.009198687845386869
20260122,large_share,ret_skip,-0.003120499174981245
20260123,trd_imb,ret_next,-0.02566419526166619
20260123,trd_imb,ret_skip,-0.01474959495266131
20260123,eat_age_imb,ret_next,-0.049440794416452744
20260123,eat_age_imb,ret_skip,-0.026370285357665505
20260123,eat_age_med,ret_next,0.009725179255833254
20260123,eat_age_med,ret_skip,0.011968334135362258
20260123,old_eat_imb,ret_next,-0.044900256323376596
20260123,old_eat_imb,ret_skip,-0.020576102258790852
20260123,cxl_life_med,ret_next,0.006415946284186308
20260123,cxl_life_med,ret_skip,0.01014324231423224
20260123,flash_cxl_ratio,ret_next,-0.006683116468091564
20260123,flash_cxl_ratio,ret_skip,-0.010676273221686378
20260123,flash_cxl_imb,ret_next,0.019249864699941402
20260123,flash_cxl_imb,ret_skip,-0.004685814303052242
20260123,mean_size,ret_next,0.006761921691615765
20260123,mean_size,ret_skip,0.0038411995313247234
20260123,n_ord,ret_next,-0.008255517704495606
20260123,n_ord,ret_skip,-0.011781244267857885
20260123,ord_imb_cnt,ret_next,0.027597594557018663
20260123,ord_imb_cnt,ret_skip,0.003458525771481376
20260123,ord_imb_vol,ret_next,0.026690226503895555
20260123,ord_imb_vol,ret_skip,-0.009702739052555946
20260123,cxl_ratio,ret_next,-0.009758808391010508
20260123,cxl_ratio,ret_skip,-0.006542137379677671
20260123,large_share,ret_next,0.009017303402985814
20260123,large_share,ret_skip,-0.0010237861031977174
20260126,trd_imb,ret_next,-0.01706193411265815
20260126,trd_imb,ret_skip,-0.012743052088783388
20260126,eat_age_imb,ret_next,-0.052712547260384914
20260126,eat_age_imb,ret_skip,-0.024465871342562565
20260126,eat_age_med,ret_next,0.019851364294021484
20260126,eat_age_med,ret_skip,0.022118914237333507
20260126,old_eat_imb,ret_next,-0.040221083457715905
20260126,old_eat_imb,ret_skip,-0.018595052397213537
20260126,cxl_life_med,ret_next,0.008557104711169468
20260126,cxl_life_med,ret_skip,0.007463812238443781
20260126,flash_cxl_ratio,ret_next,-0.01180161865900486
20260126,flash_cxl_ratio,ret_skip,-0.009632851764637696
20260126,flash_cxl_imb,ret_next,0.022248842255452636
20260126,flash_cxl_imb,ret_skip,-0.00011475450229345033
20260126,mean_size,ret_next,0.01436829201830404
20260126,mean_size,ret_skip,0.00752361751188987
20260126,n_ord,ret_next,-0.01960421856874004
20260126,n_ord,ret_skip,-0.01950450933057138
20260126,ord_imb_cnt,ret_next,0.03056827695650324
20260126,ord_imb_cnt,ret_skip,0.004495977832120665
20260126,ord_imb_vol,ret_next,0.024923626976529063
20260126,ord_imb_vol,ret_skip,-0.00845157002362126
20260126,cxl_ratio,ret_next,-0.003243751013987055
20260126,cxl_ratio,ret_skip,-0.0021389485222876405
20260126,large_share,ret_next,0.009891854765761406
20260126,large_share,ret_skip,-0.002796570156881795
20260127,trd_imb,ret_next,-0.02149726178578692
20260127,trd_imb,ret_skip,-0.013278163470311844
20260127,eat_age_imb,ret_next,-0.05552832839434222
20260127,eat_age_imb,ret_skip,-0.026416307245593188
20260127,eat_age_med,ret_next,0.005472261398116173
20260127,eat_age_med,ret_skip,0.007406905389916869
20260127,old_eat_imb,ret_next,-0.04489614517948338
20260127,old_eat_imb,ret_skip,-0.019704662489214615
20260127,cxl_life_med,ret_next,-0.00040778450338016135
20260127,cxl_life_med,ret_skip,0.002227254556226108
20260127,flash_cxl_ratio,ret_next,-0.0028653660520730267
20260127,flash_cxl_ratio,ret_skip,-0.007908165331514967
20260127,flash_cxl_imb,ret_next,0.029781031850820625
20260127,flash_cxl_imb,ret_skip,-0.000495854624488722
20260127,mean_size,ret_next,-0.002727883444660749
20260127,mean_size,ret_skip,-0.007795849015737342
20260127,n_ord,ret_next,-0.009010557684398606
20260127,n_ord,ret_skip,-0.011077886916847109
20260127,ord_imb_cnt,ret_next,0.030048035311833275
20260127,ord_imb_cnt,ret_skip,0.002044377666300216
20260127,ord_imb_vol,ret_next,0.025398927872620033
20260127,ord_imb_vol,ret_skip,-0.010043536714982045
20260127,cxl_ratio,ret_next,-0.0038967696003349792
20260127,cxl_ratio,ret_skip,-0.0008333720702750563
20260127,large_share,ret_next,0.0035236758912088363
20260127,large_share,ret_skip,-0.007831212596031862
20260128,trd_imb,ret_next,-0.025806885462340518
20260128,trd_imb,ret_skip,-0.024791079790062186
20260128,eat_age_imb,ret_next,-0.05309179891806273
20260128,eat_age_imb,ret_skip,-0.03625162688486824
20260128,eat_age_med,ret_next,0.014614516675447942
20260128,eat_age_med,ret_skip,0.015280509425047753
20260128,old_eat_imb,ret_next,-0.04561923022962002
20260128,old_eat_imb,ret_skip,-0.032126868740970885
20260128,cxl_life_med,ret_next,0.005490468586997481
20260128,cxl_life_med,ret_skip,0.010787217139230853
20260128,flash_cxl_ratio,ret_next,-0.003744702958437333
20260128,flash_cxl_ratio,ret_skip,-0.007723056272730747
20260128,flash_cxl_imb,ret_next,0.02893467333469221
20260128,flash_cxl_imb,ret_skip,-0.007920178186529089
20260128,mean_size,ret_next,0.015406037840278374
20260128,mean_size,ret_skip,0.009831977512517345
20260128,n_ord,ret_next,-0.0020351333473051423
20260128,n_ord,ret_skip,-0.004862615268625942
20260128,ord_imb_cnt,ret_next,0.034833753730288256
20260128,ord_imb_cnt,ret_skip,-0.006942309984999935
20260128,ord_imb_vol,ret_next,0.029911977049490952
20260128,ord_imb_vol,ret_skip,-0.020272975182354328
20260128,cxl_ratio,ret_next,-0.010927974467082971
20260128,cxl_ratio,ret_skip,-0.008357326585777008
20260128,large_share,ret_next,0.01480920580179953
20260128,large_share,ret_skip,0.004997254212363903
20260129,trd_imb,ret_next,-0.010575938183647793
20260129,trd_imb,ret_skip,-0.006543517811351803
20260129,eat_age_imb,ret_next,-0.04060644640684906
20260129,eat_age_imb,ret_skip,-0.01983532448867329
20260129,eat_age_med,ret_next,0.019275752249735333
20260129,eat_age_med,ret_skip,0.021260402133868143
20260129,old_eat_imb,ret_next,-0.031221743443958068
20260129,old_eat_imb,ret_skip,-0.010410616246435044
20260129,cxl_life_med,ret_next,0.011568279298908805
20260129,cxl_life_med,ret_skip,0.011281603658314506
20260129,flash_cxl_ratio,ret_next,-0.005822844342369097
20260129,flash_cxl_ratio,ret_skip,-0.006152846121229339
20260129,flash_cxl_imb,ret_next,0.03483386715871487
20260129,flash_cxl_imb,ret_skip,0.0035863819719089444
20260129,mean_size,ret_next,0.0217966059317415
20260129,mean_size,ret_skip,0.016020678863851393
20260129,n_ord,ret_next,-0.008017523675888599
20260129,n_ord,ret_skip,-0.010493339722358568
20260129,ord_imb_cnt,ret_next,0.044746803276497424
20260129,ord_imb_cnt,ret_skip,0.010810837475889479
20260129,ord_imb_vol,ret_next,0.03676048367782397
20260129,ord_imb_vol,ret_skip,-0.002800677238562174
20260129,cxl_ratio,ret_next,-0.008715783865825994
20260129,cxl_ratio,ret_skip,-0.0007031670828135505
20260129,large_share,ret_next,0.01035535817648256
20260129,large_share,ret_skip,-0.0022198841999570445
20260130,trd_imb,ret_next,-0.019507923926344716
20260130,trd_imb,ret_skip,-0.0034598354056768863
20260130,eat_age_imb,ret_next,-0.04931233859162042
20260130,eat_age_imb,ret_skip,-0.019827464133096367
20260130,eat_age_med,ret_next,0.013659424184506587
20260130,eat_age_med,ret_skip,0.0163669460459896
20260130,old_eat_imb,ret_next,-0.04069701447963457
20260130,old_eat_imb,ret_skip,-0.007255186350008172
20260130,cxl_life_med,ret_next,0.0024678375456139386
20260130,cxl_life_med,ret_skip,0.0017738111347600164
20260130,flash_cxl_ratio,ret_next,-0.007213336889606808
20260130,flash_cxl_ratio,ret_skip,-0.008204874586347749
20260130,flash_cxl_imb,ret_next,0.02534174499494123
20260130,flash_cxl_imb,ret_skip,0.00840370751965887
20260130,mean_size,ret_next,-0.0007099403302457323
20260130,mean_size,ret_skip,-0.005801844234217906
20260130,n_ord,ret_next,-0.02099756535120778
20260130,n_ord,ret_skip,-0.022613519838306142
20260130,ord_imb_cnt,ret_next,0.03105162534427134
20260130,ord_imb_cnt,ret_skip,0.012593293187360756
20260130,ord_imb_vol,ret_next,0.02567037432649107
20260130,ord_imb_vol,ret_skip,-0.00098100453072222
20260130,cxl_ratio,ret_next,-0.0014556225235971467
20260130,cxl_ratio,ret_skip,0.0028787742802273563
20260130,large_share,ret_next,0.0007777047804368221
20260130,large_share,ret_skip,-0.009719632658868198
20260202,trd_imb,ret_next,-0.028146351240087394
20260202,trd_imb,ret_skip,-0.004602818371066693
20260202,eat_age_imb,ret_next,-0.059980029090426955
20260202,eat_age_imb,ret_skip,-0.016711323984895447
20260202,eat_age_med,ret_next,0.024526582178359176
20260202,eat_age_med,ret_skip,0.02675568122406423
20260202,old_eat_imb,ret_next,-0.05113321122787665
20260202,old_eat_imb,ret_skip,-0.008299322798006695
20260202,cxl_life_med,ret_next,0.017495793104741628
20260202,cxl_life_med,ret_skip,0.018077303259214795
20260202,flash_cxl_ratio,ret_next,-0.009739956939048134
20260202,flash_cxl_ratio,ret_skip,-0.008417614504322553
20260202,flash_cxl_imb,ret_next,0.014588496074155511
20260202,flash_cxl_imb,ret_skip,0.0016021555534170497
20260202,mean_size,ret_next,0.013381133347657463
20260202,mean_size,ret_skip,0.010594827087964855
20260202,n_ord,ret_next,-0.01734894152984273
20260202,n_ord,ret_skip,-0.019509615015006754
20260202,ord_imb_cnt,ret_next,0.017804525166681538
20260202,ord_imb_cnt,ret_skip,0.005783261204406521
20260202,ord_imb_vol,ret_next,0.013229835744393913
20260202,ord_imb_vol,ret_skip,-0.0032532918926227584
20260202,cxl_ratio,ret_next,0.0007713908856999329
20260202,cxl_ratio,ret_skip,0.002737076296724319
20260202,large_share,ret_next,0.004079199501585442
20260202,large_share,ret_skip,-0.002614986669815031
20260203,trd_imb,ret_next,-0.04002273053659523
20260203,trd_imb,ret_skip,-0.011136908576570173
20260203,eat_age_imb,ret_next,-0.05591344319951214
20260203,eat_age_imb,ret_skip,-0.024606693292137213
20260203,eat_age_med,ret_next,-0.006397775576027904
20260203,eat_age_med,ret_skip,0.0008676676123941047
20260203,old_eat_imb,ret_next,-0.05958076492120597
20260203,old_eat_imb,ret_skip,-0.016324377495984276
20260203,cxl_life_med,ret_next,5.170501957932917e-05
20260203,cxl_life_med,ret_skip,3.2841513460533937e-06
20260203,flash_cxl_ratio,ret_next,-0.0018480134259557615
20260203,flash_cxl_ratio,ret_skip,-0.004809004292060134
20260203,flash_cxl_imb,ret_next,0.010590756616536594
20260203,flash_cxl_imb,ret_skip,-7.823151632260081e-05
20260203,mean_size,ret_next,-0.0007090639753852011
20260203,mean_size,ret_skip,-0.0037409915395541743
20260203,n_ord,ret_next,0.0005748302419421823
20260203,n_ord,ret_skip,-0.004566987883348787
20260203,ord_imb_cnt,ret_next,0.014684617343174453
20260203,ord_imb_cnt,ret_skip,0.005366089011189853
20260203,ord_imb_vol,ret_next,0.01609312456660319
20260203,ord_imb_vol,ret_skip,-0.004868787957150522
20260203,cxl_ratio,ret_next,-0.008402498271868768
20260203,cxl_ratio,ret_skip,-0.0015968926301911694
20260203,large_share,ret_next,0.005935245179690449
20260203,large_share,ret_skip,-0.0031425203304291166
20260204,trd_imb,ret_next,-0.043860394447826676
20260204,trd_imb,ret_skip,-0.008699580462981363
20260204,eat_age_imb,ret_next,-0.05521977639026819
20260204,eat_age_imb,ret_skip,-0.018366948165344753
20260204,eat_age_med,ret_next,0.018740128933707967
20260204,eat_age_med,ret_skip,0.017933698652072425
20260204,old_eat_imb,ret_next,-0.059492785616414114
20260204,old_eat_imb,ret_skip,-0.011469470775181397
20260204,cxl_life_med,ret_next,0.009098540854351383
20260204,cxl_life_med,ret_skip,0.011804118275677395
20260204,flash_cxl_ratio,ret_next,-0.007538408861511151
20260204,flash_cxl_ratio,ret_skip,-0.008282623358187911
20260204,flash_cxl_imb,ret_next,0.014083004387562673
20260204,flash_cxl_imb,ret_skip,0.004529102602251931
20260204,mean_size,ret_next,0.013260813520977627
20260204,mean_size,ret_skip,0.009300414056486479
20260204,n_ord,ret_next,-0.008300023096769813
20260204,n_ord,ret_skip,-0.009726262268740665
20260204,ord_imb_cnt,ret_next,0.019237443310892634
20260204,ord_imb_cnt,ret_skip,0.010086904493605655
20260204,ord_imb_vol,ret_next,0.01412170553724706
20260204,ord_imb_vol,ret_skip,-0.0017838646620873563
20260204,cxl_ratio,ret_next,-0.007355704057303563
20260204,cxl_ratio,ret_skip,-0.006094571447150366
20260204,large_share,ret_next,0.010038119626105613
20260204,large_share,ret_skip,0.0006567029492599302
20260205,trd_imb,ret_next,-0.041482126076373686
20260205,trd_imb,ret_skip,-0.005978884991613025
20260205,eat_age_imb,ret_next,-0.05483634828505265
20260205,eat_age_imb,ret_skip,-0.017696279247906455
20260205,eat_age_med,ret_next,0.015588272278871381
20260205,eat_age_med,ret_skip,0.014587876572001994
20260205,old_eat_imb,ret_next,-0.05881613446572943
20260205,old_eat_imb,ret_skip,-0.009620377710214841
20260205,cxl_life_med,ret_next,0.00833766869733322
20260205,cxl_life_med,ret_skip,0.006577965625582584
20260205,flash_cxl_ratio,ret_next,-0.007097454246244785
20260205,flash_cxl_ratio,ret_skip,-0.0044965422608099544
20260205,flash_cxl_imb,ret_next,0.014930387782773521
20260205,flash_cxl_imb,ret_skip,0.002300058946962818
20260205,mean_size,ret_next,0.009138126124209028
20260205,mean_size,ret_skip,0.003606695426133594
20260205,n_ord,ret_next,-0.010996797686365706
20260205,n_ord,ret_skip,-0.009868273516760274
20260205,ord_imb_cnt,ret_next,0.021529912296767945
20260205,ord_imb_cnt,ret_skip,0.012485388811242911
20260205,ord_imb_vol,ret_next,0.019535480180385662
20260205,ord_imb_vol,ret_skip,0.0020168496981754127
20260205,cxl_ratio,ret_next,-0.004217678627791287
20260205,cxl_ratio,ret_skip,-0.002515205214844272
20260205,large_share,ret_next,0.008867856415797532
20260205,large_share,ret_skip,-0.00296435190245748
20260206,trd_imb,ret_next,-0.048033717918539616
20260206,trd_imb,ret_skip,-0.010737145995365774
20260206,eat_age_imb,ret_next,-0.059470620218222546
20260206,eat_age_imb,ret_skip,-0.019688249082655682
20260206,eat_age_med,ret_next,0.010363779283377453
20260206,eat_age_med,ret_skip,0.013470786883047463
20260206,old_eat_imb,ret_next,-0.06654044654129804
20260206,old_eat_imb,ret_skip,-0.013979080786209673
20260206,cxl_life_med,ret_next,0.006692069457913918
20260206,cxl_life_med,ret_skip,0.010209299284782088
20260206,flash_cxl_ratio,ret_next,-0.007888573977570356
20260206,flash_cxl_ratio,ret_skip,-0.00830149390955585
20260206,flash_cxl_imb,ret_next,0.0120218690003733
20260206,flash_cxl_imb,ret_skip,0.007408007981513796
20260206,mean_size,ret_next,0.004431121653038569
20260206,mean_size,ret_skip,0.0015885795857505129
20260206,n_ord,ret_next,-0.013354100404538244
20260206,n_ord,ret_skip,-0.016344650937759365
20260206,ord_imb_cnt,ret_next,0.015417830270259612
20260206,ord_imb_cnt,ret_skip,0.012451823931897464
20260206,ord_imb_vol,ret_next,0.013912254902285474
20260206,ord_imb_vol,ret_skip,0.00026512890424941525
20260206,cxl_ratio,ret_next,-0.008316680264739992
20260206,cxl_ratio,ret_skip,-0.0020491469927318177
20260206,large_share,ret_next,0.0017094923435065628
20260206,large_share,ret_skip,-0.0048603458756947505
20260209,trd_imb,ret_next,-0.05268641880850785
20260209,trd_imb,ret_skip,-0.017568334991892434
20260209,eat_age_imb,ret_next,-0.05678855243287297
20260209,eat_age_imb,ret_skip,-0.029497699951781458
20260209,eat_age_med,ret_next,0.011259051231141291
20260209,eat_age_med,ret_skip,0.013144336524951531
20260209,old_eat_imb,ret_next,-0.06693434944585404
20260209,old_eat_imb,ret_skip,-0.023858916264409207
20260209,cxl_life_med,ret_next,0.0065259197089802806
20260209,cxl_life_med,ret_skip,0.006974564815444406
20260209,flash_cxl_ratio,ret_next,-0.009686460956089675
20260209,flash_cxl_ratio,ret_skip,-0.008703366221670237
20260209,flash_cxl_imb,ret_next,0.007574838583580538
20260209,flash_cxl_imb,ret_skip,-0.0067532329225591025
20260209,mean_size,ret_next,0.0025762872287609425
20260209,mean_size,ret_skip,-0.0014183661222291785
20260209,n_ord,ret_next,-0.013453157249001455
20260209,n_ord,ret_skip,-0.014834956448587653
20260209,ord_imb_cnt,ret_next,0.00946175883556358
20260209,ord_imb_cnt,ret_skip,-0.000497621670379139
20260209,ord_imb_vol,ret_next,0.01314684018448997
20260209,ord_imb_vol,ret_skip,-0.00955676056397746
20260209,cxl_ratio,ret_next,-0.010398672975017356
20260209,cxl_ratio,ret_skip,-0.0021908930146544627
20260209,large_share,ret_next,0.0037635221696844575
20260209,large_share,ret_skip,-0.002697439742101168
20260210,trd_imb,ret_next,-0.05447879490993592
20260210,trd_imb,ret_skip,-0.015203437589873315
20260210,eat_age_imb,ret_next,-0.054482182148441485
20260210,eat_age_imb,ret_skip,-0.027506395389976342
20260210,eat_age_med,ret_next,0.018099354800628464
20260210,eat_age_med,ret_skip,0.018903683567742736
20260210,old_eat_imb,ret_next,-0.06604258574727204
20260210,old_eat_imb,ret_skip,-0.020530289611064005
20260210,cxl_life_med,ret_next,0.011577016566747261
20260210,cxl_life_med,ret_skip,0.010303998618761502
20260210,flash_cxl_ratio,ret_next,-0.012693867675407861
20260210,flash_cxl_ratio,ret_skip,-0.01102127401775918
20260210,flash_cxl_imb,ret_next,0.009448323594418924
20260210,flash_cxl_imb,ret_skip,0.004104156941088446
20260210,mean_size,ret_next,0.008603097802702556
20260210,mean_size,ret_skip,0.006033512883443072
20260210,n_ord,ret_next,-0.016486066878499878
20260210,n_ord,ret_skip,-0.016533370816083234
20260210,ord_imb_cnt,ret_next,0.011263744705723527
20260210,ord_imb_cnt,ret_skip,0.0022543836152782866
20260210,ord_imb_vol,ret_next,0.01477595582762728
20260210,ord_imb_vol,ret_skip,-0.004788142040547843
20260210,cxl_ratio,ret_next,-0.004764853973432784
20260210,cxl_ratio,ret_skip,-0.000899655277408104
20260210,large_share,ret_next,0.003655203091837692
20260210,large_share,ret_skip,-0.0027024866904778225
20260211,trd_imb,ret_next,-0.05625852332966063
20260211,trd_imb,ret_skip,-0.015763871140551874
20260211,eat_age_imb,ret_next,-0.05635395569675134
20260211,eat_age_imb,ret_skip,-0.031321297432052884
20260211,eat_age_med,ret_next,0.018536995152198765
20260211,eat_age_med,ret_skip,0.0225381670605656
20260211,old_eat_imb,ret_next,-0.06680852751843953
20260211,old_eat_imb,ret_skip,-0.022719704578418154
20260211,cxl_life_med,ret_next,0.012489759310233231
20260211,cxl_life_med,ret_skip,0.011818676596034344
20260211,flash_cxl_ratio,ret_next,-0.01184947707336723
20260211,flash_cxl_ratio,ret_skip,-0.013753778924256117
20260211,flash_cxl_imb,ret_next,0.010210628188204283
20260211,flash_cxl_imb,ret_skip,-0.000725589746434612
20260211,mean_size,ret_next,0.005709976086487339
20260211,mean_size,ret_skip,0.0031334220998092137
20260211,n_ord,ret_next,-0.021055418437248702
20260211,n_ord,ret_skip,-0.022128867470581827
20260211,ord_imb_cnt,ret_next,0.009790983911198927
20260211,ord_imb_cnt,ret_skip,0.0024201817268213644
20260211,ord_imb_vol,ret_next,0.012763688076014348
20260211,ord_imb_vol,ret_skip,-0.00662431499061295
20260211,cxl_ratio,ret_next,-0.007674126963088966
20260211,cxl_ratio,ret_skip,-0.0031393368159609997
20260211,large_share,ret_next,0.0014421694871079539
20260211,large_share,ret_skip,-0.00331372957422931
20260212,trd_imb,ret_next,-0.050698278872198195
20260212,trd_imb,ret_skip,-0.009735342867798358
20260212,eat_age_imb,ret_next,-0.05729365699685785
20260212,eat_age_imb,ret_skip,-0.024806420587591502
20260212,eat_age_med,ret_next,0.0053944428033480245
20260212,eat_age_med,ret_skip,0.006361031537960865
20260212,old_eat_imb,ret_next,-0.06429105088617658
20260212,old_eat_imb,ret_skip,-0.017125743747530474
20260212,cxl_life_med,ret_next,0.005877095235402164
20260212,cxl_life_med,ret_skip,0.004786851447442788
20260212,flash_cxl_ratio,ret_next,-0.00848631635082428
20260212,flash_cxl_ratio,ret_skip,-0.00866674254895159
20260212,flash_cxl_imb,ret_next,0.006921713478165435
20260212,flash_cxl_imb,ret_skip,0.00041433426969785024
20260212,mean_size,ret_next,0.001847370620749019
20260212,mean_size,ret_skip,-0.0008551992723242793
20260212,n_ord,ret_next,-0.007628868328623779
20260212,n_ord,ret_skip,-0.008528364991206142
20260212,ord_imb_cnt,ret_next,0.006690692116306227
20260212,ord_imb_cnt,ret_skip,0.005516370251447954
20260212,ord_imb_vol,ret_next,0.013276626294471051
20260212,ord_imb_vol,ret_skip,-0.0032799359503639103
20260212,cxl_ratio,ret_next,-0.0068732425229109
20260212,cxl_ratio,ret_skip,-0.0021107181044604907
20260212,large_share,ret_next,0.004239684943885262
20260212,large_share,ret_skip,-0.0022765127787307904
20260213,trd_imb,ret_next,-0.05671767724677594
20260213,trd_imb,ret_skip,-0.013729797260413183
20260213,eat_age_imb,ret_next,-0.06042657512472164
20260213,eat_age_imb,ret_skip,-0.023259534638286932
20260213,eat_age_med,ret_next,0.017028789228928098
20260213,eat_age_med,ret_skip,0.01642341264104532
20260213,old_eat_imb,ret_next,-0.07217048602303555
20260213,old_eat_imb,ret_skip,-0.020481212754730284
20260213,cxl_life_med,ret_next,0.009679058090570016
20260213,cxl_life_med,ret_skip,0.010509367944994146
20260213,flash_cxl_ratio,ret_next,-0.00975541107840738
20260213,flash_cxl_ratio,ret_skip,-0.012226206922466927
20260213,flash_cxl_imb,ret_next,0.010983305761836527
20260213,flash_cxl_imb,ret_skip,-0.0006854158918959699
20260213,mean_size,ret_next,0.005324820956868663
20260213,mean_size,ret_skip,0.001796657969098724
20260213,n_ord,ret_next,-0.017787533760907116
20260213,n_ord,ret_skip,-0.020949245738457373
20260213,ord_imb_cnt,ret_next,0.008917014871839306
20260213,ord_imb_cnt,ret_skip,0.0036954919321569414
20260213,ord_imb_vol,ret_next,0.012299812963397551
20260213,ord_imb_vol,ret_skip,-0.004603615801710353
20260213,cxl_ratio,ret_next,-0.00024906699443313386
20260213,cxl_ratio,ret_skip,0.0005795953789918358
20260213,large_share,ret_next,0.004061370679474651
20260213,large_share,ret_skip,-0.0034781546685736155
20260224,trd_imb,ret_next,-0.04926724448743367
20260224,trd_imb,ret_skip,-0.012331399196065875
20260224,eat_age_imb,ret_next,-0.04874215120407551
20260224,eat_age_imb,ret_skip,-0.02069220124668419
20260224,eat_age_med,ret_next,0.016659832507751562
20260224,eat_age_med,ret_skip,0.016242644651777417
20260224,old_eat_imb,ret_next,-0.06248267362406137
20260224,old_eat_imb,ret_skip,-0.016443371638145337
20260224,cxl_life_med,ret_next,0.011660555100479917
20260224,cxl_life_med,ret_skip,0.012103517611977534
20260224,flash_cxl_ratio,ret_next,-0.010295251644316845
20260224,flash_cxl_ratio,ret_skip,-0.01295773233340184
20260224,flash_cxl_imb,ret_next,0.009201483027754958
20260224,flash_cxl_imb,ret_skip,0.0009237300522014619
20260224,mean_size,ret_next,0.007601599080283861
20260224,mean_size,ret_skip,0.0038195016078835186
20260224,n_ord,ret_next,-0.01562099491638094
20260224,n_ord,ret_skip,-0.018075269857672095
20260224,ord_imb_cnt,ret_next,0.0086984127190636
20260224,ord_imb_cnt,ret_skip,0.002796235521378903
20260224,ord_imb_vol,ret_next,0.014111853688878979
20260224,ord_imb_vol,ret_skip,-0.004956594669395453
20260224,cxl_ratio,ret_next,-0.00856707018334275
20260224,cxl_ratio,ret_skip,-0.0029988699602677923
20260224,large_share,ret_next,0.003912267125442234
20260224,large_share,ret_skip,-0.004366984906725158
20260225,trd_imb,ret_next,-0.04527035172552933
20260225,trd_imb,ret_skip,-0.011609184126946311
20260225,eat_age_imb,ret_next,-0.044454327308564905
20260225,eat_age_imb,ret_skip,-0.023179168638002227
20260225,eat_age_med,ret_next,0.00850834579242405
20260225,eat_age_med,ret_skip,0.007122450694005663
20260225,old_eat_imb,ret_next,-0.056662882889358814
20260225,old_eat_imb,ret_skip,-0.01807413973895004
20260225,cxl_life_med,ret_next,0.008417081060398918
20260225,cxl_life_med,ret_skip,0.008009849750646742
20260225,flash_cxl_ratio,ret_next,-0.0048212760551483245
20260225,flash_cxl_ratio,ret_skip,-0.0029304262475643547
20260225,flash_cxl_imb,ret_next,0.013270768391376359
20260225,flash_cxl_imb,ret_skip,-0.002582129315246123
20260225,mean_size,ret_next,0.007756497623993036
20260225,mean_size,ret_skip,0.004934652861092012
20260225,n_ord,ret_next,-0.0029992717688963277
20260225,n_ord,ret_skip,-0.004885832084384138
20260225,ord_imb_cnt,ret_next,0.014204862694325708
20260225,ord_imb_cnt,ret_skip,0.003099049593622752
20260225,ord_imb_vol,ret_next,0.018029958292167716
20260225,ord_imb_vol,ret_skip,-0.005322133789828253
20260225,cxl_ratio,ret_next,-0.006899478559996807
20260225,cxl_ratio,ret_skip,-0.0031893878442948143
20260225,large_share,ret_next,0.007965587584241747
20260225,large_share,ret_skip,0.000739596371621476
20260226,trd_imb,ret_next,-0.04010748585202199
20260226,trd_imb,ret_skip,-0.01143603792843621
20260226,eat_age_imb,ret_next,-0.045083207557094704
20260226,eat_age_imb,ret_skip,-0.024799090859170366
20260226,eat_age_med,ret_next,0.008840186475417742
20260226,eat_age_med,ret_skip,0.007202154447942513
20260226,old_eat_imb,ret_next,-0.05338315769903777
20260226,old_eat_imb,ret_skip,-0.015964215363132583
20260226,cxl_life_med,ret_next,0.0021811960367805455
20260226,cxl_life_med,ret_skip,0.004780342104648778
20260226,flash_cxl_ratio,ret_next,-0.008021139431692177
20260226,flash_cxl_ratio,ret_skip,-0.00896426542601991
20260226,flash_cxl_imb,ret_next,0.01730437315797892
20260226,flash_cxl_imb,ret_skip,0.001703430566327741
20260226,mean_size,ret_next,0.0004270758881281324
20260226,mean_size,ret_skip,-0.0032585054209572158
20260226,n_ord,ret_next,-0.011541916043900237
20260226,n_ord,ret_skip,-0.012751322960759898
20260226,ord_imb_cnt,ret_next,0.020228281668380522
20260226,ord_imb_cnt,ret_skip,0.005143484855858572
20260226,ord_imb_vol,ret_next,0.025314414631129382
20260226,ord_imb_vol,ret_skip,-0.003095667961341741
20260226,cxl_ratio,ret_next,-0.004777058379273852
20260226,cxl_ratio,ret_skip,-0.004074588300645452
20260226,large_share,ret_next,0.004035779185588539
20260226,large_share,ret_skip,-0.003871394185271082
20260227,trd_imb,ret_next,-0.04099172260059444
20260227,trd_imb,ret_skip,-0.009054899037340186
20260227,eat_age_imb,ret_next,-0.03954529243444925
20260227,eat_age_imb,ret_skip,-0.016801778291622084
20260227,eat_age_med,ret_next,0.00828615936951125
20260227,eat_age_med,ret_skip,0.01108650429115963
20260227,old_eat_imb,ret_next,-0.052410274078484594
20260227,old_eat_imb,ret_skip,-0.01289021887456608
20260227,cxl_life_med,ret_next,0.009182455741667137
20260227,cxl_life_med,ret_skip,0.008815124890821022
20260227,flash_cxl_ratio,ret_next,-0.01066256645379615
20260227,flash_cxl_ratio,ret_skip,-0.01028343052900064
20260227,flash_cxl_imb,ret_next,0.02247943089981357
20260227,flash_cxl_imb,ret_skip,0.005753927098291031
20260227,mean_size,ret_next,0.00524244365988375
20260227,mean_size,ret_skip,0.0025248289565960326
20260227,n_ord,ret_next,-0.012331338955819957
20260227,n_ord,ret_skip,-0.013662790944785126
20260227,ord_imb_cnt,ret_next,0.0252424168765483
20260227,ord_imb_cnt,ret_skip,0.013055167288091552
20260227,ord_imb_vol,ret_next,0.027864219664920496
20260227,ord_imb_vol,ret_skip,0.0019468483349974607
20260227,cxl_ratio,ret_next,-0.00894361420187578
20260227,cxl_ratio,ret_skip,-0.0053378139745083415
20260227,large_share,ret_next,0.003605564494775963
20260227,large_share,ret_skip,-0.004431295149989452
20260302,trd_imb,ret_next,-0.03053753474881678
20260302,trd_imb,ret_skip,-0.00865268529535106
20260302,eat_age_imb,ret_next,-0.047038097033770966
20260302,eat_age_imb,ret_skip,-0.02237943452558571
20260302,eat_age_med,ret_next,0.012648252907732018
20260302,eat_age_med,ret_skip,0.011992997861818061
20260302,old_eat_imb,ret_next,-0.047675824728140075
20260302,old_eat_imb,ret_skip,-0.01536953268769654
20260302,cxl_life_med,ret_next,0.009228301697574702
20260302,cxl_life_med,ret_skip,0.01316230039546791
20260302,flash_cxl_ratio,ret_next,-0.001759051085835892
20260302,flash_cxl_ratio,ret_skip,-0.005296727545697416
20260302,flash_cxl_imb,ret_next,0.015220967317275761
20260302,flash_cxl_imb,ret_skip,-0.0019749315606167168
20260302,mean_size,ret_next,0.01451641125585081
20260302,mean_size,ret_skip,0.009304009398316614
20260302,n_ord,ret_next,0.0016426871387121322
20260302,n_ord,ret_skip,-0.0016965098386686637
20260302,ord_imb_cnt,ret_next,0.020384401767730608
20260302,ord_imb_cnt,ret_skip,0.003066384174364513
20260302,ord_imb_vol,ret_next,0.01987604611511608
20260302,ord_imb_vol,ret_skip,-0.0031383223046532053
20260302,cxl_ratio,ret_next,-0.005039264834575963
20260302,cxl_ratio,ret_skip,-0.009835401578436813
20260302,large_share,ret_next,0.010375915446868838
20260302,large_share,ret_skip,0.0006692609438030397
20260303,trd_imb,ret_next,-0.020563477332400323
20260303,trd_imb,ret_skip,-0.0089356227545086
20260303,eat_age_imb,ret_next,-0.04772732144386134
20260303,eat_age_imb,ret_skip,-0.020924589438854477
20260303,eat_age_med,ret_next,0.018172490291030356
20260303,eat_age_med,ret_skip,0.02426861366388529
20260303,old_eat_imb,ret_next,-0.0440455201852807
20260303,old_eat_imb,ret_skip,-0.015080283442550352
20260303,cxl_life_med,ret_next,0.013112282556712653
20260303,cxl_life_med,ret_skip,0.01188062264784295
20260303,flash_cxl_ratio,ret_next,-0.004885716420215317
20260303,flash_cxl_ratio,ret_skip,-0.005316685700077403
20260303,flash_cxl_imb,ret_next,0.024896518201855903
20260303,flash_cxl_imb,ret_skip,0.007446725898987308
20260303,mean_size,ret_next,0.016687583689737533
20260303,mean_size,ret_skip,0.013959862502614875
20260303,n_ord,ret_next,-0.013266467290986577
20260303,n_ord,ret_skip,-0.01499857237564608
20260303,ord_imb_cnt,ret_next,0.02616217702438153
20260303,ord_imb_cnt,ret_skip,0.006039018536787101
20260303,ord_imb_vol,ret_next,0.023860959036224864
20260303,ord_imb_vol,ret_skip,-0.0025478089513887745
20260303,cxl_ratio,ret_next,0.0009883117297983099
20260303,cxl_ratio,ret_skip,0.0010850070128185828
20260303,large_share,ret_next,0.008671951060100679
20260303,large_share,ret_skip,0.003428961031704772
20260304,trd_imb,ret_next,-0.02935626349818257
20260304,trd_imb,ret_skip,-0.003320291170719377
20260304,eat_age_imb,ret_next,-0.05103551706331491
20260304,eat_age_imb,ret_skip,-0.021432189068704505
20260304,eat_age_med,ret_next,0.006412260773588114
20260304,eat_age_med,ret_skip,0.009576336828782618
20260304,old_eat_imb,ret_next,-0.04623357658714937
20260304,old_eat_imb,ret_skip,-0.006952778696528679
20260304,cxl_life_med,ret_next,0.0064828191991772085
20260304,cxl_life_med,ret_skip,0.00562686111156649
20260304,flash_cxl_ratio,ret_next,-0.0031718185046879606
20260304,flash_cxl_ratio,ret_skip,-0.003511380681797821
20260304,flash_cxl_imb,ret_next,0.02503119833458137
20260304,flash_cxl_imb,ret_skip,0.00595345509462646
20260304,mean_size,ret_next,0.007354735697775262
20260304,mean_size,ret_skip,0.004059413521986793
20260304,n_ord,ret_next,-0.006733694709128251
20260304,n_ord,ret_skip,-0.00934418003202459
20260304,ord_imb_cnt,ret_next,0.03243536194279006
20260304,ord_imb_cnt,ret_skip,0.01235206387035613
20260304,ord_imb_vol,ret_next,0.028297861150600404
20260304,ord_imb_vol,ret_skip,0.0029733072509398996
20260304,cxl_ratio,ret_next,-0.003911648843549552
20260304,cxl_ratio,ret_skip,-0.0017845735160853915
20260304,large_share,ret_next,0.006482781984687364
20260304,large_share,ret_skip,-0.0016594154145653827
20260305,trd_imb,ret_next,-0.03858443813321877
20260305,trd_imb,ret_skip,-0.0062501959350102585
20260305,eat_age_imb,ret_next,-0.04362246135907827
20260305,eat_age_imb,ret_skip,-0.016970425965452157
20260305,eat_age_med,ret_next,0.013753947670871796
20260305,eat_age_med,ret_skip,0.01399289635706347
20260305,old_eat_imb,ret_next,-0.05284685897556812
20260305,old_eat_imb,ret_skip,-0.008120205183660016
20260305,cxl_life_med,ret_next,0.011012256317372637
20260305,cxl_life_med,ret_skip,0.009373101363520757
20260305,flash_cxl_ratio,ret_next,-0.007788211186544895
20260305,flash_cxl_ratio,ret_skip,-0.008757739423368532
20260305,flash_cxl_imb,ret_next,0.0209871893607666
20260305,flash_cxl_imb,ret_skip,0.0086687970026169
20260305,mean_size,ret_next,0.00949145119472376
20260305,mean_size,ret_skip,0.00560227899831061
20260305,n_ord,ret_next,-0.010508733490713922
20260305,n_ord,ret_skip,-0.010010397651932146
20260305,ord_imb_cnt,ret_next,0.025159622753049345
20260305,ord_imb_cnt,ret_skip,0.013984275257801958
20260305,ord_imb_vol,ret_next,0.023061654455303397
20260305,ord_imb_vol,ret_skip,0.004590542304660151
20260305,cxl_ratio,ret_next,-0.005843447190629067
20260305,cxl_ratio,ret_skip,-0.0047289289528332805
20260305,large_share,ret_next,0.0037648533945674315
20260305,large_share,ret_skip,-0.002550938110763861
20260306,trd_imb,ret_next,-0.04208275290125001
20260306,trd_imb,ret_skip,-0.008749426598339608
20260306,eat_age_imb,ret_next,-0.04558100024604301
20260306,eat_age_imb,ret_skip,-0.01640455422505782
20260306,eat_age_med,ret_next,0.014929628330766501
20260306,eat_age_med,ret_skip,0.017463751957861266
20260306,old_eat_imb,ret_next,-0.053732510053269976
20260306,old_eat_imb,ret_skip,-0.011911419036921151
20260306,cxl_life_med,ret_next,0.004330990239446532
20260306,cxl_life_med,ret_skip,0.006938847030797503
20260306,flash_cxl_ratio,ret_next,-0.008172565873010573
20260306,flash_cxl_ratio,ret_skip,-0.01225663938122593
20260306,flash_cxl_imb,ret_next,0.019581866567543835
20260306,flash_cxl_imb,ret_skip,0.00753391330069819
20260306,mean_size,ret_next,0.003460687904258769
20260306,mean_size,ret_skip,0.0026688059678162627
20260306,n_ord,ret_next,-0.018882973646919002
20260306,n_ord,ret_skip,-0.02114615461593845
20260306,ord_imb_cnt,ret_next,0.01888244485687638
20260306,ord_imb_cnt,ret_skip,0.010507354885389219
20260306,ord_imb_vol,ret_next,0.01890495075468554
20260306,ord_imb_vol,ret_skip,0.00016879253895665444
20260306,cxl_ratio,ret_next,-0.006466918973563496
20260306,cxl_ratio,ret_skip,-0.0004585575717568237
20260306,large_share,ret_next,0.0005093413799418392
20260306,large_share,ret_skip,-0.004711610454195626
20260309,trd_imb,ret_next,-0.03807735932895999
20260309,trd_imb,ret_skip,-0.004300664632920949
20260309,eat_age_imb,ret_next,-0.04903101580679641
20260309,eat_age_imb,ret_skip,-0.01644763939217911
20260309,eat_age_med,ret_next,0.004565236636273292
20260309,eat_age_med,ret_skip,0.001351335806750769
20260309,old_eat_imb,ret_next,-0.05222346451519906
20260309,old_eat_imb,ret_skip,-0.004706323170854939
20260309,cxl_life_med,ret_next,-0.0013815213411049287
20260309,cxl_life_med,ret_skip,0.0018199350080821376
20260309,flash_cxl_ratio,ret_next,-0.000980642145136564
20260309,flash_cxl_ratio,ret_skip,-0.004680732683640441
20260309,flash_cxl_imb,ret_next,0.01907234852211081
20260309,flash_cxl_imb,ret_skip,0.011684819444260433
20260309,mean_size,ret_next,-0.0036935087790689373
20260309,mean_size,ret_skip,-0.005570839234675204
20260309,n_ord,ret_next,-0.002529536686344707
20260309,n_ord,ret_skip,-0.005446997181691054
20260309,ord_imb_cnt,ret_next,0.017359352983355125
20260309,ord_imb_cnt,ret_skip,0.017985646542908455
20260309,ord_imb_vol,ret_next,0.01590245765312267
20260309,ord_imb_vol,ret_skip,0.007392350539000897
20260309,cxl_ratio,ret_next,-0.001413437209351791
20260309,cxl_ratio,ret_skip,-0.003794045878699161
20260309,large_share,ret_next,0.0023424700313220853
20260309,large_share,ret_skip,-0.004131044695936488
20260310,trd_imb,ret_next,-0.04461549676006207
20260310,trd_imb,ret_skip,-0.0064309799732951665
20260310,eat_age_imb,ret_next,-0.04038268847611982
20260310,eat_age_imb,ret_skip,-0.01848700261921293
20260310,eat_age_med,ret_next,0.009837245770732106
20260310,eat_age_med,ret_skip,0.013986003130302503
20260310,old_eat_imb,ret_next,-0.052059875042001574
20260310,old_eat_imb,ret_skip,-0.010638538631942291
20260310,cxl_life_med,ret_next,0.0035298302027828355
20260310,cxl_life_med,ret_skip,0.002543031142092125
20260310,flash_cxl_ratio,ret_next,-0.012285948289024321
20260310,flash_cxl_ratio,ret_skip,-0.01153903216096449
20260310,flash_cxl_imb,ret_next,0.01363196498238535
20260310,flash_cxl_imb,ret_skip,0.007579779244821412
20260310,mean_size,ret_next,-0.00799450321814971
20260310,mean_size,ret_skip,-0.010356468687174838
20260310,n_ord,ret_next,-0.021537328171688783
20260310,n_ord,ret_skip,-0.024697890241289523
20260310,ord_imb_cnt,ret_next,0.01826726739475643
20260310,ord_imb_cnt,ret_skip,0.013091185205279495
20260310,ord_imb_vol,ret_next,0.01930105378470681
20260310,ord_imb_vol,ret_skip,0.0020793856398830415
20260310,cxl_ratio,ret_next,-0.007002107694266146
20260310,cxl_ratio,ret_skip,0.0019119235502885505
20260310,large_share,ret_next,-0.004215607376360104
20260310,large_share,ret_skip,-0.00797454445640966
20260311,trd_imb,ret_next,-0.03792804850013483
20260311,trd_imb,ret_skip,-0.01320689327833411
20260311,eat_age_imb,ret_next,-0.04338873556526985
20260311,eat_age_imb,ret_skip,-0.025895477864187427
20260311,eat_age_med,ret_next,0.016456936893719017
20260311,eat_age_med,ret_skip,0.018880990438806578
20260311,old_eat_imb,ret_next,-0.05036130024536521
20260311,old_eat_imb,ret_skip,-0.019248863548575117
20260311,cxl_life_med,ret_next,0.008111937570117472
20260311,cxl_life_med,ret_skip,0.011278330710737947
20260311,flash_cxl_ratio,ret_next,-0.006325134978140123
20260311,flash_cxl_ratio,ret_skip,-0.008421336700667557
20260311,flash_cxl_imb,ret_next,0.027402116911663398
20260311,flash_cxl_imb,ret_skip,0.000771439637794384
20260311,mean_size,ret_next,0.016813746540446057
20260311,mean_size,ret_skip,0.014633177708361495
20260311,n_ord,ret_next,-0.00631385483283183
20260311,n_ord,ret_skip,-0.00729111410136698
20260311,ord_imb_cnt,ret_next,0.03143609112802124
20260311,ord_imb_cnt,ret_skip,0.007821521732676568
20260311,ord_imb_vol,ret_next,0.03050998667958143
20260311,ord_imb_vol,ret_skip,-0.0033018408599236135
20260311,cxl_ratio,ret_next,-0.0032669008283112994
20260311,cxl_ratio,ret_skip,-0.006224538493420412
20260311,large_share,ret_next,0.01128024840839081
20260311,large_share,ret_skip,0.005091646650353777
20260312,trd_imb,ret_next,-0.048079538086041484
20260312,trd_imb,ret_skip,-0.011102575937080458
20260312,eat_age_imb,ret_next,-0.0555106183672363
20260312,eat_age_imb,ret_skip,-0.022185098495510036
20260312,eat_age_med,ret_next,0.01566323011453263
20260312,eat_age_med,ret_skip,0.015131025542138406
20260312,old_eat_imb,ret_next,-0.06249833023019116
20260312,old_eat_imb,ret_skip,-0.014948540766397038
20260312,cxl_life_med,ret_next,0.014022822274853573
20260312,cxl_life_med,ret_skip,0.01105587662038008
20260312,flash_cxl_ratio,ret_next,-0.007238659148892045
20260312,flash_cxl_ratio,ret_skip,-0.004575493920490426
20260312,flash_cxl_imb,ret_next,0.017348644308352118
20260312,flash_cxl_imb,ret_skip,0.003799376779396176
20260312,mean_size,ret_next,0.016436338492038197
20260312,mean_size,ret_skip,0.012609110524674453
20260312,n_ord,ret_next,-0.007488277142443194
20260312,n_ord,ret_skip,-0.0059397244120028255
20260312,ord_imb_cnt,ret_next,0.018275009326816936
20260312,ord_imb_cnt,ret_skip,0.013392790386593873
20260312,ord_imb_vol,ret_next,0.016872026216756045
20260312,ord_imb_vol,ret_skip,0.001754416770163489
20260312,cxl_ratio,ret_next,-0.007483196363884031
20260312,cxl_ratio,ret_skip,-0.006553625815868613
20260312,large_share,ret_next,0.011889317225360137
20260312,large_share,ret_skip,0.0035286391256059988
20260313,trd_imb,ret_next,-0.04446608730636883
20260313,trd_imb,ret_skip,-0.002118523487057
20260313,eat_age_imb,ret_next,-0.04934353371512599
20260313,eat_age_imb,ret_skip,-0.015367352226869786
20260313,eat_age_med,ret_next,0.021822935895685947
20260313,eat_age_med,ret_skip,0.021613531633973122
20260313,old_eat_imb,ret_next,-0.06048087092963065
20260313,old_eat_imb,ret_skip,-0.0059182217535978625
20260313,cxl_life_med,ret_next,0.00863011316083726
20260313,cxl_life_med,ret_skip,0.010373218951088618
20260313,flash_cxl_ratio,ret_next,-0.008910001410620346
20260313,flash_cxl_ratio,ret_skip,-0.008704348425571497
20260313,flash_cxl_imb,ret_next,0.014420081332216925
20260313,flash_cxl_imb,ret_skip,0.011050499151883388
20260313,mean_size,ret_next,0.010332548807304238
20260313,mean_size,ret_skip,0.006804567203903568
20260313,n_ord,ret_next,-0.019882767541860497
20260313,n_ord,ret_skip,-0.02052038235686646
20260313,ord_imb_cnt,ret_next,0.020088779063649236
20260313,ord_imb_cnt,ret_skip,0.019760859156307316
20260313,ord_imb_vol,ret_next,0.017564917403064984
20260313,ord_imb_vol,ret_skip,0.007388900977397315
20260313,cxl_ratio,ret_next,0.0009175516568131843
20260313,cxl_ratio,ret_skip,0.0014354959015377934
20260313,large_share,ret_next,0.00844301878584734
20260313,large_share,ret_skip,-0.0002809229977330784
20260316,trd_imb,ret_next,-0.04044368996855868
20260316,trd_imb,ret_skip,-0.004546328823306026
20260316,eat_age_imb,ret_next,-0.04945090241352724
20260316,eat_age_imb,ret_skip,-0.01740088489884634
20260316,eat_age_med,ret_next,0.0072215357117127186
20260316,eat_age_med,ret_skip,0.007953225808508614
20260316,old_eat_imb,ret_next,-0.057643898189264756
20260316,old_eat_imb,ret_skip,-0.007559133302994407
20260316,cxl_life_med,ret_next,0.004316666024003201
20260316,cxl_life_med,ret_skip,0.003811120590607237
20260316,flash_cxl_ratio,ret_next,-0.005681039253948952
20260316,flash_cxl_ratio,ret_skip,-0.005452805867583478
20260316,flash_cxl_imb,ret_next,0.015395325683426086
20260316,flash_cxl_imb,ret_skip,0.007111959469647381
20260316,mean_size,ret_next,-0.0027467359239588176
20260316,mean_size,ret_skip,-0.005219491374033721
20260316,n_ord,ret_next,-0.012753503057678358
20260316,n_ord,ret_skip,-0.012970873152286724
20260316,ord_imb_cnt,ret_next,0.017711211237702515
20260316,ord_imb_cnt,ret_skip,0.010801192295533632
20260316,ord_imb_vol,ret_next,0.015983676929206627
20260316,ord_imb_vol,ret_skip,0.002558787251049507
20260316,cxl_ratio,ret_next,-0.0020019005271708222
20260316,cxl_ratio,ret_skip,0.002465614614699422
20260316,large_share,ret_next,0.0024255884770465353
20260316,large_share,ret_skip,-0.005464811813664137
20260317,trd_imb,ret_next,-0.04721038841022346
20260317,trd_imb,ret_skip,-0.007678091637315845
20260317,eat_age_imb,ret_next,-0.06441612560771343
20260317,eat_age_imb,ret_skip,-0.02160634580069739
20260317,eat_age_med,ret_next,0.026497681677525472
20260317,eat_age_med,ret_skip,0.023637891189949505
20260317,old_eat_imb,ret_next,-0.0682147625289621
20260317,old_eat_imb,ret_skip,-0.01134927476196887
20260317,cxl_life_med,ret_next,0.018208208164853166
20260317,cxl_life_med,ret_skip,0.01905934136716326
20260317,flash_cxl_ratio,ret_next,-0.007130420969046327
20260317,flash_cxl_ratio,ret_skip,-0.009751876010190322
20260317,flash_cxl_imb,ret_next,0.015572217208153983
20260317,flash_cxl_imb,ret_skip,0.008356464872641592
20260317,mean_size,ret_next,0.019275656450980477
20260317,mean_size,ret_skip,0.015095587246633655
20260317,n_ord,ret_next,-0.014466178340798792
20260317,n_ord,ret_skip,-0.01762135940602142
20260317,ord_imb_cnt,ret_next,0.015767342503040658
20260317,ord_imb_cnt,ret_skip,0.008501740808882682
20260317,ord_imb_vol,ret_next,0.01090563005290232
20260317,ord_imb_vol,ret_skip,-0.00017292942318413224
20260317,cxl_ratio,ret_next,0.0014558982450533586
20260317,cxl_ratio,ret_skip,0.0009464524384076573
20260317,large_share,ret_next,0.013431346871931725
20260317,large_share,ret_skip,0.005573056149788369
20260318,trd_imb,ret_next,-0.049540643150410194
20260318,trd_imb,ret_skip,-0.010381559848838342
20260318,eat_age_imb,ret_next,-0.06294924548853435
20260318,eat_age_imb,ret_skip,-0.024854429634229583
20260318,eat_age_med,ret_next,0.0026056143199771676
20260318,eat_age_med,ret_skip,0.005683290143325646
20260318,old_eat_imb,ret_next,-0.06727367180936104
20260318,old_eat_imb,ret_skip,-0.015383584643945201
20260318,cxl_life_med,ret_next,0.0011306807716430238
20260318,cxl_life_med,ret_skip,0.0013144270930763007
20260318,flash_cxl_ratio,ret_next,-0.007584996662668755
20260318,flash_cxl_ratio,ret_skip,-0.0065596704286509325
20260318,flash_cxl_imb,ret_next,0.012211276706598774
20260318,flash_cxl_imb,ret_skip,0.001905289331413399
20260318,mean_size,ret_next,-0.004635455208517546
20260318,mean_size,ret_skip,-0.006233902760412936
20260318,n_ord,ret_next,-0.01582324075338584
20260318,n_ord,ret_skip,-0.015115270182173787
20260318,ord_imb_cnt,ret_next,0.014212045028864485
20260318,ord_imb_cnt,ret_skip,0.003799606035832563
20260318,ord_imb_vol,ret_next,0.014248780179210753
20260318,ord_imb_vol,ret_skip,-0.0054178254270524405
20260318,cxl_ratio,ret_next,-0.00434519673584889
20260318,cxl_ratio,ret_skip,0.0025555470052931978
20260318,large_share,ret_next,0.001079406499884038
20260318,large_share,ret_skip,-0.0040698053666571015
20260319,trd_imb,ret_next,-0.0543709664163266
20260319,trd_imb,ret_skip,-0.01567571656151261
20260319,eat_age_imb,ret_next,-0.072846171600208
20260319,eat_age_imb,ret_skip,-0.030314675044445342
20260319,eat_age_med,ret_next,0.016176257921215634
20260319,eat_age_med,ret_skip,0.013131476831718508
20260319,old_eat_imb,ret_next,-0.07190257029888453
20260319,old_eat_imb,ret_skip,-0.022568215307500878
20260319,cxl_life_med,ret_next,0.008256224494271307
20260319,cxl_life_med,ret_skip,0.008181607397255432
20260319,flash_cxl_ratio,ret_next,-0.002060708921101706
20260319,flash_cxl_ratio,ret_skip,-0.0031223873834218385
20260319,flash_cxl_imb,ret_next,0.012587100970996617
20260319,flash_cxl_imb,ret_skip,-0.0011723063769598814
20260319,mean_size,ret_next,0.013662107117780022
20260319,mean_size,ret_skip,0.007962728403247599
20260319,n_ord,ret_next,-0.002252827945304078
20260319,n_ord,ret_skip,-0.0034157231463202596
20260319,ord_imb_cnt,ret_next,0.01371530491967353
20260319,ord_imb_cnt,ret_skip,-0.002022542034591746
20260319,ord_imb_vol,ret_next,0.008608511036984307
20260319,ord_imb_vol,ret_skip,-0.009749250877421707
20260319,cxl_ratio,ret_next,-0.0025245232315960473
20260319,cxl_ratio,ret_skip,-0.0036879265637061475
20260319,large_share,ret_next,0.01542884944417136
20260319,large_share,ret_skip,0.004953694376542778
20260320,trd_imb,ret_next,-0.0407416030322289
20260320,trd_imb,ret_skip,-0.014311542098881547
20260320,eat_age_imb,ret_next,-0.07055859281533536
20260320,eat_age_imb,ret_skip,-0.02854584045068271
20260320,eat_age_med,ret_next,0.014506761507418767
20260320,eat_age_med,ret_skip,0.017105833091612167
20260320,old_eat_imb,ret_next,-0.06597283060941812
20260320,old_eat_imb,ret_skip,-0.022142327090092184
20260320,cxl_life_med,ret_next,0.01283197725596622
20260320,cxl_life_med,ret_skip,0.013738414666628632
20260320,flash_cxl_ratio,ret_next,-0.004704504769773079
20260320,flash_cxl_ratio,ret_skip,-0.006575734660784307
20260320,flash_cxl_imb,ret_next,0.013989069970458212
20260320,flash_cxl_imb,ret_skip,0.0027857767345069364
20260320,mean_size,ret_next,0.015586809417678949
20260320,mean_size,ret_skip,0.01183066740515203
20260320,n_ord,ret_next,-0.009276389364305242
20260320,n_ord,ret_skip,-0.00811172477919667
20260320,ord_imb_cnt,ret_next,0.011868713461525168
20260320,ord_imb_cnt,ret_skip,-0.0024026181434253155
20260320,ord_imb_vol,ret_next,0.010046388294024806
20260320,ord_imb_vol,ret_skip,-0.009596864585061123
20260320,cxl_ratio,ret_next,-0.0017358103950268547
20260320,cxl_ratio,ret_skip,-0.0043021094622360204
20260320,large_share,ret_next,0.011370328202910111
20260320,large_share,ret_skip,0.004135928151952891
20260323,trd_imb,ret_next,-0.019175472855023686
20260323,trd_imb,ret_skip,-0.013644570110619137
20260323,eat_age_imb,ret_next,-0.08199035661672481
20260323,eat_age_imb,ret_skip,-0.03172529371782238
20260323,eat_age_med,ret_next,0.014528567700396145
20260323,eat_age_med,ret_skip,0.012911786314957922
20260323,old_eat_imb,ret_next,-0.04769876441804165
20260323,old_eat_imb,ret_skip,-0.025951832424922917
20260323,cxl_life_med,ret_next,0.015299681777553238
20260323,cxl_life_med,ret_skip,0.011532349445662013
20260323,flash_cxl_ratio,ret_next,-0.0033743131387943283
20260323,flash_cxl_ratio,ret_skip,-0.00014714899446168178
20260323,flash_cxl_imb,ret_next,0.024878284689091677
20260323,flash_cxl_imb,ret_skip,-0.0031632618407092506
20260323,mean_size,ret_next,0.020379936198028463
20260323,mean_size,ret_skip,0.017300784033068107
20260323,n_ord,ret_next,0.0052001277991397
20260323,n_ord,ret_skip,0.0029348837480676574
20260323,ord_imb_cnt,ret_next,0.021547169241427837
20260323,ord_imb_cnt,ret_skip,-0.007494101771423249
20260323,ord_imb_vol,ret_next,0.006423102630603456
20260323,ord_imb_vol,ret_skip,-0.016375374089599007
20260323,cxl_ratio,ret_next,-0.007917665116308306
20260323,cxl_ratio,ret_skip,-0.0064626921503332276
20260323,large_share,ret_next,0.016172450869636642
20260323,large_share,ret_skip,0.008948439323569157
20260324,trd_imb,ret_next,-0.03962429931757468
20260324,trd_imb,ret_skip,-0.00554254126781178
20260324,eat_age_imb,ret_next,-0.06477872424887503
20260324,eat_age_imb,ret_skip,-0.016274769620653298
20260324,eat_age_med,ret_next,0.0028811175807152926
20260324,eat_age_med,ret_skip,-0.00012157514145347521
20260324,old_eat_imb,ret_next,-0.06063413453190965
20260324,old_eat_imb,ret_skip,-0.007416756127314096
20260324,cxl_life_med,ret_next,-0.00018987232274392016
20260324,cxl_life_med,ret_skip,-0.002664477475653049
20260324,flash_cxl_ratio,ret_next,-0.00024514355199128343
20260324,flash_cxl_ratio,ret_skip,-0.0013508583912774307
20260324,flash_cxl_imb,ret_next,0.007391386859928315
20260324,flash_cxl_imb,ret_skip,0.0014401939888663508
20260324,mean_size,ret_next,-0.0025507688329494196
20260324,mean_size,ret_skip,-0.0026339519020620963
20260324,n_ord,ret_next,-0.005238867862860288
20260324,n_ord,ret_skip,-0.004365994704670529
20260324,ord_imb_cnt,ret_next,0.005059703716368433
20260324,ord_imb_cnt,ret_skip,0.004704488573467519
20260324,ord_imb_vol,ret_next,0.0012954787355241265
20260324,ord_imb_vol,ret_skip,-0.0025699462573484724
20260324,cxl_ratio,ret_next,-0.010279629618285336
20260324,cxl_ratio,ret_skip,-0.0036060764284496665
20260324,large_share,ret_next,-0.0024022076542447625
20260324,large_share,ret_skip,-0.0031967224605445235
20260325,trd_imb,ret_next,-0.04447210683942664
20260325,trd_imb,ret_skip,-0.011750574869197275
20260325,eat_age_imb,ret_next,-0.05979614807850722
20260325,eat_age_imb,ret_skip,-0.025635283365358825
20260325,eat_age_med,ret_next,0.01858336396132731
20260325,eat_age_med,ret_skip,0.021203153619299784
20260325,old_eat_imb,ret_next,-0.05977593363189811
20260325,old_eat_imb,ret_skip,-0.01618856269590793
20260325,cxl_life_med,ret_next,0.013259706732899503
20260325,cxl_life_med,ret_skip,0.011179031736874892
20260325,flash_cxl_ratio,ret_next,-0.010273799524638274
20260325,flash_cxl_ratio,ret_skip,-0.011254320494788219
20260325,flash_cxl_imb,ret_next,0.012164267633925053
20260325,flash_cxl_imb,ret_skip,0.0022257042942380044
20260325,mean_size,ret_next,0.01116402705400673
20260325,mean_size,ret_skip,0.01015802293713403
20260325,n_ord,ret_next,-0.015500435634834612
20260325,n_ord,ret_skip,-0.01731934174127415
20260325,ord_imb_cnt,ret_next,0.01536770882973699
20260325,ord_imb_cnt,ret_skip,0.003271794630746263
20260325,ord_imb_vol,ret_next,0.013220842542241236
20260325,ord_imb_vol,ret_skip,-0.0028478615775583754
20260325,cxl_ratio,ret_next,-0.009562892247237156
20260325,cxl_ratio,ret_skip,-0.0037272650604411313
20260325,large_share,ret_next,0.005641549082920711
20260325,large_share,ret_skip,0.00046389605097794836
20260326,trd_imb,ret_next,-0.05341834118902741
20260326,trd_imb,ret_skip,-0.012275287665320505
20260326,eat_age_imb,ret_next,-0.06632719698209179
20260326,eat_age_imb,ret_skip,-0.022615787764001825
20260326,eat_age_med,ret_next,0.013394460402675059
20260326,eat_age_med,ret_skip,0.01155219125976797
20260326,old_eat_imb,ret_next,-0.07543658267248354
20260326,old_eat_imb,ret_skip,-0.015477459898429472
20260326,cxl_life_med,ret_next,0.007733764418074289
20260326,cxl_life_med,ret_skip,0.007318741209928676
20260326,flash_cxl_ratio,ret_next,-0.004082654022892949
20260326,flash_cxl_ratio,ret_skip,-0.003051772240602967
20260326,flash_cxl_imb,ret_next,0.015445288515819756
20260326,flash_cxl_imb,ret_skip,0.0038944515812162086
20260326,mean_size,ret_next,0.011430521942442241
20260326,mean_size,ret_skip,0.005928356047894672
20260326,n_ord,ret_next,-0.0049061603867643876
20260326,n_ord,ret_skip,-0.005793079193732352
20260326,ord_imb_cnt,ret_next,0.0062896524423216305
20260326,ord_imb_cnt,ret_skip,0.0028921270385668663
20260326,ord_imb_vol,ret_next,0.005061747248317001
20260326,ord_imb_vol,ret_skip,-0.0035439043023762803
20260326,cxl_ratio,ret_next,-0.0020620295950901533
20260326,cxl_ratio,ret_skip,-0.0028957655792551055
20260326,large_share,ret_next,0.01011903338217725
20260326,large_share,ret_skip,-0.00028704374802288344
20260327,trd_imb,ret_next,-0.05356884694045721
20260327,trd_imb,ret_skip,-0.01871414506199868
20260327,eat_age_imb,ret_next,-0.06254995207507587
20260327,eat_age_imb,ret_skip,-0.02784791130512908
20260327,eat_age_med,ret_next,0.01179599624145784
20260327,eat_age_med,ret_skip,0.011365736150597536
20260327,old_eat_imb,ret_next,-0.06957643063518203
20260327,old_eat_imb,ret_skip,-0.02265765100608501
20260327,cxl_life_med,ret_next,0.003236274532399444
20260327,cxl_life_med,ret_skip,0.0046319640689573794
20260327,flash_cxl_ratio,ret_next,-0.0051832327475693964
20260327,flash_cxl_ratio,ret_skip,-0.007798990229750259
20260327,flash_cxl_imb,ret_next,0.018361150071884217
20260327,flash_cxl_imb,ret_skip,-0.001579715732368282
20260327,mean_size,ret_next,-0.0007936282209680007
20260327,mean_size,ret_skip,-0.0019886475474722378
20260327,n_ord,ret_next,-0.011994095372712857
20260327,n_ord,ret_skip,-0.01624628550944775
20260327,ord_imb_cnt,ret_next,0.01625416257800276
20260327,ord_imb_cnt,ret_skip,-0.0022564584920232037
20260327,ord_imb_vol,ret_next,0.015980551127706428
20260327,ord_imb_vol,ret_skip,-0.01053645016203694
20260327,cxl_ratio,ret_next,-0.00882886392774613
20260327,cxl_ratio,ret_skip,0.0006509790414010889
20260327,large_share,ret_next,0.002065310823986973
20260327,large_share,ret_skip,-0.004291371712887805
20260330,trd_imb,ret_next,-0.06211378726022303
20260330,trd_imb,ret_skip,-0.015591805457616296
20260330,eat_age_imb,ret_next,-0.06874818400271526
20260330,eat_age_imb,ret_skip,-0.02227897742380733
20260330,eat_age_med,ret_next,0.006329370102385239
20260330,eat_age_med,ret_skip,0.00730463372482089
20260330,old_eat_imb,ret_next,-0.08039520911583024
20260330,old_eat_imb,ret_skip,-0.018621779306571523
20260330,cxl_life_med,ret_next,0.002932130328199293
20260330,cxl_life_med,ret_skip,-2.450790338259051e-05
20260330,flash_cxl_ratio,ret_next,-0.008765312078472292
20260330,flash_cxl_ratio,ret_skip,-0.0058841807337473425
20260330,flash_cxl_imb,ret_next,0.007605666204032881
20260330,flash_cxl_imb,ret_skip,-0.00013475513186304074
20260330,mean_size,ret_next,-0.0007509547723993302
20260330,mean_size,ret_skip,-0.0015367941354789978
20260330,n_ord,ret_next,-0.010289252438916062
20260330,n_ord,ret_skip,-0.007316611023058751
20260330,ord_imb_cnt,ret_next,0.0036284178167342576
20260330,ord_imb_cnt,ret_skip,-0.002345618993337796
20260330,ord_imb_vol,ret_next,0.0048727518578893505
20260330,ord_imb_vol,ret_skip,-0.005971021177811867
20260330,cxl_ratio,ret_next,-0.002803247638993289
20260330,cxl_ratio,ret_skip,0.003322469457423933
20260330,large_share,ret_next,-0.0002255514705670392
20260330,large_share,ret_skip,-0.0038201965402528703
20260331,trd_imb,ret_next,-0.0529036649753795
20260331,trd_imb,ret_skip,-0.01063843115461919
20260331,eat_age_imb,ret_next,-0.06866756075560025
20260331,eat_age_imb,ret_skip,-0.021179047687848868
20260331,eat_age_med,ret_next,0.01856676579134818
20260331,eat_age_med,ret_skip,0.01572054324383765
20260331,old_eat_imb,ret_next,-0.07334743695650124
20260331,old_eat_imb,ret_skip,-0.015813217820899915
20260331,cxl_life_med,ret_next,0.0076449060325318036
20260331,cxl_life_med,ret_skip,0.00629193369122836
20260331,flash_cxl_ratio,ret_next,-0.003958091013471358
20260331,flash_cxl_ratio,ret_skip,-0.005321278353848634
20260331,flash_cxl_imb,ret_next,0.015347060527579785
20260331,flash_cxl_imb,ret_skip,-0.00032948092000043043
20260331,mean_size,ret_next,0.010658030993735875
20260331,mean_size,ret_skip,0.004785932491547795
20260331,n_ord,ret_next,-0.005887307205625439
20260331,n_ord,ret_skip,-0.009243703601329404
20260331,ord_imb_cnt,ret_next,0.009560869154045458
20260331,ord_imb_cnt,ret_skip,0.0008267053791576193
20260331,ord_imb_vol,ret_next,0.007773850678849233
20260331,ord_imb_vol,ret_skip,-0.005350983965911089
20260331,cxl_ratio,ret_next,0.0020021065184954766
20260331,cxl_ratio,ret_skip,0.002247830094263004
20260331,large_share,ret_next,0.011373392658353325
20260331,large_share,ret_skip,-0.0003920709614555136
20260401,trd_imb,ret_next,-0.051700550992927585
20260401,trd_imb,ret_skip,-0.00953814537056436
20260401,eat_age_imb,ret_next,-0.05407039409833597
20260401,eat_age_imb,ret_skip,-0.023085421001824164
20260401,eat_age_med,ret_next,0.006595551367731127
20260401,eat_age_med,ret_skip,0.008401137975303114
20260401,old_eat_imb,ret_next,-0.06429295189642648
20260401,old_eat_imb,ret_skip,-0.014590761145087422
20260401,cxl_life_med,ret_next,0.0019627499943137105
20260401,cxl_life_med,ret_skip,0.003919650218381029
20260401,flash_cxl_ratio,ret_next,-0.008640777507322794
20260401,flash_cxl_ratio,ret_skip,-0.0069097961886923276
20260401,flash_cxl_imb,ret_next,0.012617861586030232
20260401,flash_cxl_imb,ret_skip,0.00010018049365775562
20260401,mean_size,ret_next,-0.0011291393013787437
20260401,mean_size,ret_skip,-0.003603173522613638
20260401,n_ord,ret_next,-0.01224512550861749
20260401,n_ord,ret_skip,-0.013285153918028007
20260401,ord_imb_cnt,ret_next,0.014940629508771525
20260401,ord_imb_cnt,ret_skip,0.0034814606674007133
20260401,ord_imb_vol,ret_next,0.016848081429713554
20260401,ord_imb_vol,ret_skip,-0.003228939123968858
20260401,cxl_ratio,ret_next,-0.0022691300447302337
20260401,cxl_ratio,ret_skip,-0.0016300167767936333
20260401,large_share,ret_next,0.002734956798253713
20260401,large_share,ret_skip,-0.004806631078252228
20260402,trd_imb,ret_next,-0.055905931821096704
20260402,trd_imb,ret_skip,-0.014154384340051434
20260402,eat_age_imb,ret_next,-0.07118276293227051
20260402,eat_age_imb,ret_skip,-0.02389965578007312
20260402,eat_age_med,ret_next,0.014955399747145253
20260402,eat_age_med,ret_skip,0.009459411916722515
20260402,old_eat_imb,ret_next,-0.07680430295784646
20260402,old_eat_imb,ret_skip,-0.019699818645376874
20260402,cxl_life_med,ret_next,0.008159027413336031
20260402,cxl_life_med,ret_skip,0.004473928070413213
20260402,flash_cxl_ratio,ret_next,-0.00787141635385689
20260402,flash_cxl_ratio,ret_skip,-0.004273347226355209
20260402,flash_cxl_imb,ret_next,0.01135552428559104
20260402,flash_cxl_imb,ret_skip,0.00012777936567868526
20260402,mean_size,ret_next,0.009450959638367019
20260402,mean_size,ret_skip,0.004113627535658226
20260402,n_ord,ret_next,-0.00935790660333895
20260402,n_ord,ret_skip,-0.009128054336830282
20260402,ord_imb_cnt,ret_next,0.007131521578886872
20260402,ord_imb_cnt,ret_skip,0.00015730917020295411
20260402,ord_imb_vol,ret_next,0.006206862990359571
20260402,ord_imb_vol,ret_skip,-0.00818696462624501
20260402,cxl_ratio,ret_next,-0.0023379655141970756
20260402,cxl_ratio,ret_skip,-0.0017847080679511242
20260402,large_share,ret_next,0.01116568937517723
20260402,large_share,ret_skip,-0.00047422085459485975
20260403,trd_imb,ret_next,-0.052365846061186515
20260403,trd_imb,ret_skip,-0.009496445353257383
20260403,eat_age_imb,ret_next,-0.06464285161922015
20260403,eat_age_imb,ret_skip,-0.018432551046995926
20260403,eat_age_med,ret_next,0.010146141020255763
20260403,eat_age_med,ret_skip,0.010191272807280037
20260403,old_eat_imb,ret_next,-0.07283719691931541
20260403,old_eat_imb,ret_skip,-0.01476401925679599
20260403,cxl_life_med,ret_next,0.003411032373108408
20260403,cxl_life_med,ret_skip,0.006332916628536507
20260403,flash_cxl_ratio,ret_next,-0.0009493280585907217
20260403,flash_cxl_ratio,ret_skip,-0.005864444610461623
20260403,flash_cxl_imb,ret_next,0.010281499029210663
20260403,flash_cxl_imb,ret_skip,-0.003991476955345904
20260403,mean_size,ret_next,0.007054853136393099
20260403,mean_size,ret_skip,0.0019342686271409833
20260403,n_ord,ret_next,-0.004804818612959214
20260403,n_ord,ret_skip,-0.011410196613318244
20260403,ord_imb_cnt,ret_next,0.003839895777372448
20260403,ord_imb_cnt,ret_skip,-0.0006295305074485412
20260403,ord_imb_vol,ret_next,0.012488160213936525
20260403,ord_imb_vol,ret_skip,-0.0028445268356414757
20260403,cxl_ratio,ret_next,-0.0026411664396213245
20260403,cxl_ratio,ret_skip,-0.0028747527725905193
20260403,large_share,ret_next,0.011689841085304952
20260403,large_share,ret_skip,0.00038125920433200987
20260407,trd_imb,ret_next,-0.05454584090485508
20260407,trd_imb,ret_skip,-0.010450781529540883
20260407,eat_age_imb,ret_next,-0.058215420073376746
20260407,eat_age_imb,ret_skip,-0.018705495695903473
20260407,eat_age_med,ret_next,0.013476008632328371
20260407,eat_age_med,ret_skip,0.015854708661764534
20260407,old_eat_imb,ret_next,-0.06908509277010201
20260407,old_eat_imb,ret_skip,-0.013594563242646839
20260407,cxl_life_med,ret_next,0.008012324182565601
20260407,cxl_life_med,ret_skip,0.009038881870797318
20260407,flash_cxl_ratio,ret_next,-0.005672314151871791
20260407,flash_cxl_ratio,ret_skip,-0.005996765876613094
20260407,flash_cxl_imb,ret_next,0.011475045164308561
20260407,flash_cxl_imb,ret_skip,-2.0514231432339642e-05
20260407,mean_size,ret_next,0.011098337228752862
20260407,mean_size,ret_skip,0.01124281538041822
20260407,n_ord,ret_next,-0.012368869648209163
20260407,n_ord,ret_skip,-0.01574052737505165
20260407,ord_imb_cnt,ret_next,0.01057142376402704
20260407,ord_imb_cnt,ret_skip,0.0034046992684109304
20260407,ord_imb_vol,ret_next,0.01347374927259424
20260407,ord_imb_vol,ret_skip,-0.002252675361987862
20260407,cxl_ratio,ret_next,-0.01137834717847567
20260407,cxl_ratio,ret_skip,-0.002073149279121835
20260407,large_share,ret_next,0.0045436820281786125
20260407,large_share,ret_skip,0.0011120429276232084
20260408,trd_imb,ret_next,-0.04616186397395506
20260408,trd_imb,ret_skip,-0.01114283190207502
20260408,eat_age_imb,ret_next,-0.05179271386627908
20260408,eat_age_imb,ret_skip,-0.02802875107555385
20260408,eat_age_med,ret_next,-0.004324927294004363
20260408,eat_age_med,ret_skip,0.0036755670989810875
20260408,old_eat_imb,ret_next,-0.06073206136611569
20260408,old_eat_imb,ret_skip,-0.018247517415624318
20260408,cxl_life_med,ret_next,0.004665802826691671
20260408,cxl_life_med,ret_skip,0.00444375983728189
20260408,flash_cxl_ratio,ret_next,-0.004473651673354214
20260408,flash_cxl_ratio,ret_skip,-0.006757478165795898
20260408,flash_cxl_imb,ret_next,0.008450484478140091
20260408,flash_cxl_imb,ret_skip,-0.0009564700355655094
20260408,mean_size,ret_next,-0.005143397719163852
20260408,mean_size,ret_skip,-0.005798243277961103
20260408,n_ord,ret_next,-0.0007900981882898023
20260408,n_ord,ret_skip,-0.0037405697750863645
20260408,ord_imb_cnt,ret_next,0.011205873893452631
20260408,ord_imb_cnt,ret_skip,-0.0019115716970746557
20260408,ord_imb_vol,ret_next,0.010832239900370116
20260408,ord_imb_vol,ret_skip,-0.010758597624912292
20260408,cxl_ratio,ret_next,-0.011832833525507363
20260408,cxl_ratio,ret_skip,-0.0029784088746202062
20260408,large_share,ret_next,0.0025458301663279005
20260408,large_share,ret_skip,-0.0029585531073608212
20260409,trd_imb,ret_next,-0.061449801655198
20260409,trd_imb,ret_skip,-0.011970524027873604
20260409,eat_age_imb,ret_next,-0.05976873245870256
20260409,eat_age_imb,ret_skip,-0.020374378761849204
20260409,eat_age_med,ret_next,0.010747662597360715
20260409,eat_age_med,ret_skip,0.009625163615091815
20260409,old_eat_imb,ret_next,-0.07609878579097709
20260409,old_eat_imb,ret_skip,-0.014698041654933344
20260409,cxl_life_med,ret_next,0.007948082981451976
20260409,cxl_life_med,ret_skip,0.0034561351768694556
20260409,flash_cxl_ratio,ret_next,-0.0069670733761732235
20260409,flash_cxl_ratio,ret_skip,-0.0021711094985259203
20260409,flash_cxl_imb,ret_next,0.006130185180464052
20260409,flash_cxl_imb,ret_skip,-0.0018371238585611401
20260409,mean_size,ret_next,0.00805680477573424
20260409,mean_size,ret_skip,0.001091373405662872
20260409,n_ord,ret_next,-0.004528684784049078
20260409,n_ord,ret_skip,-0.004372480227107517
20260409,ord_imb_cnt,ret_next,-0.00044262004766932114
20260409,ord_imb_cnt,ret_skip,0.002474281613097423
20260409,ord_imb_vol,ret_next,0.005078502405037844
20260409,ord_imb_vol,ret_skip,-0.0034189606937008172
20260409,cxl_ratio,ret_next,-2.1623894882886636e-06
20260409,cxl_ratio,ret_skip,0.0004500060328704924
20260409,large_share,ret_next,0.011027496118089954
20260409,large_share,ret_skip,-0.002522561654199624
20260410,trd_imb,ret_next,-0.05427878886873041
20260410,trd_imb,ret_skip,-0.01925128491373287
20260410,eat_age_imb,ret_next,-0.04944624917164544
20260410,eat_age_imb,ret_skip,-0.02553056149014467
20260410,eat_age_med,ret_next,0.018631564716103242
20260410,eat_age_med,ret_skip,0.02198502912543372
20260410,old_eat_imb,ret_next,-0.0655089933632712
20260410,old_eat_imb,ret_skip,-0.024472838592001122
20260410,cxl_life_med,ret_next,0.009027907656825174
20260410,cxl_life_med,ret_skip,0.011539026984296178
20260410,flash_cxl_ratio,ret_next,-0.010342657730066223
20260410,flash_cxl_ratio,ret_skip,-0.014418083919040281
20260410,flash_cxl_imb,ret_next,0.016104823857668166
20260410,flash_cxl_imb,ret_skip,-0.0012675411312108296
20260410,mean_size,ret_next,0.008107171345879741
20260410,mean_size,ret_skip,0.004806314332685568
20260410,n_ord,ret_next,-0.020248117177859994
20260410,n_ord,ret_skip,-0.024755557107988897
20260410,ord_imb_cnt,ret_next,0.015275247537115877
20260410,ord_imb_cnt,ret_skip,-0.0006393496407929047
20260410,ord_imb_vol,ret_next,0.021256044148540855
20260410,ord_imb_vol,ret_skip,-0.006182669278405207
20260410,cxl_ratio,ret_next,-0.004391351068225235
20260410,cxl_ratio,ret_skip,0.004145172749593607
20260410,large_share,ret_next,0.005917136049769806
20260410,large_share,ret_skip,-0.004870547123454083
20260413,trd_imb,ret_next,-0.05960386292300676
20260413,trd_imb,ret_skip,-0.014884057228319569
20260413,eat_age_imb,ret_next,-0.0598667376900202
20260413,eat_age_imb,ret_skip,-0.02630434072939289
20260413,eat_age_med,ret_next,0.01752682637624836
20260413,eat_age_med,ret_skip,0.015188854585078862
20260413,old_eat_imb,ret_next,-0.07477090262654319
20260413,old_eat_imb,ret_skip,-0.02010875770426853
20260413,cxl_life_med,ret_next,0.011587918919791789
20260413,cxl_life_med,ret_skip,0.011271540423042061
20260413,flash_cxl_ratio,ret_next,-0.007807315175647123
20260413,flash_cxl_ratio,ret_skip,-0.008395324159845683
20260413,flash_cxl_imb,ret_next,0.007790840076023993
20260413,flash_cxl_imb,ret_skip,-0.008086543803767164
20260413,mean_size,ret_next,0.014930461743224334
20260413,mean_size,ret_skip,0.008200054197568384
20260413,n_ord,ret_next,-0.01092304218187562
20260413,n_ord,ret_skip,-0.012175728459062934
20260413,ord_imb_cnt,ret_next,0.0071463814869990785
20260413,ord_imb_cnt,ret_skip,-0.001072076208346707
20260413,ord_imb_vol,ret_next,0.015303855282571284
20260413,ord_imb_vol,ret_skip,-0.005730581528186653
20260413,cxl_ratio,ret_next,-0.003873633474423615
20260413,cxl_ratio,ret_skip,-0.0026884347177435724
20260413,large_share,ret_next,0.013160791313213446
20260413,large_share,ret_skip,-0.00012005418617131026
20260414,trd_imb,ret_next,-0.05709186831648744
20260414,trd_imb,ret_skip,-0.014237907989538487
20260414,eat_age_imb,ret_next,-0.05826793005612847
20260414,eat_age_imb,ret_skip,-0.02228947731486354
20260414,eat_age_med,ret_next,0.008740471702152124
20260414,eat_age_med,ret_skip,0.009648062056989298
20260414,old_eat_imb,ret_next,-0.06977990455480095
20260414,old_eat_imb,ret_skip,-0.018327346804668118
20260414,cxl_life_med,ret_next,0.005971360490050011
20260414,cxl_life_med,ret_skip,0.006701444656294561
20260414,flash_cxl_ratio,ret_next,-0.006392893580673199
20260414,flash_cxl_ratio,ret_skip,-0.006873566510214491
20260414,flash_cxl_imb,ret_next,0.01394072355871712
20260414,flash_cxl_imb,ret_skip,-0.0028614327290984267
20260414,mean_size,ret_next,0.005339781458166709
20260414,mean_size,ret_skip,-0.0011045138503562475
20260414,n_ord,ret_next,-0.007689101599953509
20260414,n_ord,ret_skip,-0.008370470006953425
20260414,ord_imb_cnt,ret_next,0.009488834705116363
20260414,ord_imb_cnt,ret_skip,0.0012873129259448484
20260414,ord_imb_vol,ret_next,0.01611804498166576
20260414,ord_imb_vol,ret_skip,-0.005573087864515943
20260414,cxl_ratio,ret_next,-0.0019211236500951548
20260414,cxl_ratio,ret_skip,-0.002458800971532144
20260414,large_share,ret_next,0.010683004255596715
20260414,large_share,ret_skip,-5.156827127833759e-05
20260415,trd_imb,ret_next,-0.054558822621736745
20260415,trd_imb,ret_skip,-0.014889866565627411
20260415,eat_age_imb,ret_next,-0.04906977181790266
20260415,eat_age_imb,ret_skip,-0.023561780585088777
20260415,eat_age_med,ret_next,0.023425182869732192
20260415,eat_age_med,ret_skip,0.025462447659245872
20260415,old_eat_imb,ret_next,-0.06738952686301847
20260415,old_eat_imb,ret_skip,-0.019366013326163292
20260415,cxl_life_med,ret_next,0.010837547312538102
20260415,cxl_life_med,ret_skip,0.012531939861315946
20260415,flash_cxl_ratio,ret_next,-0.008416756940512696
20260415,flash_cxl_ratio,ret_skip,-0.01220863998317271
20260415,flash_cxl_imb,ret_next,0.0213825880729353
20260415,flash_cxl_imb,ret_skip,-0.001919572637898709
20260415,mean_size,ret_next,0.015409435048335952
20260415,mean_size,ret_skip,0.009226413113033476
20260415,n_ord,ret_next,-0.017678237964331735
20260415,n_ord,ret_skip,-0.01998695800443732
20260415,ord_imb_cnt,ret_next,0.018356079553720216
20260415,ord_imb_cnt,ret_skip,0.0014934501995785983
20260415,ord_imb_vol,ret_next,0.02261117179373688
20260415,ord_imb_vol,ret_skip,-0.004480575756579654
20260415,cxl_ratio,ret_next,-0.0005726128332442425
20260415,cxl_ratio,ret_skip,0.0014223078932516728
20260415,large_share,ret_next,0.012281919709279115
20260415,large_share,ret_skip,-0.0024484327740679703
20260416,trd_imb,ret_next,-0.05274290372398807
20260416,trd_imb,ret_skip,-0.017299777478832736
20260416,eat_age_imb,ret_next,-0.05147828460504376
20260416,eat_age_imb,ret_skip,-0.02995500122941019
20260416,eat_age_med,ret_next,0.00966378952317305
20260416,eat_age_med,ret_skip,0.011899960307868915
20260416,old_eat_imb,ret_next,-0.06545458464956007
20260416,old_eat_imb,ret_skip,-0.02167012468685192
20260416,cxl_life_med,ret_next,0.007523712491267401
20260416,cxl_life_med,ret_skip,0.007994193367309997
20260416,flash_cxl_ratio,ret_next,-0.010758789249063089
20260416,flash_cxl_ratio,ret_skip,-0.01024342413604994
20260416,flash_cxl_imb,ret_next,0.006703775807579448
20260416,flash_cxl_imb,ret_skip,-0.0034734804257361227
20260416,mean_size,ret_next,0.0029163774974469126
20260416,mean_size,ret_skip,0.0013278630944192726
20260416,n_ord,ret_next,-0.016087068631398947
20260416,n_ord,ret_skip,-0.018309275059130062
20260416,ord_imb_cnt,ret_next,0.01180436039876776
20260416,ord_imb_cnt,ret_skip,6.454763665973463e-05
20260416,ord_imb_vol,ret_next,0.016498383002586398
20260416,ord_imb_vol,ret_skip,-0.009697157409092577
20260416,cxl_ratio,ret_next,-0.01181498948783288
20260416,cxl_ratio,ret_skip,-0.0033460263770283436
20260416,large_share,ret_next,0.005636265983575451
20260416,large_share,ret_skip,-0.0005747192239561013
20260417,trd_imb,ret_next,-0.048693386808860595
20260417,trd_imb,ret_skip,-0.01680009416576622
20260417,eat_age_imb,ret_next,-0.050051604659185546
20260417,eat_age_imb,ret_skip,-0.027748352450765356
20260417,eat_age_med,ret_next,0.010765192284062707
20260417,eat_age_med,ret_skip,0.012434295377213968
20260417,old_eat_imb,ret_next,-0.060292475045719766
20260417,old_eat_imb,ret_skip,-0.023067687156004497
20260417,cxl_life_med,ret_next,0.00655367437877024
20260417,cxl_life_med,ret_skip,0.006984075213920849
20260417,flash_cxl_ratio,ret_next,-0.006369219702725422
20260417,flash_cxl_ratio,ret_skip,-0.008124480107434771
20260417,flash_cxl_imb,ret_next,0.010472384991755382
20260417,flash_cxl_imb,ret_skip,-0.004077654245476913
20260417,mean_size,ret_next,0.004745648895881518
20260417,mean_size,ret_skip,-0.0009811279987912086
20260417,n_ord,ret_next,-0.012526525016472279
20260417,n_ord,ret_skip,-0.014911308251632683
20260417,ord_imb_cnt,ret_next,0.014957250632636011
20260417,ord_imb_cnt,ret_skip,-0.0015799351711288758
20260417,ord_imb_vol,ret_next,0.020548779099052023
20260417,ord_imb_vol,ret_skip,-0.005288618874537428
20260417,cxl_ratio,ret_next,-0.0018321555238811087
20260417,cxl_ratio,ret_skip,0.0005794019724230616
20260417,large_share,ret_next,0.011587348085628441
20260417,large_share,ret_skip,-0.0008897243432908077
20260420,trd_imb,ret_next,-0.05060396993129625
20260420,trd_imb,ret_skip,-0.012486974380781009
20260420,eat_age_imb,ret_next,-0.047531819308220355
20260420,eat_age_imb,ret_skip,-0.02159365880777398
20260420,eat_age_med,ret_next,0.015695675890734537
20260420,eat_age_med,ret_skip,0.01788725339589163
20260420,old_eat_imb,ret_next,-0.06288178642094046
20260420,old_eat_imb,ret_skip,-0.018407483095654147
20260420,cxl_life_med,ret_next,0.011582415101419169
20260420,cxl_life_med,ret_skip,0.013012375837017448
20260420,flash_cxl_ratio,ret_next,-0.007031666957521506
20260420,flash_cxl_ratio,ret_skip,-0.010253263227508164
20260420,flash_cxl_imb,ret_next,0.013304376138380309
20260420,flash_cxl_imb,ret_skip,-0.0013170849862234556
20260420,mean_size,ret_next,0.010610205188174897
20260420,mean_size,ret_skip,0.005331043770838322
20260420,n_ord,ret_next,-0.012630479440985273
20260420,n_ord,ret_skip,-0.016299762375050646
20260420,ord_imb_cnt,ret_next,0.014889615367681143
20260420,ord_imb_cnt,ret_skip,0.004106868973425716
20260420,ord_imb_vol,ret_next,0.021551300074752047
20260420,ord_imb_vol,ret_skip,-0.004104518297701096
20260420,cxl_ratio,ret_next,-0.005527154837211431
20260420,cxl_ratio,ret_skip,-0.0007291217029526336
20260420,large_share,ret_next,0.011334094229207838
20260420,large_share,ret_skip,-0.0004291537674710321
20260421,trd_imb,ret_next,-0.048303346405221353
20260421,trd_imb,ret_skip,-0.011992094422367552
20260421,eat_age_imb,ret_next,-0.04590599755483929
20260421,eat_age_imb,ret_skip,-0.02259121236526787
20260421,eat_age_med,ret_next,0.017056308710058473
20260421,eat_age_med,ret_skip,0.014943120735875257
20260421,old_eat_imb,ret_next,-0.05808371963343044
20260421,old_eat_imb,ret_skip,-0.016029333919855303
20260421,cxl_life_med,ret_next,0.008828247186480937
20260421,cxl_life_med,ret_skip,0.009848349475595252
20260421,flash_cxl_ratio,ret_next,-0.008132980437180774
20260421,flash_cxl_ratio,ret_skip,-0.013498377908017601
20260421,flash_cxl_imb,ret_next,0.016915895384357928
20260421,flash_cxl_imb,ret_skip,-0.0026065438084454345
20260421,mean_size,ret_next,0.007917048140802426
20260421,mean_size,ret_skip,0.003885475047613973
20260421,n_ord,ret_next,-0.014003792507312858
20260421,n_ord,ret_skip,-0.016425810094070417
20260421,ord_imb_cnt,ret_next,0.017498623522032186
20260421,ord_imb_cnt,ret_skip,0.0036698191336868363
20260421,ord_imb_vol,ret_next,0.024958081799241468
20260421,ord_imb_vol,ret_skip,-0.0026473756096550903
20260421,cxl_ratio,ret_next,0.0007658169105485537
20260421,cxl_ratio,ret_skip,-0.0006180845471542757
20260421,large_share,ret_next,0.007040727946736967
20260421,large_share,ret_skip,-0.002575351682648378
20260422,trd_imb,ret_next,-0.04949328747876359
20260422,trd_imb,ret_skip,-0.013208890459475216
20260422,eat_age_imb,ret_next,-0.046011515044174806
20260422,eat_age_imb,ret_skip,-0.023149134676308462
20260422,eat_age_med,ret_next,0.009193791308826771
20260422,eat_age_med,ret_skip,0.01030207706093743
20260422,old_eat_imb,ret_next,-0.05936488679076508
20260422,old_eat_imb,ret_skip,-0.01763377106492101
20260422,cxl_life_med,ret_next,0.005769130568620249
20260422,cxl_life_med,ret_skip,0.008610416255888141
20260422,flash_cxl_ratio,ret_next,-0.004985103660647798
20260422,flash_cxl_ratio,ret_skip,-0.006595701959000091
20260422,flash_cxl_imb,ret_next,0.014918692388455444
20260422,flash_cxl_imb,ret_skip,-0.003193745209111402
20260422,mean_size,ret_next,0.004134821293457904
20260422,mean_size,ret_skip,0.001888495996228452
20260422,n_ord,ret_next,-0.008746092582440072
20260422,n_ord,ret_skip,-0.012444290978537005
20260422,ord_imb_cnt,ret_next,0.019984684754254706
20260422,ord_imb_cnt,ret_skip,0.006246947230493474
20260422,ord_imb_vol,ret_next,0.02599804067892767
20260422,ord_imb_vol,ret_skip,-0.0019265402942757904
20260422,cxl_ratio,ret_next,-0.0066775302422652895
20260422,cxl_ratio,ret_skip,-0.0034292269650199473
20260422,large_share,ret_next,0.008011102985448866
20260422,large_share,ret_skip,-0.0006609028842544548
20260423,trd_imb,ret_next,-0.040956285367600855
20260423,trd_imb,ret_skip,-0.01072129714759741
20260423,eat_age_imb,ret_next,-0.040935368599020736
20260423,eat_age_imb,ret_skip,-0.020643635087358937
20260423,eat_age_med,ret_next,0.018626860586743524
20260423,eat_age_med,ret_skip,0.021757200212984305
20260423,old_eat_imb,ret_next,-0.0559610012088173
20260423,old_eat_imb,ret_skip,-0.016287408008297446
20260423,cxl_life_med,ret_next,0.013352642755135232
20260423,cxl_life_med,ret_skip,0.01173332478932739
20260423,flash_cxl_ratio,ret_next,-0.008453686386754498
20260423,flash_cxl_ratio,ret_skip,-0.007279165074519849
20260423,flash_cxl_imb,ret_next,0.017402036114514036
20260423,flash_cxl_imb,ret_skip,0.0006330620665074636
20260423,mean_size,ret_next,0.01760032089331517
20260423,mean_size,ret_skip,0.010659433197152061
20260423,n_ord,ret_next,-0.017915159471564673
20260423,n_ord,ret_skip,-0.017679465456896835
20260423,ord_imb_cnt,ret_next,0.02312980338917866
20260423,ord_imb_cnt,ret_skip,0.006383132815502482
20260423,ord_imb_vol,ret_next,0.02678634436243463
20260423,ord_imb_vol,ret_skip,0.0010860994119806055
20260423,cxl_ratio,ret_next,-0.0033951447570885088
20260423,cxl_ratio,ret_skip,0.00032608430703971275
20260423,large_share,ret_next,0.012122955058071193
20260423,large_share,ret_skip,-0.00040100596703965345
20260424,trd_imb,ret_next,-0.034185029476979774
20260424,trd_imb,ret_skip,-0.006927924991850247
20260424,eat_age_imb,ret_next,-0.034500080824649795
20260424,eat_age_imb,ret_skip,-0.012337710993502619
20260424,eat_age_med,ret_next,0.014201660857752584
20260424,eat_age_med,ret_skip,0.01592136553137319
20260424,old_eat_imb,ret_next,-0.046643725845857194
20260424,old_eat_imb,ret_skip,-0.012057150443703608
20260424,cxl_life_med,ret_next,0.008476113475278197
20260424,cxl_life_med,ret_skip,0.010765631971144404
20260424,flash_cxl_ratio,ret_next,-0.00626951575638108
20260424,flash_cxl_ratio,ret_skip,-0.00709612018612989
20260424,flash_cxl_imb,ret_next,0.019884523710996554
20260424,flash_cxl_imb,ret_skip,0.0035927922057762936
20260424,mean_size,ret_next,0.009881116956953364
20260424,mean_size,ret_skip,0.006256649636635657
20260424,n_ord,ret_next,-0.018337698128788733
20260424,n_ord,ret_skip,-0.020698413671849915
20260424,ord_imb_cnt,ret_next,0.023212310464593842
20260424,ord_imb_cnt,ret_skip,0.005820423412589257
20260424,ord_imb_vol,ret_next,0.03357440980130823
20260424,ord_imb_vol,ret_skip,0.0008729602089666721
20260424,cxl_ratio,ret_next,-0.005166207236182082
20260424,cxl_ratio,ret_skip,0.00033038266033233194
20260424,large_share,ret_next,0.007087083989140894
20260424,large_share,ret_skip,-0.0018050665146604984
20260427,trd_imb,ret_next,-0.026708165839757356
20260427,trd_imb,ret_skip,-5.943526475184839e-05
20260427,eat_age_imb,ret_next,-0.03099816061857196
20260427,eat_age_imb,ret_skip,-0.010379725467064548
20260427,eat_age_med,ret_next,0.016386538265042334
20260427,eat_age_med,ret_skip,0.01996641943789662
20260427,old_eat_imb,ret_next,-0.037188830204876795
20260427,old_eat_imb,ret_skip,-0.002520108041047793
20260427,cxl_life_med,ret_next,0.008842336774018434
20260427,cxl_life_med,ret_skip,0.0092596794468354
20260427,flash_cxl_ratio,ret_next,-0.010002869006819504
20260427,flash_cxl_ratio,ret_skip,-0.010463429934542863
20260427,flash_cxl_imb,ret_next,0.016975310721414744
20260427,flash_cxl_imb,ret_skip,0.006458032863264142
20260427,mean_size,ret_next,0.007184436961654827
20260427,mean_size,ret_skip,0.0043346699705677895
20260427,n_ord,ret_next,-0.02286620196980468
20260427,n_ord,ret_skip,-0.023392256467381717
20260427,ord_imb_cnt,ret_next,0.02296304502736704
20260427,ord_imb_cnt,ret_skip,0.013675595627879985
20260427,ord_imb_vol,ret_next,0.027231787640800437
20260427,ord_imb_vol,ret_skip,0.005581410533552086
20260427,cxl_ratio,ret_next,-0.005487986077830975
20260427,cxl_ratio,ret_skip,0.001389298439786324
20260427,large_share,ret_next,0.005356621931181244
20260427,large_share,ret_skip,-0.0037816548642152295
20260428,trd_imb,ret_next,-0.03092224933703691
20260428,trd_imb,ret_skip,-0.0059844771188160666
20260428,eat_age_imb,ret_next,-0.04006839177025112
20260428,eat_age_imb,ret_skip,-0.016553988311440032
20260428,eat_age_med,ret_next,0.013670351068399611
20260428,eat_age_med,ret_skip,0.016985415573699533
20260428,old_eat_imb,ret_next,-0.04558003757332699
20260428,old_eat_imb,ret_skip,-0.00948090603158744
20260428,cxl_life_med,ret_next,0.00858582662975433
20260428,cxl_life_med,ret_skip,0.011491547013349373
20260428,flash_cxl_ratio,ret_next,-0.005616518091804968
20260428,flash_cxl_ratio,ret_skip,-0.006312776473761621
20260428,flash_cxl_imb,ret_next,0.017977984829799194
20260428,flash_cxl_imb,ret_skip,0.005188144922264713
20260428,mean_size,ret_next,0.013019731470029694
20260428,mean_size,ret_skip,0.00824393400285662
20260428,n_ord,ret_next,-0.013034568085645343
20260428,n_ord,ret_skip,-0.01471480417440001
20260428,ord_imb_cnt,ret_next,0.018071236806809457
20260428,ord_imb_cnt,ret_skip,0.011281482922228686
20260428,ord_imb_vol,ret_next,0.027867773191643515
20260428,ord_imb_vol,ret_skip,0.004026378681953468
20260428,cxl_ratio,ret_next,-0.00409050815515363
20260428,cxl_ratio,ret_skip,-0.004103939252856182
20260428,large_share,ret_next,0.009955307869092715
20260428,large_share,ret_skip,-0.0011140662787435657
20260429,trd_imb,ret_next,-0.036051609271835074
20260429,trd_imb,ret_skip,-0.01438977382865542
20260429,eat_age_imb,ret_next,-0.03961259861883433
20260429,eat_age_imb,ret_skip,-0.022984058693283224
20260429,eat_age_med,ret_next,0.010496224278455259
20260429,eat_age_med,ret_skip,0.014336191878125832
20260429,old_eat_imb,ret_next,-0.04889364990653619
20260429,old_eat_imb,ret_skip,-0.01848682440851164
20260429,cxl_life_med,ret_next,0.011520871489428864
20260429,cxl_life_med,ret_skip,0.010677794472028882
20260429,flash_cxl_ratio,ret_next,-0.006844211992439561
20260429,flash_cxl_ratio,ret_skip,-0.008428844576877882
20260429,flash_cxl_imb,ret_next,0.012540809410878066
20260429,flash_cxl_imb,ret_skip,-0.0035587909125840175
20260429,mean_size,ret_next,0.009668046084677098
20260429,mean_size,ret_skip,0.006235071827498883
20260429,n_ord,ret_next,-0.011002183024293483
20260429,n_ord,ret_skip,-0.012834150481529777
20260429,ord_imb_cnt,ret_next,0.012511079211195084
20260429,ord_imb_cnt,ret_skip,-0.0026670524556760174
20260429,ord_imb_vol,ret_next,0.02088372149060217
20260429,ord_imb_vol,ret_skip,-0.00644007221368839
20260429,cxl_ratio,ret_next,-0.007178326757467985
20260429,cxl_ratio,ret_skip,-0.0025219635289446484
20260429,large_share,ret_next,0.007342762018633419
20260429,large_share,ret_skip,-0.003286161862449128
20260430,trd_imb,ret_next,-0.03350275271875626
20260430,trd_imb,ret_skip,-0.016262163008849164
20260430,eat_age_imb,ret_next,-0.03990491205039397
20260430,eat_age_imb,ret_skip,-0.02699349385107742
20260430,eat_age_med,ret_next,0.01096111530968907
20260430,eat_age_med,ret_skip,0.012315060495613596
20260430,old_eat_imb,ret_next,-0.04815046305606319
20260430,old_eat_imb,ret_skip,-0.0219679527910225
20260430,cxl_life_med,ret_next,0.0044803599131234195
20260430,cxl_life_med,ret_skip,0.004227637456561516
20260430,flash_cxl_ratio,ret_next,-0.006449992737430058
20260430,flash_cxl_ratio,ret_skip,-0.007594194027698615
20260430,flash_cxl_imb,ret_next,0.01840212805544462
20260430,flash_cxl_imb,ret_skip,-0.005645051703598614
20260430,mean_size,ret_next,0.0035112277977901426
20260430,mean_size,ret_skip,-0.0002618734351435583
20260430,n_ord,ret_next,-0.012560065038029623
20260430,n_ord,ret_skip,-0.01341232291341805
20260430,ord_imb_cnt,ret_next,0.02067521828642094
20260430,ord_imb_cnt,ret_skip,-0.0024286253591881244
20260430,ord_imb_vol,ret_next,0.029208214899142406
20260430,ord_imb_vol,ret_skip,-0.006991879318642164
20260430,cxl_ratio,ret_next,-0.004277927090427752
20260430,cxl_ratio,ret_skip,0.0010087721315976104
20260430,large_share,ret_next,0.007144518675022089
20260430,large_share,ret_skip,-0.0018474073151119716
20260506,trd_imb,ret_next,-0.03264730847517122
20260506,trd_imb,ret_skip,-0.013291071811538867
20260506,eat_age_imb,ret_next,-0.042656109041284966
20260506,eat_age_imb,ret_skip,-0.022249850434341238
20260506,eat_age_med,ret_next,0.013569305910258428
20260506,eat_age_med,ret_skip,0.012348052686922824
20260506,old_eat_imb,ret_next,-0.0466960874118392
20260506,old_eat_imb,ret_skip,-0.01815612246735121
20260506,cxl_life_med,ret_next,0.0111840610921529
20260506,cxl_life_med,ret_skip,0.010997784344675814
20260506,flash_cxl_ratio,ret_next,-0.004811460176307925
20260506,flash_cxl_ratio,ret_skip,-0.005632258424579087
20260506,flash_cxl_imb,ret_next,0.010323316606855891
20260506,flash_cxl_imb,ret_skip,-0.0073036534170842615
20260506,mean_size,ret_next,0.01422345208822134
20260506,mean_size,ret_skip,0.010536185543913104
20260506,n_ord,ret_next,-0.00498015925201001
20260506,n_ord,ret_skip,-0.006614216023957706
20260506,ord_imb_cnt,ret_next,0.010436775197951009
20260506,ord_imb_cnt,ret_skip,-8.554441528985316e-05
20260506,ord_imb_vol,ret_next,0.017997066826556385
20260506,ord_imb_vol,ret_skip,-0.006642891303538245
20260506,cxl_ratio,ret_next,-0.007662514089497155
20260506,cxl_ratio,ret_skip,-0.004278271772287637
20260506,large_share,ret_next,0.009445863047400688
20260506,large_share,ret_skip,0.000692644962802647
20260507,trd_imb,ret_next,-0.03414901567080127
20260507,trd_imb,ret_skip,-0.010805539617261889
20260507,eat_age_imb,ret_next,-0.040544547348468594
20260507,eat_age_imb,ret_skip,-0.02324185936643387
20260507,eat_age_med,ret_next,0.005651618438576084
20260507,eat_age_med,ret_skip,0.006219043280713114
20260507,old_eat_imb,ret_next,-0.04769331042423551
20260507,old_eat_imb,ret_skip,-0.016387254015546745
20260507,cxl_life_med,ret_next,0.006734387515202524
20260507,cxl_life_med,ret_skip,0.006509031381885971
20260507,flash_cxl_ratio,ret_next,-0.004762031100035607
20260507,flash_cxl_ratio,ret_skip,-0.005744067202409622
20260507,flash_cxl_imb,ret_next,0.013283776011922084
20260507,flash_cxl_imb,ret_skip,-0.0010549947797175267
20260507,mean_size,ret_next,0.002113474655260207
20260507,mean_size,ret_skip,4.186057825370353e-06
20260507,n_ord,ret_next,-0.004409340898307675
20260507,n_ord,ret_skip,-0.006331101886041837
20260507,ord_imb_cnt,ret_next,0.014479494961785211
20260507,ord_imb_cnt,ret_skip,0.0019606122334085018
20260507,ord_imb_vol,ret_next,0.021718595823248383
20260507,ord_imb_vol,ret_skip,-0.004098660400898185
20260507,cxl_ratio,ret_next,-0.0041174128649175586
20260507,cxl_ratio,ret_skip,0.0018294938418336978
20260507,large_share,ret_next,0.0063481045546229615
20260507,large_share,ret_skip,-8.48175818622849e-05
20260508,trd_imb,ret_next,-0.03033829081856841
20260508,trd_imb,ret_skip,-0.01078930101188097
20260508,eat_age_imb,ret_next,-0.032306034740160264
20260508,eat_age_imb,ret_skip,-0.024968650790543296
20260508,eat_age_med,ret_next,0.019512219964333034
20260508,eat_age_med,ret_skip,0.02265579348541345
20260508,old_eat_imb,ret_next,-0.042137499407872425
20260508,old_eat_imb,ret_skip,-0.017467083741858996
20260508,cxl_life_med,ret_next,0.010657227207387184
20260508,cxl_life_med,ret_skip,0.010844855085842271
20260508,flash_cxl_ratio,ret_next,-0.013574634910557158
20260508,flash_cxl_ratio,ret_skip,-0.013357355174374788
20260508,flash_cxl_imb,ret_next,0.02486187389970846
20260508,flash_cxl_imb,ret_skip,0.003537781302959245
20260508,mean_size,ret_next,0.009153907052573369
20260508,mean_size,ret_skip,0.006381092158981742
20260508,n_ord,ret_next,-0.02306468027465775
20260508,n_ord,ret_skip,-0.024830632710518125
20260508,ord_imb_cnt,ret_next,0.024848029772392668
20260508,ord_imb_cnt,ret_skip,0.005109884341720139
20260508,ord_imb_vol,ret_next,0.03339122756190849
20260508,ord_imb_vol,ret_skip,-0.003987090924000074
20260508,cxl_ratio,ret_next,-0.004810067754042087
20260508,cxl_ratio,ret_skip,0.00041860941551017934
20260508,large_share,ret_next,0.0032339834879130777
20260508,large_share,ret_skip,-0.0026762796144773936
20260511,trd_imb,ret_next,-0.02761039598011822
20260511,trd_imb,ret_skip,-0.014371414609562741
20260511,eat_age_imb,ret_next,-0.038820284197979504
20260511,eat_age_imb,ret_skip,-0.028602693930882814
20260511,eat_age_med,ret_next,0.014624482468733272
20260511,eat_age_med,ret_skip,0.01538706590690219
20260511,old_eat_imb,ret_next,-0.04112557935497179
20260511,old_eat_imb,ret_skip,-0.020401217231648654
20260511,cxl_life_med,ret_next,0.007620108393736595
20260511,cxl_life_med,ret_skip,0.01006107393749446
20260511,flash_cxl_ratio,ret_next,-0.007502314573246748
20260511,flash_cxl_ratio,ret_skip,-0.010175613288755983
20260511,flash_cxl_imb,ret_next,0.02233970332458848
20260511,flash_cxl_imb,ret_skip,-0.0042449421804627765
20260511,mean_size,ret_next,0.007473950215598618
20260511,mean_size,ret_skip,0.0030714668180268296
20260511,n_ord,ret_next,-0.016075288064190413
20260511,n_ord,ret_skip,-0.015768357032375824
20260511,ord_imb_cnt,ret_next,0.023371579276391528
20260511,ord_imb_cnt,ret_skip,0.0008065811869024431
20260511,ord_imb_vol,ret_next,0.027964021721853617
20260511,ord_imb_vol,ret_skip,-0.006634788476822401
20260511,cxl_ratio,ret_next,-0.0035156438506439504
20260511,cxl_ratio,ret_skip,-0.002325889745519577
20260511,large_share,ret_next,0.009521752287246237
20260511,large_share,ret_skip,-0.0034461395109835055
20260512,trd_imb,ret_next,-0.03702558860875778
20260512,trd_imb,ret_skip,-0.014389777165237058
20260512,eat_age_imb,ret_next,-0.04507692492478119
20260512,eat_age_imb,ret_skip,-0.027672327719007614
20260512,eat_age_med,ret_next,0.015445894001053832
20260512,eat_age_med,ret_skip,0.017356532334444875
20260512,old_eat_imb,ret_next,-0.05189629703079372
20260512,old_eat_imb,ret_skip,-0.0234737723338301
20260512,cxl_life_med,ret_next,0.011405855156290326
20260512,cxl_life_med,ret_skip,0.010864121794715992
20260512,flash_cxl_ratio,ret_next,-0.006212881197129611
20260512,flash_cxl_ratio,ret_skip,-0.003521262001667937
20260512,flash_cxl_imb,ret_next,0.016379433115057157
20260512,flash_cxl_imb,ret_skip,-0.003921435623891163
20260512,mean_size,ret_next,0.013728823510168364
20260512,mean_size,ret_skip,0.00908979816288936
20260512,n_ord,ret_next,-0.008263739809415374
20260512,n_ord,ret_skip,-0.007795879837006158
20260512,ord_imb_cnt,ret_next,0.017115947855809256
20260512,ord_imb_cnt,ret_skip,-0.000297322737202908
20260512,ord_imb_vol,ret_next,0.022242194556144387
20260512,ord_imb_vol,ret_skip,-0.0069298627251489315
20260512,cxl_ratio,ret_next,-0.004200383071669099
20260512,cxl_ratio,ret_skip,-0.0008810355447050792
20260512,large_share,ret_next,0.010451881397207298
20260512,large_share,ret_skip,0.0006615137556885373
20260513,trd_imb,ret_next,-0.029082291652529426
20260513,trd_imb,ret_skip,-0.008066626703978346
20260513,eat_age_imb,ret_next,-0.03164030135979443
20260513,eat_age_imb,ret_skip,-0.019050575649510442
20260513,eat_age_med,ret_next,0.010263758420150655
20260513,eat_age_med,ret_skip,0.009661955252076354
20260513,old_eat_imb,ret_next,-0.04009869760133278
20260513,old_eat_imb,ret_skip,-0.012984709136368682
20260513,cxl_life_med,ret_next,0.0057624896657048775
20260513,cxl_life_med,ret_skip,0.010718976518572749
20260513,flash_cxl_ratio,ret_next,-0.002906116524831183
20260513,flash_cxl_ratio,ret_skip,-0.00681933573949685
20260513,flash_cxl_imb,ret_next,0.024260024330980578
20260513,flash_cxl_imb,ret_skip,-0.0006864478607365724
20260513,mean_size,ret_next,0.008967920269020692
20260513,mean_size,ret_skip,0.005319097367313973
20260513,n_ord,ret_next,-0.003086122039539417
20260513,n_ord,ret_skip,-0.005571578372158253
20260513,ord_imb_cnt,ret_next,0.023284864155839833
20260513,ord_imb_cnt,ret_skip,0.007744589406895005
20260513,ord_imb_vol,ret_next,0.03348217536834637
20260513,ord_imb_vol,ret_skip,0.0002459425711656967
20260513,cxl_ratio,ret_next,-0.0029192568538071754
20260513,cxl_ratio,ret_skip,-0.0007069098487676429
20260513,large_share,ret_next,0.007819302025696048
20260513,large_share,ret_skip,3.802511076020937e-05
20260514,trd_imb,ret_next,-0.030077195211978876
20260514,trd_imb,ret_skip,-0.007682418698265301
20260514,eat_age_imb,ret_next,-0.04043088848993952
20260514,eat_age_imb,ret_skip,-0.014647929802323276
20260514,eat_age_med,ret_next,0.020209478962932067
20260514,eat_age_med,ret_skip,0.023615252306956245
20260514,old_eat_imb,ret_next,-0.04700796164368399
20260514,old_eat_imb,ret_skip,-0.012189356249127283
20260514,cxl_life_med,ret_next,0.0075456119927337275
20260514,cxl_life_med,ret_skip,0.010257431857883198
20260514,flash_cxl_ratio,ret_next,-0.008042148722478498
20260514,flash_cxl_ratio,ret_skip,-0.012925777302550793
20260514,flash_cxl_imb,ret_next,0.02372598164171084
20260514,flash_cxl_imb,ret_skip,0.007691773902275044
20260514,mean_size,ret_next,0.010395694563783645
20260514,mean_size,ret_skip,0.007360344337920394
20260514,n_ord,ret_next,-0.02617062309207969
20260514,n_ord,ret_skip,-0.029138309049122003
20260514,ord_imb_cnt,ret_next,0.02242565926606818
20260514,ord_imb_cnt,ret_skip,0.009407247705805283
20260514,ord_imb_vol,ret_next,0.027927366614303395
20260514,ord_imb_vol,ret_skip,0.002416915585996845
20260514,cxl_ratio,ret_next,0.0017662074458549071
20260514,cxl_ratio,ret_skip,0.0028034845302732517
20260514,large_share,ret_next,0.002677520564161208
20260514,large_share,ret_skip,-0.004893427419487968
20260515,trd_imb,ret_next,-0.01693946080740919
20260515,trd_imb,ret_skip,-0.006765459722848032
20260515,eat_age_imb,ret_next,-0.04382595959082038
20260515,eat_age_imb,ret_skip,-0.023234747530891293
20260515,eat_age_med,ret_next,0.01736765495382861
20260515,eat_age_med,ret_skip,0.016902432877404595
20260515,old_eat_imb,ret_next,-0.03658418575316451
20260515,old_eat_imb,ret_skip,-0.01377591658112779
20260515,cxl_life_med,ret_next,0.007664904656380751
20260515,cxl_life_med,ret_skip,0.011034066331286889
20260515,flash_cxl_ratio,ret_next,-0.0038958371130439436
20260515,flash_cxl_ratio,ret_skip,-0.008004395192930246
20260515,flash_cxl_imb,ret_next,0.025104902402943045
20260515,flash_cxl_imb,ret_skip,0.0035864214201653624
20260515,mean_size,ret_next,0.009293059741957805
20260515,mean_size,ret_skip,0.006045010199735049
20260515,n_ord,ret_next,-0.012445611025525015
20260515,n_ord,ret_skip,-0.01538735202048281
20260515,ord_imb_cnt,ret_next,0.03058446861202162
20260515,ord_imb_cnt,ret_skip,0.0074239963896719635
20260515,ord_imb_vol,ret_next,0.030601344983120792
20260515,ord_imb_vol,ret_skip,-0.004855219068429464
20260515,cxl_ratio,ret_next,-0.0032419873451262136
20260515,cxl_ratio,ret_skip,0.0014844331790451117
20260515,large_share,ret_next,0.007558872387709355
20260515,large_share,ret_skip,-0.0012418514336676413
20260518,trd_imb,ret_next,-0.03300426239943968
20260518,trd_imb,ret_skip,-0.0075340088698851206
20260518,eat_age_imb,ret_next,-0.049295881437899786
20260518,eat_age_imb,ret_skip,-0.023175048572927633
20260518,eat_age_med,ret_next,0.014286588848905463
20260518,eat_age_med,ret_skip,0.016194232222229515
20260518,old_eat_imb,ret_next,-0.050486852181430245
20260518,old_eat_imb,ret_skip,-0.01399905347518853
20260518,cxl_life_med,ret_next,0.004945282369863305
20260518,cxl_life_med,ret_skip,0.008676640990021158
20260518,flash_cxl_ratio,ret_next,-0.0048660142129138394
20260518,flash_cxl_ratio,ret_skip,-0.008556061299358276
20260518,flash_cxl_imb,ret_next,0.016366461907739147
20260518,flash_cxl_imb,ret_skip,0.005326632509991197
20260518,mean_size,ret_next,0.008314939948933757
20260518,mean_size,ret_skip,0.0049979301285747344
20260518,n_ord,ret_next,-0.013090092634255932
20260518,n_ord,ret_skip,-0.016244838382069266
20260518,ord_imb_cnt,ret_next,0.010602772177722989
20260518,ord_imb_cnt,ret_skip,0.0063706936101875136
20260518,ord_imb_vol,ret_next,0.018357557470787107
20260518,ord_imb_vol,ret_skip,-0.0009501365444719707
20260518,cxl_ratio,ret_next,-0.0024728031583467025
20260518,cxl_ratio,ret_skip,0.0005803353221837661
20260518,large_share,ret_next,0.007583457279431939
20260518,large_share,ret_skip,-0.0016034362055902657
20260519,trd_imb,ret_next,-0.03130192614655217
20260519,trd_imb,ret_skip,-0.007588813583044161
20260519,eat_age_imb,ret_next,-0.04130821232101408
20260519,eat_age_imb,ret_skip,-0.026938397062465477
20260519,eat_age_med,ret_next,0.004678095634123507
20260519,eat_age_med,ret_skip,0.008345252535698898
20260519,old_eat_imb,ret_next,-0.04287051689630287
20260519,old_eat_imb,ret_skip,-0.011221971927186415
20260519,cxl_life_med,ret_next,0.0022529398239375872
20260519,cxl_life_med,ret_skip,0.0026908823489111165
20260519,flash_cxl_ratio,ret_next,0.0012946495584151049
20260519,flash_cxl_ratio,ret_skip,-0.0009571870207039552
20260519,flash_cxl_imb,ret_next,0.02102528134219593
20260519,flash_cxl_imb,ret_skip,0.0023741144037864137
20260519,mean_size,ret_next,0.007060217468468347
20260519,mean_size,ret_skip,0.003946748198165035
20260519,n_ord,ret_next,0.00022232382303539197
20260519,n_ord,ret_skip,-0.0033300222199813875
20260519,ord_imb_cnt,ret_next,0.022511060088085077
20260519,ord_imb_cnt,ret_skip,0.003680589305400353
20260519,ord_imb_vol,ret_next,0.029171001615610852
20260519,ord_imb_vol,ret_skip,-0.0051900821605415665
20260519,cxl_ratio,ret_next,-0.0011219944091350937
20260519,cxl_ratio,ret_skip,-0.003143256681970735
20260519,large_share,ret_next,0.00953251968007542
20260519,large_share,ret_skip,0.002057830857995404
20260520,trd_imb,ret_next,-0.03546898552756299
20260520,trd_imb,ret_skip,-0.005676799739005587
20260520,eat_age_imb,ret_next,-0.04341617893198469
20260520,eat_age_imb,ret_skip,-0.022585207241189845
20260520,eat_age_med,ret_next,0.009172235328942471
20260520,eat_age_med,ret_skip,0.009450077363652741
20260520,old_eat_imb,ret_next,-0.049879406006434396
20260520,old_eat_imb,ret_skip,-0.012945255891323
20260520,cxl_life_med,ret_next,0.0005597899566354835
20260520,cxl_life_med,ret_skip,0.0010881632100341126
20260520,flash_cxl_ratio,ret_next,-0.004200697042978108
20260520,flash_cxl_ratio,ret_skip,-0.0037276486106049404
20260520,flash_cxl_imb,ret_next,0.021389697404023415
20260520,flash_cxl_imb,ret_skip,0.0014512663112327625
20260520,mean_size,ret_next,0.0007179914839912344
20260520,mean_size,ret_skip,-0.0024380991908048246
20260520,n_ord,ret_next,-0.008532054584888288
20260520,n_ord,ret_skip,-0.009266216426749364
20260520,ord_imb_cnt,ret_next,0.01443527886363519
20260520,ord_imb_cnt,ret_skip,0.006941378728746031
20260520,ord_imb_vol,ret_next,0.027051668762181905
20260520,ord_imb_vol,ret_skip,-0.0005382691318585357
20260520,cxl_ratio,ret_next,-0.005415000459628027
20260520,cxl_ratio,ret_skip,-0.0014354307427388614
20260520,large_share,ret_next,0.005665977817902392
20260520,large_share,ret_skip,-0.002979858847720424
20260521,trd_imb,ret_next,-0.032583679916435626
20260521,trd_imb,ret_skip,-0.011741192618295745
20260521,eat_age_imb,ret_next,-0.05401095319489245
20260521,eat_age_imb,ret_skip,-0.02373338868065469
20260521,eat_age_med,ret_next,0.03224190641829712
20260521,eat_age_med,ret_skip,0.03437366973494944
20260521,old_eat_imb,ret_next,-0.05116538178969439
20260521,old_eat_imb,ret_skip,-0.01897366164126434
20260521,cxl_life_med,ret_next,0.020742521087631725
20260521,cxl_life_med,ret_skip,0.020058443424002977
20260521,flash_cxl_ratio,ret_next,-0.013695631177006309
20260521,flash_cxl_ratio,ret_skip,-0.013121726041779413
20260521,flash_cxl_imb,ret_next,0.02387164602192549
20260521,flash_cxl_imb,ret_skip,-0.0010591635593018745
20260521,mean_size,ret_next,0.024059999681892458
20260521,mean_size,ret_skip,0.018483896826320224
20260521,n_ord,ret_next,-0.024963201777229514
20260521,n_ord,ret_skip,-0.027849540903994188
20260521,ord_imb_cnt,ret_next,0.016946197894530862
20260521,ord_imb_cnt,ret_skip,-0.004354289955851904
20260521,ord_imb_vol,ret_next,0.023368503454826058
20260521,ord_imb_vol,ret_skip,-0.012094048705906173
20260521,cxl_ratio,ret_next,0.0013553879732525022
20260521,cxl_ratio,ret_skip,0.0038597866579860455
20260521,large_share,ret_next,0.012680548512717119
20260521,large_share,ret_skip,0.0010614516291156772
20260522,trd_imb,ret_next,-0.031204759221631746
20260522,trd_imb,ret_skip,-0.008057262991742363
20260522,eat_age_imb,ret_next,-0.045332853274952976
20260522,eat_age_imb,ret_skip,-0.023555127942322632
20260522,eat_age_med,ret_next,0.00677480221671095
20260522,eat_age_med,ret_skip,0.009841633099924491
20260522,old_eat_imb,ret_next,-0.045332871794075566
20260522,old_eat_imb,ret_skip,-0.014568608975403017
20260522,cxl_life_med,ret_next,0.0007757257485785187
20260522,cxl_life_med,ret_skip,0.006279561254580589
20260522,flash_cxl_ratio,ret_next,0.000355239014720872
20260522,flash_cxl_ratio,ret_skip,-0.005274292700406215
20260522,flash_cxl_imb,ret_next,0.02522939377726427
20260522,flash_cxl_imb,ret_skip,0.0018082537404722516
20260522,mean_size,ret_next,0.005197055141567683
20260522,mean_size,ret_skip,0.002065187736996669
20260522,n_ord,ret_next,-0.00529458298792969
20260522,n_ord,ret_skip,-0.012211043994846406
20260522,ord_imb_cnt,ret_next,0.02041716980703919
20260522,ord_imb_cnt,ret_skip,0.0023396636446637686
20260522,ord_imb_vol,ret_next,0.028101545266363027
20260522,ord_imb_vol,ret_skip,-0.004369524685715922
20260522,cxl_ratio,ret_next,-0.0011460931218167185
20260522,cxl_ratio,ret_skip,0.0015906884236796964
20260522,large_share,ret_next,0.006889141456029726
20260522,large_share,ret_skip,-0.0024234765199051527
20260525,trd_imb,ret_next,-0.03047825685141114
20260525,trd_imb,ret_skip,-0.011850335480567863
20260525,eat_age_imb,ret_next,-0.03462206403107724
20260525,eat_age_imb,ret_skip,-0.02434080039106335
20260525,eat_age_med,ret_next,0.013084101870436104
20260525,eat_age_med,ret_skip,0.013403903989181244
20260525,old_eat_imb,ret_next,-0.04125896061553895
20260525,old_eat_imb,ret_skip,-0.016365179970433887
20260525,cxl_life_med,ret_next,0.011215910005676009
20260525,cxl_life_med,ret_skip,0.008844897320070405
20260525,flash_cxl_ratio,ret_next,-0.0043062076257410885
20260525,flash_cxl_ratio,ret_skip,-0.004090153046885812
20260525,flash_cxl_imb,ret_next,0.02150781758916291
20260525,flash_cxl_imb,ret_skip,0.0014161486003579072
20260525,mean_size,ret_next,0.013139971335689157
20260525,mean_size,ret_skip,0.007686866887367679
20260525,n_ord,ret_next,-0.004411711391026396
20260525,n_ord,ret_skip,-0.004880951142288208
20260525,ord_imb_cnt,ret_next,0.020135726814861372
20260525,ord_imb_cnt,ret_skip,0.0036132765101018656
20260525,ord_imb_vol,ret_next,0.032741813785639305
20260525,ord_imb_vol,ret_skip,-2.618113533683753e-05
20260525,cxl_ratio,ret_next,-0.008977972902641648
20260525,cxl_ratio,ret_skip,-0.004970309744107022
20260525,large_share,ret_next,0.011014122347425851
20260525,large_share,ret_skip,0.0013915462584684773
20260526,trd_imb,ret_next,-0.02454583628192822
20260526,trd_imb,ret_skip,-0.010200088907078818
20260526,eat_age_imb,ret_next,-0.03866640514190487
20260526,eat_age_imb,ret_skip,-0.02066605517274852
20260526,eat_age_med,ret_next,0.012211100873391376
20260526,eat_age_med,ret_skip,0.012710357874369933
20260526,old_eat_imb,ret_next,-0.04048336129661917
20260526,old_eat_imb,ret_skip,-0.016116243984487782
20260526,cxl_life_med,ret_next,0.006134467003842176
20260526,cxl_life_med,ret_skip,0.008357170784958767
20260526,flash_cxl_ratio,ret_next,-0.001766226291848102
20260526,flash_cxl_ratio,ret_skip,-0.0031802195233650984
20260526,flash_cxl_imb,ret_next,0.02609722790561329
20260526,flash_cxl_imb,ret_skip,0.0029008987551745373
20260526,mean_size,ret_next,0.015084546557887912
20260526,mean_size,ret_skip,0.012395998571692391
20260526,n_ord,ret_next,-0.005358978961268223
20260526,n_ord,ret_skip,-0.0069419737467847735
20260526,ord_imb_cnt,ret_next,0.02578754846802699
20260526,ord_imb_cnt,ret_skip,0.004780739494049276
20260526,ord_imb_vol,ret_next,0.033273314409071914
20260526,ord_imb_vol,ret_skip,-0.0015920710516828785
20260526,cxl_ratio,ret_next,-0.00986719120175633
20260526,cxl_ratio,ret_skip,-0.00567186602330848
20260526,large_share,ret_next,0.011214300780518303
20260526,large_share,ret_skip,0.0049893634044003874
20260527,trd_imb,ret_next,-0.02028278956689415
20260527,trd_imb,ret_skip,-0.0012734228264058465
20260527,eat_age_imb,ret_next,-0.03902616719422141
20260527,eat_age_imb,ret_skip,-0.018827667296259076
20260527,eat_age_med,ret_next,0.02010893713530814
20260527,eat_age_med,ret_skip,0.02068439916221714
20260527,old_eat_imb,ret_next,-0.03899278778046286
20260527,old_eat_imb,ret_skip,-0.009550418792418728
20260527,cxl_life_med,ret_next,0.0073136772696197686
20260527,cxl_life_med,ret_skip,0.007136555926395261
20260527,flash_cxl_ratio,ret_next,-0.006229197355137586
20260527,flash_cxl_ratio,ret_skip,-0.008216592001424303
20260527,flash_cxl_imb,ret_next,0.02711608317440477
20260527,flash_cxl_imb,ret_skip,0.011040325627146068
20260527,mean_size,ret_next,0.01783856998663955
20260527,mean_size,ret_skip,0.012628350254743204
20260527,n_ord,ret_next,-0.01811554812126512
20260527,n_ord,ret_skip,-0.020580126430784575
20260527,ord_imb_cnt,ret_next,0.023911961588121443
20260527,ord_imb_cnt,ret_skip,0.01072976023673713
20260527,ord_imb_vol,ret_next,0.032066188953734885
20260527,ord_imb_vol,ret_skip,0.00385417010924747
20260527,cxl_ratio,ret_next,-0.005000519843079109
20260527,cxl_ratio,ret_skip,-0.0006244003619575747
20260527,large_share,ret_next,0.008372654174667092
20260527,large_share,ret_skip,0.00043090049011851816
20260528,trd_imb,ret_next,-0.02722451391353136
20260528,trd_imb,ret_skip,-0.007929792805366036
20260528,eat_age_imb,ret_next,-0.047508826813132454
20260528,eat_age_imb,ret_skip,-0.01961583218598289
20260528,eat_age_med,ret_next,0.0012177464703542352
20260528,eat_age_med,ret_skip,0.0024250810585663965
20260528,old_eat_imb,ret_next,-0.044132634378376195
20260528,old_eat_imb,ret_skip,-0.011315135968923149
20260528,cxl_life_med,ret_next,0.00010583981292442991
20260528,cxl_life_med,ret_skip,0.0010323003124567127
20260528,flash_cxl_ratio,ret_next,0.004230796771232074
20260528,flash_cxl_ratio,ret_skip,-0.002050907497753334
20260528,flash_cxl_imb,ret_next,0.026355865454968784
20260528,flash_cxl_imb,ret_skip,0.0013369323683793002
20260528,mean_size,ret_next,0.0062310094816319835
20260528,mean_size,ret_skip,0.0014911423504948324
20260528,n_ord,ret_next,0.0012480996839693158
20260528,n_ord,ret_skip,-0.0008948202544251052
20260528,ord_imb_cnt,ret_next,0.01627606531916621
20260528,ord_imb_cnt,ret_skip,-0.0011858046079189252
20260528,ord_imb_vol,ret_next,0.0277356854696457
20260528,ord_imb_vol,ret_skip,-0.005041039131590532
20260528,cxl_ratio,ret_next,-0.0023042796666327943
20260528,cxl_ratio,ret_skip,0.0018468662409691246
20260528,large_share,ret_next,0.012289541555667523
20260528,large_share,ret_skip,0.0032861489658976262
20260529,trd_imb,ret_next,-0.022872419198981923
20260529,trd_imb,ret_skip,-0.009998492629393342
20260529,eat_age_imb,ret_next,-0.045250669243876565
20260529,eat_age_imb,ret_skip,-0.014573896476496907
20260529,eat_age_med,ret_next,0.02988203758066007
20260529,eat_age_med,ret_skip,0.027190933085997564
20260529,old_eat_imb,ret_next,-0.04484333888830181
20260529,old_eat_imb,ret_skip,-0.013376255064592302
20260529,cxl_life_med,ret_next,0.01910546941986236
20260529,cxl_life_med,ret_skip,0.019224182152238294
20260529,flash_cxl_ratio,ret_next,-0.012840166458486093
20260529,flash_cxl_ratio,ret_skip,-0.013867616007876645
20260529,flash_cxl_imb,ret_next,0.03172009598901515
20260529,flash_cxl_imb,ret_skip,0.006567815754293375
20260529,mean_size,ret_next,0.024781731733880583
20260529,mean_size,ret_skip,0.022409963967268208
20260529,n_ord,ret_next,-0.02265546891884329
20260529,n_ord,ret_skip,-0.025263750214916385
20260529,ord_imb_cnt,ret_next,0.016608448341782565
20260529,ord_imb_cnt,ret_skip,0.003171351390933059
20260529,ord_imb_vol,ret_next,0.02516561755963112
20260529,ord_imb_vol,ret_skip,-0.0033345821897456584
20260529,cxl_ratio,ret_next,-0.003025957913526281
20260529,cxl_ratio,ret_skip,-0.0038359493949937087
20260529,large_share,ret_next,0.008624442118785106
20260529,large_share,ret_skip,0.0006751790601113321
20260601,trd_imb,ret_next,-0.024341065492255058
20260601,trd_imb,ret_skip,-0.007775962475740558
20260601,eat_age_imb,ret_next,-0.035998458362706424
20260601,eat_age_imb,ret_skip,-0.018389335121795324
20260601,eat_age_med,ret_next,0.038810151133463686
20260601,eat_age_med,ret_skip,0.040333106371491456
20260601,old_eat_imb,ret_next,-0.038735058227003245
20260601,old_eat_imb,ret_skip,-0.01251865966485876
20260601,cxl_life_med,ret_next,0.021978874863822433
20260601,cxl_life_med,ret_skip,0.02671267712667139
20260601,flash_cxl_ratio,ret_next,-0.014949712486394926
20260601,flash_cxl_ratio,ret_skip,-0.020568852965581204
20260601,flash_cxl_imb,ret_next,0.027458864216980343
20260601,flash_cxl_imb,ret_skip,0.005021412868676337
20260601,mean_size,ret_next,0.0292665764471678
20260601,mean_size,ret_skip,0.026825532193617288
20260601,n_ord,ret_next,-0.0344966654272895
20260601,n_ord,ret_skip,-0.041279016774328284
20260601,ord_imb_cnt,ret_next,0.01953974513101282
20260601,ord_imb_cnt,ret_skip,-0.0011342780396514953
20260601,ord_imb_vol,ret_next,0.02976899264121316
20260601,ord_imb_vol,ret_skip,-0.004412642583119242
20260601,cxl_ratio,ret_next,-0.001638336485694167
20260601,cxl_ratio,ret_skip,-0.0011110398753022676
20260601,large_share,ret_next,0.008017253682724075
20260601,large_share,ret_skip,-9.741196983724783e-05
20260602,trd_imb,ret_next,-0.03610430292548636
20260602,trd_imb,ret_skip,-0.007666486237598058
20260602,eat_age_imb,ret_next,-0.04466534695530343
20260602,eat_age_imb,ret_skip,-0.019481633501096746
20260602,eat_age_med,ret_next,0.010249060037338201
20260602,eat_age_med,ret_skip,0.008931492051981635
20260602,old_eat_imb,ret_next,-0.051373152254648474
20260602,old_eat_imb,ret_skip,-0.014656158588939159
20260602,cxl_life_med,ret_next,0.006526673197197625
20260602,cxl_life_med,ret_skip,0.006524094781027322
20260602,flash_cxl_ratio,ret_next,-0.0009663048420705724
20260602,flash_cxl_ratio,ret_skip,-0.00021562746789178903
20260602,flash_cxl_imb,ret_next,0.020741961544508653
20260602,flash_cxl_imb,ret_skip,0.0027996345819348333
20260602,mean_size,ret_next,0.010685039464585065
20260602,mean_size,ret_skip,0.005668972272857167
20260602,n_ord,ret_next,-0.0009781302501558735
20260602,n_ord,ret_skip,-0.002139953697892012
20260602,ord_imb_cnt,ret_next,0.014682278434030893
20260602,ord_imb_cnt,ret_skip,0.003932632746213062
20260602,ord_imb_vol,ret_next,0.025632218768654246
20260602,ord_imb_vol,ret_skip,-0.0026839838799977162
20260602,cxl_ratio,ret_next,-0.001734424420787197
20260602,cxl_ratio,ret_skip,-0.002745452450623791
20260602,large_share,ret_next,0.012079177528470845
20260602,large_share,ret_skip,0.0011309696619739116
20260603,trd_imb,ret_next,-0.03369019596645334
20260603,trd_imb,ret_skip,-0.011875707823364676
20260603,eat_age_imb,ret_next,-0.04857092690327597
20260603,eat_age_imb,ret_skip,-0.0217016236825425
20260603,eat_age_med,ret_next,0.015785148184181565
20260603,eat_age_med,ret_skip,0.02008516034041311
20260603,old_eat_imb,ret_next,-0.05034631977942779
20260603,old_eat_imb,ret_skip,-0.0157688999482583
20260603,cxl_life_med,ret_next,0.006310040912265448
20260603,cxl_life_med,ret_skip,0.008916157558811614
20260603,flash_cxl_ratio,ret_next,-0.0033451942399190817
20260603,flash_cxl_ratio,ret_skip,-0.005725043261612072
20260603,flash_cxl_imb,ret_next,0.025946407490668674
20260603,flash_cxl_imb,ret_skip,-0.00034441917122820994
20260603,mean_size,ret_next,0.014696900680457715
20260603,mean_size,ret_skip,0.010050756610626484
20260603,n_ord,ret_next,-0.012689577721311695
20260603,n_ord,ret_skip,-0.01423449528728192
20260603,ord_imb_cnt,ret_next,0.021023966008200366
20260603,ord_imb_cnt,ret_skip,0.0032831639452505714
20260603,ord_imb_vol,ret_next,0.028167402647546358
20260603,ord_imb_vol,ret_skip,-0.0055668894189309075
20260603,cxl_ratio,ret_next,-0.0020787871274384265
20260603,cxl_ratio,ret_skip,-0.0009052419388844248
20260603,large_share,ret_next,0.010837330382413926
20260603,large_share,ret_skip,0.0029101225365513205
20260604,trd_imb,ret_next,-0.040122598828200594
20260604,trd_imb,ret_skip,-0.010560107635606159
20260604,eat_age_imb,ret_next,-0.05521415029056891
20260604,eat_age_imb,ret_skip,-0.024302964317617227
20260604,eat_age_med,ret_next,0.00946860032508545
20260604,eat_age_med,ret_skip,0.008144970115840842
20260604,old_eat_imb,ret_next,-0.055161979973968746
20260604,old_eat_imb,ret_skip,-0.017305670778352582
20260604,cxl_life_med,ret_next,0.0015806137399587445
20260604,cxl_life_med,ret_skip,0.003493090984522237
20260604,flash_cxl_ratio,ret_next,0.0008802434945416433
20260604,flash_cxl_ratio,ret_skip,-0.004143659531930843
20260604,flash_cxl_imb,ret_next,0.021865344513648972
20260604,flash_cxl_imb,ret_skip,0.000996457656002421
20260604,mean_size,ret_next,0.00710127184969977
20260604,mean_size,ret_skip,0.0021951585856023166
20260604,n_ord,ret_next,-0.0027665185479209455
20260604,n_ord,ret_skip,-0.0030550249831006633
20260604,ord_imb_cnt,ret_next,0.013310919361694486
20260604,ord_imb_cnt,ret_skip,0.0034293832404943556
20260604,ord_imb_vol,ret_next,0.023257968355225502
20260604,ord_imb_vol,ret_skip,-0.002433325909593814
20260604,cxl_ratio,ret_next,-0.0032010457908510795
20260604,cxl_ratio,ret_skip,-0.0014065897829552648
20260604,large_share,ret_next,0.011192045973492954
20260604,large_share,ret_skip,0.002367087330387546
20260605,trd_imb,ret_next,-0.02247230946081361
20260605,trd_imb,ret_skip,-0.0050349231620481095
20260605,eat_age_imb,ret_next,-0.042328407585515725
20260605,eat_age_imb,ret_skip,-0.018200247590315334
20260605,eat_age_med,ret_next,0.01242838571125413
20260605,eat_age_med,ret_skip,0.018353828928875524
20260605,old_eat_imb,ret_next,-0.0400147890480737
20260605,old_eat_imb,ret_skip,-0.013298219756354574
20260605,cxl_life_med,ret_next,-0.0039630554468647345
20260605,cxl_life_med,ret_skip,0.00018245074491342084
20260605,flash_cxl_ratio,ret_next,-0.00364320735150518
20260605,flash_cxl_ratio,ret_skip,-0.0074426388107911665
20260605,flash_cxl_imb,ret_next,0.03675284954928613
20260605,flash_cxl_imb,ret_skip,0.007658295433719556
20260605,mean_size,ret_next,0.005937471672282543
20260605,mean_size,ret_skip,0.003585773720132072
20260605,n_ord,ret_next,-0.01748402441380827
20260605,n_ord,ret_skip,-0.021931898414996924
20260605,ord_imb_cnt,ret_next,0.026288821301701296
20260605,ord_imb_cnt,ret_skip,0.005260731104295804
20260605,ord_imb_vol,ret_next,0.029789191254224814
20260605,ord_imb_vol,ret_skip,-0.00455103660368235
20260605,cxl_ratio,ret_next,0.003594120377415214
20260605,cxl_ratio,ret_skip,0.005289840592153608
20260605,large_share,ret_next,0.006770560064767321
20260605,large_share,ret_skip,-0.000985229758164282
20260608,trd_imb,ret_next,-0.03300396233262192
20260608,trd_imb,ret_skip,-0.0181300820438132
20260608,eat_age_imb,ret_next,-0.06280984669899346
20260608,eat_age_imb,ret_skip,-0.021683343097767295
20260608,eat_age_med,ret_next,0.015121458500461862
20260608,eat_age_med,ret_skip,0.015300161174971927
20260608,old_eat_imb,ret_next,-0.05628693936009323
20260608,old_eat_imb,ret_skip,-0.021768663902888598
20260608,cxl_life_med,ret_next,0.0068795320500382685
20260608,cxl_life_med,ret_skip,0.008123073232581017
20260608,flash_cxl_ratio,ret_next,0.0038646560927509182
20260608,flash_cxl_ratio,ret_skip,-0.003044431086007685
20260608,flash_cxl_imb,ret_next,0.027702887950206787
20260608,flash_cxl_imb,ret_skip,-0.003417429530086185
20260608,mean_size,ret_next,0.017697213917400662
20260608,mean_size,ret_skip,0.010074713427981134
20260608,n_ord,ret_next,-0.004750243231652278
20260608,n_ord,ret_skip,-0.00952469654178574
20260608,ord_imb_cnt,ret_next,0.012232146214472777
20260608,ord_imb_cnt,ret_skip,-0.010170018648745208
20260608,ord_imb_vol,ret_next,0.017180962851437828
20260608,ord_imb_vol,ret_skip,-0.013892972594592698
20260608,cxl_ratio,ret_next,0.001968322352414807
20260608,cxl_ratio,ret_skip,-0.0020102087299678946
20260608,large_share,ret_next,0.01744916434378761
20260608,large_share,ret_skip,0.0025385851444038893
20260609,trd_imb,ret_next,-0.03384142396100143
20260609,trd_imb,ret_skip,-0.015055741481991125
20260609,eat_age_imb,ret_next,-0.04776229502647574
20260609,eat_age_imb,ret_skip,-0.027301287029069254
20260609,eat_age_med,ret_next,0.007584774808921704
20260609,eat_age_med,ret_skip,0.010570449830258725
20260609,old_eat_imb,ret_next,-0.04673984376034414
20260609,old_eat_imb,ret_skip,-0.02063823934567273
20260609,cxl_life_med,ret_next,-0.0029088354833159426
20260609,cxl_life_med,ret_skip,0.0043569598098779985
20260609,flash_cxl_ratio,ret_next,0.005033728171552474
20260609,flash_cxl_ratio,ret_skip,0.0010210135197126233
20260609,flash_cxl_imb,ret_next,0.026774647242503603
20260609,flash_cxl_imb,ret_skip,-0.0015432549013665218
20260609,mean_size,ret_next,0.00845211195119436
20260609,mean_size,ret_skip,0.004082031716857138
20260609,n_ord,ret_next,0.0016619834352741554
20260609,n_ord,ret_skip,-0.0035832222671680278
20260609,ord_imb_cnt,ret_next,0.016782671847860028
20260609,ord_imb_cnt,ret_skip,-0.004705778927395478
20260609,ord_imb_vol,ret_next,0.02863071806468274
20260609,ord_imb_vol,ret_skip,-0.006851336687139913
20260609,cxl_ratio,ret_next,-0.00010988070170172559
20260609,cxl_ratio,ret_skip,0.0010383284140580559
20260609,large_share,ret_next,0.012593128480771616
20260609,large_share,ret_skip,0.001962644248813563
20260610,trd_imb,ret_next,-0.02796932510442617
20260610,trd_imb,ret_skip,-0.01459421555130296
20260610,eat_age_imb,ret_next,-0.05243153533969296
20260610,eat_age_imb,ret_skip,-0.028200243557194846
20260610,eat_age_med,ret_next,0.014228383803568011
20260610,eat_age_med,ret_skip,0.019422900847343813
20260610,old_eat_imb,ret_next,-0.046028501574719584
20260610,old_eat_imb,ret_skip,-0.021340378218956416
20260610,cxl_life_med,ret_next,0.005998861634731174
20260610,cxl_life_med,ret_skip,0.005753174188405308
20260610,flash_cxl_ratio,ret_next,-0.007214935709436196
20260610,flash_cxl_ratio,ret_skip,-0.006379624147163886
20260610,flash_cxl_imb,ret_next,0.03620393312671413
20260610,flash_cxl_imb,ret_skip,0.0012653483285697679
20260610,mean_size,ret_next,0.007713254818248392
20260610,mean_size,ret_skip,0.004409052000170022
20260610,n_ord,ret_next,-0.013260752596840777
20260610,n_ord,ret_skip,-0.014566037797801787
20260610,ord_imb_cnt,ret_next,0.025928082597190722
20260610,ord_imb_cnt,ret_skip,-0.005045815627503282
20260610,ord_imb_vol,ret_next,0.033844820230830984
20260610,ord_imb_vol,ret_skip,-0.011483195725532459
20260610,cxl_ratio,ret_next,-0.006006089745102066
20260610,cxl_ratio,ret_skip,-0.0015555554571248242
20260610,large_share,ret_next,0.00985953115691055
20260610,large_share,ret_skip,0.0005282792977982907
20260611,trd_imb,ret_next,-0.03378010798355385
20260611,trd_imb,ret_skip,-0.011479397478813517
20260611,eat_age_imb,ret_next,-0.053120223552987365
20260611,eat_age_imb,ret_skip,-0.019748778757788812
20260611,eat_age_med,ret_next,0.011638174387566702
20260611,eat_age_med,ret_skip,0.010152569731650239
20260611,old_eat_imb,ret_next,-0.05216465109004401
20260611,old_eat_imb,ret_skip,-0.01679878609402234
20260611,cxl_life_med,ret_next,0.0064806160948516715
20260611,cxl_life_med,ret_skip,0.00511938574680936
20260611,flash_cxl_ratio,ret_next,-0.005031124618072226
20260611,flash_cxl_ratio,ret_skip,-0.005188796090240298
20260611,flash_cxl_imb,ret_next,0.03393422360018559
20260611,flash_cxl_imb,ret_skip,0.0016148316164133895
20260611,mean_size,ret_next,0.008572974780416031
20260611,mean_size,ret_skip,0.0022811075030246502
20260611,n_ord,ret_next,-0.009920852234461212
20260611,n_ord,ret_skip,-0.011701707610899085
20260611,ord_imb_cnt,ret_next,0.020051122777314263
20260611,ord_imb_cnt,ret_skip,-0.0005225303665640726
20260611,ord_imb_vol,ret_next,0.027516563113662355
20260611,ord_imb_vol,ret_skip,-0.005600883653800219
20260611,cxl_ratio,ret_next,-0.007043942011785929
20260611,cxl_ratio,ret_skip,-0.003148285984417903
20260611,large_share,ret_next,0.01080289782600402
20260611,large_share,ret_skip,-0.0019564257278898425
20260612,trd_imb,ret_next,-0.028386860774199576
20260612,trd_imb,ret_skip,-0.016223483373521058
20260612,eat_age_imb,ret_next,-0.040928477676245335
20260612,eat_age_imb,ret_skip,-0.024582775082846293
20260612,eat_age_med,ret_next,0.027696333013770422
20260612,eat_age_med,ret_skip,0.030256989603650388
20260612,old_eat_imb,ret_next,-0.04141395734299979
20260612,old_eat_imb,ret_skip,-0.02277807728195123
20260612,cxl_life_med,ret_next,0.01509650858311284
20260612,cxl_life_med,ret_skip,0.019853193564798238
20260612,flash_cxl_ratio,ret_next,-0.01240025566688662
20260612,flash_cxl_ratio,ret_skip,-0.014750141084917963
20260612,flash_cxl_imb,ret_next,0.036599247632542006
20260612,flash_cxl_imb,ret_skip,0.0008021014803972446
20260612,mean_size,ret_next,0.01908190848234505
20260612,mean_size,ret_skip,0.019163562638709525
20260612,n_ord,ret_next,-0.02154482093159858
20260612,n_ord,ret_skip,-0.02734802394086666
20260612,ord_imb_cnt,ret_next,0.02825696244972178
20260612,ord_imb_cnt,ret_skip,-0.0055372972196922
20260612,ord_imb_vol,ret_next,0.033205623145351484
20260612,ord_imb_vol,ret_skip,-0.010363104189655045
20260612,cxl_ratio,ret_next,-0.002986957111277196
20260612,cxl_ratio,ret_skip,-0.0029920384767377424
20260612,large_share,ret_next,0.003579565122916171
20260612,large_share,ret_skip,0.0006333058704449017
20260615,trd_imb,ret_next,-0.039338981437875925
20260615,trd_imb,ret_skip,-0.017605635742172124
20260615,eat_age_imb,ret_next,-0.04549810485142341
20260615,eat_age_imb,ret_skip,-0.02802981423552488
20260615,eat_age_med,ret_next,-0.0017485076193010146
20260615,eat_age_med,ret_skip,-0.0011620462334908962
20260615,old_eat_imb,ret_next,-0.05259278311181182
20260615,old_eat_imb,ret_skip,-0.021912356846159997
20260615,cxl_life_med,ret_next,0.002897990792565725
20260615,cxl_life_med,ret_skip,0.003780446080701041
20260615,flash_cxl_ratio,ret_next,-6.993111988662104e-06
20260615,flash_cxl_ratio,ret_skip,0.000667621784383854
20260615,flash_cxl_imb,ret_next,0.022301377778617227
20260615,flash_cxl_imb,ret_skip,-0.002465539041874198
20260615,mean_size,ret_next,0.0017197912565772376
20260615,mean_size,ret_skip,-0.003840781377205993
20260615,n_ord,ret_next,0.009169034492883676
20260615,n_ord,ret_skip,0.007947020885704717
20260615,ord_imb_cnt,ret_next,0.011688295139063293
20260615,ord_imb_cnt,ret_skip,-0.0055556995630909965
20260615,ord_imb_vol,ret_next,0.019692581656397902
20260615,ord_imb_vol,ret_skip,-0.011272740394686643
20260615,cxl_ratio,ret_next,-0.0003301033563388559
20260615,cxl_ratio,ret_skip,-0.0047850554953948405
20260615,large_share,ret_next,0.011651461454096769
20260615,large_share,ret_skip,-0.00010257510669158697
20260616,trd_imb,ret_next,-0.031359000584295686
20260616,trd_imb,ret_skip,-0.012896984269733163
20260616,eat_age_imb,ret_next,-0.04533309273399852
20260616,eat_age_imb,ret_skip,-0.026391118481059014
20260616,eat_age_med,ret_next,0.013410734421222564
20260616,eat_age_med,ret_skip,0.01411573833913783
20260616,old_eat_imb,ret_next,-0.0453212450238873
20260616,old_eat_imb,ret_skip,-0.017148730049733916
20260616,cxl_life_med,ret_next,0.005808146984596949
20260616,cxl_life_med,ret_skip,0.009772224803402781
20260616,flash_cxl_ratio,ret_next,-0.004709889161538135
20260616,flash_cxl_ratio,ret_skip,-0.01018527572297333
20260616,flash_cxl_imb,ret_next,0.03106824656087209
20260616,flash_cxl_imb,ret_skip,-0.0015540802578915954
20260616,mean_size,ret_next,0.006990151352618019
20260616,mean_size,ret_skip,0.003845096647649363
20260616,n_ord,ret_next,-0.01138542400605648
20260616,n_ord,ret_skip,-0.017932297298261866
20260616,ord_imb_cnt,ret_next,0.025612816670139017
20260616,ord_imb_cnt,ret_skip,0.0033340260596866293
20260616,ord_imb_vol,ret_next,0.031141041493546243
20260616,ord_imb_vol,ret_skip,-0.006007643067489982
20260616,cxl_ratio,ret_next,-0.005794735261729631
20260616,cxl_ratio,ret_skip,-0.0016360261733246054
20260616,large_share,ret_next,0.007929829560987443
20260616,large_share,ret_skip,-0.0016805008807526181
20260617,trd_imb,ret_next,-0.03549557810786316
20260617,trd_imb,ret_skip,-0.015185257575694926
20260617,eat_age_imb,ret_next,-0.04449875719925964
20260617,eat_age_imb,ret_skip,-0.026878846814418694
20260617,eat_age_med,ret_next,0.008217353976366432
20260617,eat_age_med,ret_skip,0.006584764187990999
20260617,old_eat_imb,ret_next,-0.04841056892420294
20260617,old_eat_imb,ret_skip,-0.020202217519676515
20260617,cxl_life_med,ret_next,0.005586566428122515
20260617,cxl_life_med,ret_skip,0.006728669449537602
20260617,flash_cxl_ratio,ret_next,-0.00015008872877380665
20260617,flash_cxl_ratio,ret_skip,-0.003450466275357855
20260617,flash_cxl_imb,ret_next,0.02401747998526186
20260617,flash_cxl_imb,ret_skip,-0.0005302679211848702
20260617,mean_size,ret_next,0.007131160248403248
20260617,mean_size,ret_skip,0.0006985323980028897
20260617,n_ord,ret_next,0.002990013756794325
20260617,n_ord,ret_skip,-5.126343494026776e-05
20260617,ord_imb_cnt,ret_next,0.018574137274501988
20260617,ord_imb_cnt,ret_skip,0.0029745254984927826
20260617,ord_imb_vol,ret_next,0.030184055334067445
20260617,ord_imb_vol,ret_skip,-0.00621426463533913
20260617,cxl_ratio,ret_next,-0.005411472875091669
20260617,cxl_ratio,ret_skip,-0.005806559104674796
20260617,large_share,ret_next,0.015102702058622958
20260617,large_share,ret_skip,0.0011765240236014318
20260618,trd_imb,ret_next,-0.0371605963991762
20260618,trd_imb,ret_skip,-0.016198742846965004
20260618,eat_age_imb,ret_next,-0.04705919558563051
20260618,eat_age_imb,ret_skip,-0.030200032161925478
20260618,eat_age_med,ret_next,0.01346508882497306
20260618,eat_age_med,ret_skip,0.013920108972107858
20260618,old_eat_imb,ret_next,-0.05085714288312902
20260618,old_eat_imb,ret_skip,-0.0233233334435561
20260618,cxl_life_med,ret_next,0.005071650535088199
20260618,cxl_life_med,ret_skip,0.006305593081627669
20260618,flash_cxl_ratio,ret_next,-0.005818464177109238
20260618,flash_cxl_ratio,ret_skip,-0.007194924730921004
20260618,flash_cxl_imb,ret_next,0.028041072518563186
20260618,flash_cxl_imb,ret_skip,-0.0002469804882229917
20260618,mean_size,ret_next,0.004409237085588714
20260618,mean_size,ret_skip,-0.0009952268438894213
20260618,n_ord,ret_next,-0.011848555442672574
20260618,n_ord,ret_skip,-0.014108502635125015
20260618,ord_imb_cnt,ret_next,0.019150047004111503
20260618,ord_imb_cnt,ret_skip,0.00044517448749431093
20260618,ord_imb_vol,ret_next,0.02987819702929784
20260618,ord_imb_vol,ret_skip,-0.0074700111320744975
20260618,cxl_ratio,ret_next,-0.002675042558517966
20260618,cxl_ratio,ret_skip,-0.00047742823520810414
20260618,large_share,ret_next,0.007916186942407456
20260618,large_share,ret_skip,-0.002648509347382782
20260622,trd_imb,ret_next,-0.013048912287299607
20260622,trd_imb,ret_skip,-0.0033404245441285185
20260622,eat_age_imb,ret_next,-0.02946838115516165
20260622,eat_age_imb,ret_skip,-0.01480780881095993
20260622,eat_age_med,ret_next,0.006878332705608017
20260622,eat_age_med,ret_skip,0.013067883291473608
20260622,old_eat_imb,ret_next,-0.027933963587779293
20260622,old_eat_imb,ret_skip,-0.0047885432935971806
20260622,cxl_life_med,ret_next,0.0045636289574361565
20260622,cxl_life_med,ret_skip,0.007684807136582171
20260622,flash_cxl_ratio,ret_next,-0.0006519900690016512
20260622,flash_cxl_ratio,ret_skip,-0.006516521126457959
20260622,flash_cxl_imb,ret_next,0.03509989923616075
20260622,flash_cxl_imb,ret_skip,0.009986890352976117
20260622,mean_size,ret_next,0.012773626567756487
20260622,mean_size,ret_skip,0.008908483056731649
20260622,n_ord,ret_next,-0.0057353571684999076
20260622,n_ord,ret_skip,-0.010063981283558484
20260622,ord_imb_cnt,ret_next,0.027863846447062766
20260622,ord_imb_cnt,ret_skip,0.010498180279658579
20260622,ord_imb_vol,ret_next,0.03570282741511084
20260622,ord_imb_vol,ret_skip,-0.0009500916111624729
20260622,cxl_ratio,ret_next,-0.009812178996243164
20260622,cxl_ratio,ret_skip,-0.004661517424130702
20260622,large_share,ret_next,0.011109516705494243
20260622,large_share,ret_skip,0.0024623247118701584
20260623,trd_imb,ret_next,-0.038960926831176336
20260623,trd_imb,ret_skip,-0.016956442665180087
20260623,eat_age_imb,ret_next,-0.04261175600568769
20260623,eat_age_imb,ret_skip,-0.031020183491468085
20260623,eat_age_med,ret_next,0.02712577698651663
20260623,eat_age_med,ret_skip,0.02571646521093837
20260623,old_eat_imb,ret_next,-0.053205800137457425
20260623,old_eat_imb,ret_skip,-0.02353924871959509
20260623,cxl_life_med,ret_next,0.010742188327943445
20260623,cxl_life_med,ret_skip,0.010518205744186528
20260623,flash_cxl_ratio,ret_next,-0.012336716560115682
20260623,flash_cxl_ratio,ret_skip,-0.01221773796233481
20260623,flash_cxl_imb,ret_next,0.025210449913907557
20260623,flash_cxl_imb,ret_skip,-0.0020035747477761883
20260623,mean_size,ret_next,0.012235296004642023
20260623,mean_size,ret_skip,0.008208420135316386
20260623,n_ord,ret_next,-0.027037660597428122
20260623,n_ord,ret_skip,-0.02876075996454731
20260623,ord_imb_cnt,ret_next,0.02305163542433789
20260623,ord_imb_cnt,ret_skip,0.0014269034374337884
20260623,ord_imb_vol,ret_next,0.02805525586837972
20260623,ord_imb_vol,ret_skip,-0.009103648455989198
20260623,cxl_ratio,ret_next,0.0027504905239305404
20260623,cxl_ratio,ret_skip,0.003217719839017693
20260623,large_share,ret_next,0.004943199636531772
20260623,large_share,ret_skip,-0.00362751818906906
20260624,trd_imb,ret_next,-0.034738578870310975
20260624,trd_imb,ret_skip,-0.011400191290631136
20260624,eat_age_imb,ret_next,-0.05282996773241328
20260624,eat_age_imb,ret_skip,-0.023242740004475862
20260624,eat_age_med,ret_next,-0.0008160217366860527
20260624,eat_age_med,ret_skip,-0.002047884098235952
20260624,old_eat_imb,ret_next,-0.053466567628576246
20260624,old_eat_imb,ret_skip,-0.017306878113084182
20260624,cxl_life_med,ret_next,0.003205543360446443
20260624,cxl_life_med,ret_skip,0.0017921345921871163
20260624,flash_cxl_ratio,ret_next,0.0004795192456908862
20260624,flash_cxl_ratio,ret_skip,0.0012576171401606614
20260624,flash_cxl_imb,ret_next,0.016823165115461343
20260624,flash_cxl_imb,ret_skip,-0.003737449052695774
20260624,mean_size,ret_next,0.004548020624678995
20260624,mean_size,ret_skip,-0.001220768486088777
20260624,n_ord,ret_next,0.010373754890765564
20260624,n_ord,ret_skip,0.009597920444882715
20260624,ord_imb_cnt,ret_next,0.010332616854436148
20260624,ord_imb_cnt,ret_skip,-0.002060080861153465
20260624,ord_imb_vol,ret_next,0.01687905436702401
20260624,ord_imb_vol,ret_skip,-0.012015099493943122
20260624,cxl_ratio,ret_next,-0.006256654142561468
20260624,cxl_ratio,ret_skip,-0.004926275776259096
20260624,large_share,ret_next,0.010606389495186904
20260624,large_share,ret_skip,0.0005619667528762128
20260625,trd_imb,ret_next,-0.026711819344642552
20260625,trd_imb,ret_skip,-0.0052818788568321515
20260625,eat_age_imb,ret_next,-0.03922113775065142
20260625,eat_age_imb,ret_skip,-0.019880680747617098
20260625,eat_age_med,ret_next,0.012809769645997966
20260625,eat_age_med,ret_skip,0.00896372322935147
20260625,old_eat_imb,ret_next,-0.039857019617783485
20260625,old_eat_imb,ret_skip,-0.010614759246348415
20260625,cxl_life_med,ret_next,0.008505421768917292
20260625,cxl_life_med,ret_skip,0.010732081104992226
20260625,flash_cxl_ratio,ret_next,-0.004122269357934256
20260625,flash_cxl_ratio,ret_skip,-0.007189119621945747
20260625,flash_cxl_imb,ret_next,0.025929839403326244
20260625,flash_cxl_imb,ret_skip,0.008051302940385132
20260625,mean_size,ret_next,0.009946505174958077
20260625,mean_size,ret_skip,0.005280882026131824
20260625,n_ord,ret_next,-0.0034621260564828052
20260625,n_ord,ret_skip,-0.005955033917231315
20260625,ord_imb_cnt,ret_next,0.021510294925986474
20260625,ord_imb_cnt,ret_skip,0.01216536685900534
20260625,ord_imb_vol,ret_next,0.03262415549768846
20260625,ord_imb_vol,ret_skip,0.0030736698174115883
20260625,cxl_ratio,ret_next,-0.008190708057372464
20260625,cxl_ratio,ret_skip,-0.007220473795587361
20260625,large_share,ret_next,0.010757010763626847
20260625,large_share,ret_skip,0.0010943654574522487
20260626,trd_imb,ret_next,-0.024579049475792425
20260626,trd_imb,ret_skip,-0.010940029414076857
20260626,eat_age_imb,ret_next,-0.04003783984289592
20260626,eat_age_imb,ret_skip,-0.025829966534211993
20260626,eat_age_med,ret_next,0.017584525863613504
20260626,eat_age_med,ret_skip,0.021075577171983023
20260626,old_eat_imb,ret_next,-0.043330090322263946
20260626,old_eat_imb,ret_skip,-0.017327338999041514
20260626,cxl_life_med,ret_next,0.008752592291232921
20260626,cxl_life_med,ret_skip,0.011433508330001594
20260626,flash_cxl_ratio,ret_next,-0.007874956425969418
20260626,flash_cxl_ratio,ret_skip,-0.011110206933042724
20260626,flash_cxl_imb,ret_next,0.0335031128013054
20260626,flash_cxl_imb,ret_skip,0.004409126408707833
20260626,mean_size,ret_next,0.017474427144386035
20260626,mean_size,ret_skip,0.010679732008404299
20260626,n_ord,ret_next,-0.016839984296978333
20260626,n_ord,ret_skip,-0.021509753037595974
20260626,ord_imb_cnt,ret_next,0.026429895146299856
20260626,ord_imb_cnt,ret_skip,0.00316572291284887
20260626,ord_imb_vol,ret_next,0.036695836100008615
20260626,ord_imb_vol,ret_skip,-0.0020229972446120835
20260626,cxl_ratio,ret_next,-0.0010405360548600476
20260626,cxl_ratio,ret_skip,0.002418940136948058
20260626,large_share,ret_next,0.011789449365280775
20260626,large_share,ret_skip,-0.0005841602349602765
20260629,trd_imb,ret_next,-0.026905901229664644
20260629,trd_imb,ret_skip,-0.0014789504798762183
20260629,eat_age_imb,ret_next,-0.03259862933950772
20260629,eat_age_imb,ret_skip,-0.009966741605470864
20260629,eat_age_med,ret_next,0.010645233982670161
20260629,eat_age_med,ret_skip,0.015734485055849935
20260629,old_eat_imb,ret_next,-0.042901658811414924
20260629,old_eat_imb,ret_skip,-0.0040347441322282
20260629,cxl_life_med,ret_next,0.004364499187874767
20260629,cxl_life_med,ret_skip,0.008468993563561756
20260629,flash_cxl_ratio,ret_next,-0.00206524499624055
20260629,flash_cxl_ratio,ret_skip,-0.007141487406501104
20260629,flash_cxl_imb,ret_next,0.025545739188516204
20260629,flash_cxl_imb,ret_skip,0.008171059096592175
20260629,mean_size,ret_next,0.01146489370492335
20260629,mean_size,ret_skip,0.006528295151830603
20260629,n_ord,ret_next,-0.007495019210616273
20260629,n_ord,ret_skip,-0.011050208476737867
20260629,ord_imb_cnt,ret_next,0.01762256888322343
20260629,ord_imb_cnt,ret_skip,0.014801732062674032
20260629,ord_imb_vol,ret_next,0.028323051127898027
20260629,ord_imb_vol,ret_skip,0.006752209240128551
20260629,cxl_ratio,ret_next,-0.0019874691265988906
20260629,cxl_ratio,ret_skip,0.0027264291400379433
20260629,large_share,ret_next,0.009649647092320546
20260629,large_share,ret_skip,-2.700185771173095e-05
20260630,trd_imb,ret_next,-0.038841313447035807
20260630,trd_imb,ret_skip,-0.008615700397082413
20260630,eat_age_imb,ret_next,-0.04617934472287745
20260630,eat_age_imb,ret_skip,-0.02135199187747021
20260630,eat_age_med,ret_next,0.0007996865305940807
20260630,eat_age_med,ret_skip,0.0029465482215625585
20260630,old_eat_imb,ret_next,-0.05491401966084256
20260630,old_eat_imb,ret_skip,-0.013725715554121455
20260630,cxl_life_med,ret_next,-0.0010456632871346696
20260630,cxl_life_med,ret_skip,0.002847776048087607
20260630,flash_cxl_ratio,ret_next,-0.0012381148494956117
20260630,flash_cxl_ratio,ret_skip,-0.001491066963743681
20260630,flash_cxl_imb,ret_next,0.017687757006057285
20260630,flash_cxl_imb,ret_skip,0.000695455806093136
20260630,mean_size,ret_next,0.00204040299747119
20260630,mean_size,ret_skip,-0.0033315209681989005
20260630,n_ord,ret_next,0.006386377505659228
20260630,n_ord,ret_skip,0.0026670906791942447
20260630,ord_imb_cnt,ret_next,0.007920090786773458
20260630,ord_imb_cnt,ret_skip,0.0025613473594935567
20260630,ord_imb_vol,ret_next,0.019411122553693896
20260630,ord_imb_vol,ret_skip,-0.0008325651921112896
20260630,cxl_ratio,ret_next,-0.0029001731981763354
20260630,cxl_ratio,ret_skip,-0.00044388864297111675
20260630,large_share,ret_next,0.010105770897398761
20260630,large_share,ret_skip,-0.0024592147799132416
20260701,trd_imb,ret_next,-0.0135307774612989
20260701,trd_imb,ret_skip,-0.0025067844589501667
20260701,eat_age_imb,ret_next,-0.02321714968488441
20260701,eat_age_imb,ret_skip,-0.01431222996131641
20260701,eat_age_med,ret_next,0.022440090233376137
20260701,eat_age_med,ret_skip,0.02790708720398064
20260701,old_eat_imb,ret_next,-0.025468596753982924
20260701,old_eat_imb,ret_skip,-0.006083393226210164
20260701,cxl_life_med,ret_next,0.009221957034608009
20260701,cxl_life_med,ret_skip,0.01229487448897818
20260701,flash_cxl_ratio,ret_next,-0.009918859138498898
20260701,flash_cxl_ratio,ret_skip,-0.014507766634777408
20260701,flash_cxl_imb,ret_next,0.03785100399428898
20260701,flash_cxl_imb,ret_skip,0.008025389526735462
20260701,mean_size,ret_next,0.01955630294501207
20260701,mean_size,ret_skip,0.015578919922506117
20260701,n_ord,ret_next,-0.02324785761982442
20260701,n_ord,ret_skip,-0.02728794972048529
20260701,ord_imb_cnt,ret_next,0.0405892327243721
20260701,ord_imb_cnt,ret_skip,0.013112817689850382
20260701,ord_imb_vol,ret_next,0.041462766228712575
20260701,ord_imb_vol,ret_skip,0.0031046221920934917
20260701,cxl_ratio,ret_next,-0.0011384683873098625
20260701,cxl_ratio,ret_skip,-0.0016210507974688524
20260701,large_share,ret_next,0.0065736010845066925
20260701,large_share,ret_skip,-0.003103139337716866
20260702,trd_imb,ret_next,-0.028222666328717103
20260702,trd_imb,ret_skip,-0.013621510921405922
20260702,eat_age_imb,ret_next,-0.04701025876569317
20260702,eat_age_imb,ret_skip,-0.022379438199328177
20260702,eat_age_med,ret_next,0.03284838778514451
20260702,eat_age_med,ret_skip,0.030168492035169373
20260702,old_eat_imb,ret_next,-0.047513243244042026
20260702,old_eat_imb,ret_skip,-0.019242456641320363
20260702,cxl_life_med,ret_next,0.017033866409396404
20260702,cxl_life_med,ret_skip,0.019827921170473523
20260702,flash_cxl_ratio,ret_next,-0.011272859223506132
20260702,flash_cxl_ratio,ret_skip,-0.015123875781913975
20260702,flash_cxl_imb,ret_next,0.021911317618518337
20260702,flash_cxl_imb,ret_skip,-0.0006690044904277978
20260702,mean_size,ret_next,0.02255736484375911
20260702,mean_size,ret_skip,0.015436440564687959
20260702,n_ord,ret_next,-0.025530312669890406
20260702,n_ord,ret_skip,-0.028008245732553068
20260702,ord_imb_cnt,ret_next,0.024191000296067335
20260702,ord_imb_cnt,ret_skip,-0.0011338650438593697
20260702,ord_imb_vol,ret_next,0.024068272891783822
20260702,ord_imb_vol,ret_skip,-0.008945400861151644
20260702,cxl_ratio,ret_next,0.005545266620673179
20260702,cxl_ratio,ret_skip,0.004400385922569049
20260702,large_share,ret_next,0.009591896760365972
20260702,large_share,ret_skip,-0.006250367729248525
20260703,trd_imb,ret_next,-0.028800481848566498
20260703,trd_imb,ret_skip,-0.015985369696363983
20260703,eat_age_imb,ret_next,-0.04116088841668628
20260703,eat_age_imb,ret_skip,-0.02458151548776535
20260703,eat_age_med,ret_next,0.022191473984673176
20260703,eat_age_med,ret_skip,0.023201375708721578
20260703,old_eat_imb,ret_next,-0.04377255865953615
20260703,old_eat_imb,ret_skip,-0.02370952293319817
20260703,cxl_life_med,ret_next,0.013057243060087187
20260703,cxl_life_med,ret_skip,0.017430129326687773
20260703,flash_cxl_ratio,ret_next,-0.014158950583452004
20260703,flash_cxl_ratio,ret_skip,-0.016835877941830033
20260703,flash_cxl_imb,ret_next,0.025467130231555387
20260703,flash_cxl_imb,ret_skip,-0.004106815650281428
20260703,mean_size,ret_next,0.013419146391576965
20260703,mean_size,ret_skip,0.00808227380326722
20260703,n_ord,ret_next,-0.025216893297978358
20260703,n_ord,ret_skip,-0.029367803698642524
20260703,ord_imb_cnt,ret_next,0.026212834295055932
20260703,ord_imb_cnt,ret_skip,-0.00481484874734412
20260703,ord_imb_vol,ret_next,0.026526477687350503
20260703,ord_imb_vol,ret_skip,-0.01143584512739357
20260703,cxl_ratio,ret_next,0.002009925335359665
20260703,cxl_ratio,ret_skip,0.0022601382850550604
20260703,large_share,ret_next,0.005562858706908812
20260703,large_share,ret_skip,-0.0076761579983818315
20260706,trd_imb,ret_next,-0.02285156506002994
20260706,trd_imb,ret_skip,-0.01433851495432274
20260706,eat_age_imb,ret_next,-0.03853821450263429
20260706,eat_age_imb,ret_skip,-0.02853199588528705
20260706,eat_age_med,ret_next,0.023602010656950806
20260706,eat_age_med,ret_skip,0.027684813140338545
20260706,old_eat_imb,ret_next,-0.03985585527418823
20260706,old_eat_imb,ret_skip,-0.023615687407056392
20260706,cxl_life_med,ret_next,0.013258443573364448
20260706,cxl_life_med,ret_skip,0.01142649902968137
20260706,flash_cxl_ratio,ret_next,-0.011586578507748961
20260706,flash_cxl_ratio,ret_skip,-0.009154967838307857
20260706,flash_cxl_imb,ret_next,0.031095112426416088
20260706,flash_cxl_imb,ret_skip,-0.0024236370124030315
20260706,mean_size,ret_next,0.017403735295335156
20260706,mean_size,ret_skip,0.013287657679289244
20260706,n_ord,ret_next,-0.017856857292601294
20260706,n_ord,ret_skip,-0.021134583836910966
20260706,ord_imb_cnt,ret_next,0.02635202616218769
20260706,ord_imb_cnt,ret_skip,-0.006746012164094995
20260706,ord_imb_vol,ret_next,0.030374298374371708
20260706,ord_imb_vol,ret_skip,-0.01271208087936672
20260706,cxl_ratio,ret_next,0.002401338457149795
20260706,cxl_ratio,ret_skip,0.002492741765124147
20260706,large_share,ret_next,0.01001871519388307
20260706,large_share,ret_skip,-0.001370363094156585
20260707,trd_imb,ret_next,-0.0451620384365978
20260707,trd_imb,ret_skip,-0.025333489616735354
20260707,eat_age_imb,ret_next,-0.06845483601886053
20260707,eat_age_imb,ret_skip,-0.037105752735591246
20260707,eat_age_med,ret_next,0.02097889226600624
20260707,eat_age_med,ret_skip,0.02435733418501586
20260707,old_eat_imb,ret_next,-0.06699926806665264
20260707,old_eat_imb,ret_skip,-0.033173242043133766
20260707,cxl_life_med,ret_next,0.010254483379180486
20260707,cxl_life_med,ret_skip,0.011283449820403281
20260707,flash_cxl_ratio,ret_next,-0.00265561843149512
20260707,flash_cxl_ratio,ret_skip,-0.0054116908234046685
20260707,flash_cxl_imb,ret_next,0.020116116584685748
20260707,flash_cxl_imb,ret_skip,-0.008362868700604867
20260707,mean_size,ret_next,0.021340823053259093
20260707,mean_size,ret_skip,0.014950750671195322
20260707,n_ord,ret_next,-0.006250826131766934
20260707,n_ord,ret_skip,-0.010192079066384222
20260707,ord_imb_cnt,ret_next,0.00984556665544543
20260707,ord_imb_cnt,ret_skip,-0.018401346847375637
20260707,ord_imb_vol,ret_next,0.013499489709111436
20260707,ord_imb_vol,ret_skip,-0.020589990490984797
20260707,cxl_ratio,ret_next,-0.004722919688216376
20260707,cxl_ratio,ret_skip,0.0006920127052688063
20260707,large_share,ret_next,0.016912400158730308
20260707,large_share,ret_skip,0.001470714045889122
20260708,trd_imb,ret_next,-0.04075821497777562
20260708,trd_imb,ret_skip,-0.023677657332156286
20260708,eat_age_imb,ret_next,-0.05625386404735715
20260708,eat_age_imb,ret_skip,-0.034015275346178216
20260708,eat_age_med,ret_next,0.027658262513504315
20260708,eat_age_med,ret_skip,0.022352550697618566
20260708,old_eat_imb,ret_next,-0.05725453917681047
20260708,old_eat_imb,ret_skip,-0.031105742251374344
20260708,cxl_life_med,ret_next,0.01355148187300632
20260708,cxl_life_med,ret_skip,0.014428203585043592
20260708,flash_cxl_ratio,ret_next,-0.006979103751073796
20260708,flash_cxl_ratio,ret_skip,-0.007407448911979316
20260708,flash_cxl_imb,ret_next,0.028251856467844703
20260708,flash_cxl_imb,ret_skip,-0.00729830002533889
20260708,mean_size,ret_next,0.015803425989891796
20260708,mean_size,ret_skip,0.01352502990013575
20260708,n_ord,ret_next,-0.01947473254453827
20260708,n_ord,ret_skip,-0.02331106828975502
20260708,ord_imb_cnt,ret_next,0.01828874294116389
20260708,ord_imb_cnt,ret_skip,-0.017805569819277365
20260708,ord_imb_vol,ret_next,0.02755953412045867
20260708,ord_imb_vol,ret_skip,-0.01926380493064536
20260708,cxl_ratio,ret_next,-0.0020810125389442114
20260708,cxl_ratio,ret_skip,0.0003796425222130931
20260708,large_share,ret_next,0.008852498129739208
20260708,large_share,ret_skip,0.0002951210474002752
20260709,trd_imb,ret_next,-0.03347062683472486
20260709,trd_imb,ret_skip,-0.012509345420871086
20260709,eat_age_imb,ret_next,-0.060811035783678254
20260709,eat_age_imb,ret_skip,-0.024263428414394037
20260709,eat_age_med,ret_next,-0.0029190307616955035
20260709,eat_age_med,ret_skip,-0.0025378361542056104
20260709,old_eat_imb,ret_next,-0.05737034777422532
20260709,old_eat_imb,ret_skip,-0.021350133645568075
20260709,cxl_life_med,ret_next,-0.00226597711809662
20260709,cxl_life_med,ret_skip,-0.0016749734982160116
20260709,flash_cxl_ratio,ret_next,0.005006086299166866
20260709,flash_cxl_ratio,ret_skip,0.006404222940104541
20260709,flash_cxl_imb,ret_next,0.02098420807567281
20260709,flash_cxl_imb,ret_skip,-0.004045852610385145
20260709,mean_size,ret_next,0.002285712810362357
20260709,mean_size,ret_skip,-0.003063746815875487
20260709,n_ord,ret_next,0.009146435319043031
20260709,n_ord,ret_skip,0.00806753659436651
20260709,ord_imb_cnt,ret_next,0.01079315676610868
20260709,ord_imb_cnt,ret_skip,-0.009245697251613514
20260709,ord_imb_vol,ret_next,0.015233790291372874
20260709,ord_imb_vol,ret_skip,-0.01395119724243293
20260709,cxl_ratio,ret_next,-0.004754654322176533
20260709,cxl_ratio,ret_skip,0.0014208319343704688
20260709,large_share,ret_next,0.013352618550619916
20260709,large_share,ret_skip,0.0020143228562363585
20260710,trd_imb,ret_next,-0.035032688435625216
20260710,trd_imb,ret_skip,-0.010119640191208118
20260710,eat_age_imb,ret_next,-0.04878478503224173
20260710,eat_age_imb,ret_skip,-0.01753918153332141
20260710,eat_age_med,ret_next,0.03411257642886613
20260710,eat_age_med,ret_skip,0.03607331371412121
20260710,old_eat_imb,ret_next,-0.04968562898042576
20260710,old_eat_imb,ret_skip,-0.013482146306476896
20260710,cxl_life_med,ret_next,0.020372530136930404
20260710,cxl_life_med,ret_skip,0.02301938027204649
20260710,flash_cxl_ratio,ret_next,-0.01606701066423993
20260710,flash_cxl_ratio,ret_skip,-0.016081226284817736
20260710,flash_cxl_imb,ret_next,0.030815803976173506
20260710,flash_cxl_imb,ret_skip,0.008241418390190998
20260710,mean_size,ret_next,0.02694394533843975
20260710,mean_size,ret_skip,0.024434164080825542
20260710,n_ord,ret_next,-0.03227852619257966
20260710,n_ord,ret_skip,-0.03538451942029653
20260710,ord_imb_cnt,ret_next,0.021823928448688575
20260710,ord_imb_cnt,ret_skip,0.007569265909299092
20260710,ord_imb_vol,ret_next,0.018328051308557015
20260710,ord_imb_vol,ret_skip,-0.0043061207044988595
20260710,cxl_ratio,ret_next,-0.0032376720241391746
20260710,cxl_ratio,ret_skip,0.00258437501100111
20260710,large_share,ret_next,0.009819656588090492
20260710,large_share,ret_skip,0.0013396101075888612
