day,feature,label,ic
20230103,trd_imb,ret_next,-0.05061434015332397
20230103,trd_imb,ret_skip,-0.015492280803676605
20230103,eat_age_imb,ret_next,-0.03276371706078867
20230103,eat_age_imb,ret_skip,-0.02633519294933413
20230103,eat_age_med,ret_next,-0.00233283842354915
20230103,eat_age_med,ret_skip,0.0015923334141057584
20230103,old_eat_imb,ret_next,-0.06358416908716608
20230103,old_eat_imb,ret_skip,-0.024054676934848165
20230103,cxl_life_med,ret_next,-0.001241273069039762
20230103,cxl_life_med,ret_skip,0.002772843086678113
20230103,flash_cxl_ratio,ret_next,-0.003068615880288581
20230103,flash_cxl_ratio,ret_skip,-0.008047585902103594
20230103,flash_cxl_imb,ret_next,0.024321501261857798
20230103,flash_cxl_imb,ret_skip,-0.006510221311549439
20230103,mean_size,ret_next,0.0017655925879880138
20230103,mean_size,ret_skip,-0.0019759976356118728
20230103,n_ord,ret_next,-0.0046926343838383355
20230103,n_ord,ret_skip,-0.010241073663899954
20230103,ord_imb_cnt,ret_next,0.025697933176958662
20230103,ord_imb_cnt,ret_skip,0.003920190112153328
20230103,ord_imb_vol,ret_next,0.0396633453433142
20230103,ord_imb_vol,ret_skip,-0.004553323511653446
20230103,cxl_ratio,ret_next,-0.014866753702164132
20230103,cxl_ratio,ret_skip,-0.004884485408118917
20230103,large_share,ret_next,0.008599397974646992
20230103,large_share,ret_skip,0.0006782144423739069
20230112,trd_imb,ret_next,-0.08078018946896884
20230112,trd_imb,ret_skip,-0.02931213611165076
20230112,eat_age_imb,ret_next,-0.04684024093434674
20230112,eat_age_imb,ret_skip,-0.03654516072324004
20230112,eat_age_med,ret_next,0.01176270133132547
20230112,eat_age_med,ret_skip,0.014908657202768866
20230112,old_eat_imb,ret_next,-0.08621558021459547
20230112,old_eat_imb,ret_skip,-0.0362188445112846
20230112,cxl_life_med,ret_next,-0.0015882271826361785
20230112,cxl_life_med,ret_skip,0.00489419020947537
20230112,flash_cxl_ratio,ret_next,0.0002563234005233566
20230112,flash_cxl_ratio,ret_skip,-0.006860652790897965
20230112,flash_cxl_imb,ret_next,0.022220007333134055
20230112,flash_cxl_imb,ret_skip,-0.00909047654182917
20230112,mean_size,ret_next,0.008515358968718915
20230112,mean_size,ret_skip,0.0015880472608044284
20230112,n_ord,ret_next,-0.003908044790347156
20230112,n_ord,ret_skip,-0.011531876586076116
20230112,ord_imb_cnt,ret_next,0.018247226606679542
20230112,ord_imb_cnt,ret_skip,-0.0004898056361747278
20230112,ord_imb_vol,ret_next,0.03343358117342116
20230112,ord_imb_vol,ret_skip,-0.005550019298121433
20230112,cxl_ratio,ret_next,-0.00925849051714427
20230112,cxl_ratio,ret_skip,-0.0010860258268509788
20230112,large_share,ret_next,0.011181398014320389
20230112,large_share,ret_skip,0.0012895801824150922
20230130,trd_imb,ret_next,-0.050375892855276105
20230130,trd_imb,ret_skip,-0.013404634150850619
20230130,eat_age_imb,ret_next,-0.022959631165022868
20230130,eat_age_imb,ret_skip,-0.02299487702558357
20230130,eat_age_med,ret_next,0.008186110867407143
20230130,eat_age_med,ret_skip,0.008881593600241258
20230130,old_eat_imb,ret_next,-0.058013330381619384
20230130,old_eat_imb,ret_skip,-0.020542298010547102
20230130,cxl_life_med,ret_next,0.005169571437553345
20230130,cxl_life_med,ret_skip,0.007078324386073301
20230130,flash_cxl_ratio,ret_next,-0.003427249611006154
20230130,flash_cxl_ratio,ret_skip,-0.008569087679271538
20230130,flash_cxl_imb,ret_next,0.028915679248344775
20230130,flash_cxl_imb,ret_skip,-0.0035758735084917078
20230130,mean_size,ret_next,0.011119300771460379
20230130,mean_size,ret_skip,0.005540351646020092
20230130,n_ord,ret_next,-0.007532494883897423
20230130,n_ord,ret_skip,-0.012478624223568614
20230130,ord_imb_cnt,ret_next,0.02448905499064435
20230130,ord_imb_cnt,ret_skip,0.005321687058988188
20230130,ord_imb_vol,ret_next,0.04282695352365663
20230130,ord_imb_vol,ret_skip,-0.00046370672198110303
20230130,cxl_ratio,ret_next,-0.007142352017502539
20230130,cxl_ratio,ret_skip,-0.003506939349135634
20230130,large_share,ret_next,0.009453295209804397
20230130,large_share,ret_skip,0.00027155212873307405
20230208,trd_imb,ret_next,-0.054708492771156345
20230208,trd_imb,ret_skip,-0.016736518739238645
20230208,eat_age_imb,ret_next,-0.030497829649592353
20230208,eat_age_imb,ret_skip,-0.03122141943163624
20230208,eat_age_med,ret_next,0.013213562389164836
20230208,eat_age_med,ret_skip,0.015172482802507159
20230208,old_eat_imb,ret_next,-0.061543434245679526
20230208,old_eat_imb,ret_skip,-0.026571901970335793
20230208,cxl_life_med,ret_next,-0.0010910205113890538
20230208,cxl_life_med,ret_skip,0.004789578111046403
20230208,flash_cxl_ratio,ret_next,0.0004345720994851494
20230208,flash_cxl_ratio,ret_skip,-0.009141804738933432
20230208,flash_cxl_imb,ret_next,0.028959165582679296
20230208,flash_cxl_imb,ret_skip,-0.004894963759135457
20230208,mean_size,ret_next,0.006307808336178349
20230208,mean_size,ret_skip,0.0028398598763575223
20230208,n_ord,ret_next,-0.0060896390256255355
20230208,n_ord,ret_skip,-0.01179478040711562
20230208,ord_imb_cnt,ret_next,0.026441092765888324
20230208,ord_imb_cnt,ret_skip,0.006822833444750602
20230208,ord_imb_vol,ret_next,0.04606221868532413
20230208,ord_imb_vol,ret_skip,-0.0017888192206540073
20230208,cxl_ratio,ret_next,-0.008802929448247768
20230208,cxl_ratio,ret_skip,-0.0032654559362567644
20230208,large_share,ret_next,0.008633658984280018
20230208,large_share,ret_skip,0.002603061715758431
20230217,trd_imb,ret_next,-0.05504033121044989
20230217,trd_imb,ret_skip,-0.02048360556803239
20230217,eat_age_imb,ret_next,-0.05126755328516148
20230217,eat_age_imb,ret_skip,-0.035683359988640966
20230217,eat_age_med,ret_next,0.013752733797785702
20230217,eat_age_med,ret_skip,0.015945946705248387
20230217,old_eat_imb,ret_next,-0.07296137237381446
20230217,old_eat_imb,ret_skip,-0.029935099895605333
20230217,cxl_life_med,ret_next,0.005139514172185324
20230217,cxl_life_med,ret_skip,0.009455399645517447
20230217,flash_cxl_ratio,ret_next,-0.001088643180436124
20230217,flash_cxl_ratio,ret_skip,-0.0025265161292915435
20230217,flash_cxl_imb,ret_next,0.02187688271700487
20230217,flash_cxl_imb,ret_skip,-0.005407040285521931
20230217,mean_size,ret_next,0.01650742715300337
20230217,mean_size,ret_skip,0.010872769241622355
20230217,n_ord,ret_next,-0.004107489029061991
20230217,n_ord,ret_skip,-0.008696614776512871
20230217,ord_imb_cnt,ret_next,0.02411110354992646
20230217,ord_imb_cnt,ret_skip,0.00048353003951320426
20230217,ord_imb_vol,ret_next,0.03322350272663748
20230217,ord_imb_vol,ret_skip,-0.011073613982398521
20230217,cxl_ratio,ret_next,-0.012762711563213286
20230217,cxl_ratio,ret_skip,-0.005008538488907614
20230217,large_share,ret_next,0.016224001304106003
20230217,large_share,ret_skip,0.005620096797888599
20230228,trd_imb,ret_next,-0.07344166918614266
20230228,trd_imb,ret_skip,-0.020789249086719745
20230228,eat_age_imb,ret_next,-0.049334236824304774
20230228,eat_age_imb,ret_skip,-0.03623942255865508
20230228,eat_age_med,ret_next,0.008403666254616558
20230228,eat_age_med,ret_skip,0.008513426587595586
20230228,old_eat_imb,ret_next,-0.08024521908860316
20230228,old_eat_imb,ret_skip,-0.03087507919738547
20230228,cxl_life_med,ret_next,0.0015557881251074238
20230228,cxl_life_med,ret_skip,0.005567844049464164
20230228,flash_cxl_ratio,ret_next,0.00026316338607657844
20230228,flash_cxl_ratio,ret_skip,-0.004598566542532667
20230228,flash_cxl_imb,ret_next,0.018988897617433803
20230228,flash_cxl_imb,ret_skip,-0.00823168422411891
20230228,mean_size,ret_next,0.011732355070218203
20230228,mean_size,ret_skip,0.005466263804909861
20230228,n_ord,ret_next,-0.0021891680718325673
20230228,n_ord,ret_skip,-0.0057629801505322716
20230228,ord_imb_cnt,ret_next,0.017699169159860476
20230228,ord_imb_cnt,ret_skip,8.822202847498701e-05
20230228,ord_imb_vol,ret_next,0.03261030847046381
20230228,ord_imb_vol,ret_skip,-0.007531995045194314
20230228,cxl_ratio,ret_next,-0.009148374981535829
20230228,cxl_ratio,ret_skip,-0.00576783522864911
20230228,large_share,ret_next,0.013879221829153764
20230228,large_share,ret_skip,0.004447398289653493
20230309,trd_imb,ret_next,-0.063975429350806
20230309,trd_imb,ret_skip,-0.01798033082898379
20230309,eat_age_imb,ret_next,-0.031632531060940654
20230309,eat_age_imb,ret_skip,-0.02896511560530735
20230309,eat_age_med,ret_next,0.009177315216999687
20230309,eat_age_med,ret_skip,0.009587775087850036
20230309,old_eat_imb,ret_next,-0.0701087263655581
20230309,old_eat_imb,ret_skip,-0.026166304930784846
20230309,cxl_life_med,ret_next,-0.0031965102414624564
20230309,cxl_life_med,ret_skip,0.0014015084651868197
20230309,flash_cxl_ratio,ret_next,-0.001727735439833968
20230309,flash_cxl_ratio,ret_skip,-0.008239062793298993
20230309,flash_cxl_imb,ret_next,0.031146011330181637
20230309,flash_cxl_imb,ret_skip,-0.006327236030308219
20230309,mean_size,ret_next,0.0037759840731940255
20230309,mean_size,ret_skip,-0.0009330844680058362
20230309,n_ord,ret_next,-0.006255395666252923
20230309,n_ord,ret_skip,-0.011580136707372256
20230309,ord_imb_cnt,ret_next,0.027564228856013947
20230309,ord_imb_cnt,ret_skip,0.0036993136646016967
20230309,ord_imb_vol,ret_next,0.04448838570426734
20230309,ord_imb_vol,ret_skip,-0.00656388732355196
20230309,cxl_ratio,ret_next,-0.005644336818614763
20230309,cxl_ratio,ret_skip,-0.0018653239023766332
20230309,large_share,ret_next,0.008881774082608996
20230309,large_share,ret_skip,0.0010703545772522136
20230320,trd_imb,ret_next,-0.046629268297413685
20230320,trd_imb,ret_skip,-0.00908876146511179
20230320,eat_age_imb,ret_next,-0.022014732907838803
20230320,eat_age_imb,ret_skip,-0.021151858573435395
20230320,eat_age_med,ret_next,0.007498839575635932
20230320,eat_age_med,ret_skip,0.007131319797397739
20230320,old_eat_imb,ret_next,-0.055594434798833046
20230320,old_eat_imb,ret_skip,-0.016291676308211107
20230320,cxl_life_med,ret_next,-0.005766678392301443
20230320,cxl_life_med,ret_skip,0.000594562279088804
20230320,flash_cxl_ratio,ret_next,0.001880534140587008
20230320,flash_cxl_ratio,ret_skip,-0.0047389703531573275
20230320,flash_cxl_imb,ret_next,0.034638396727903614
20230320,flash_cxl_imb,ret_skip,0.0001650024862892544
20230320,mean_size,ret_next,0.001874287842232338
20230320,mean_size,ret_skip,-0.003019347228275862
20230320,n_ord,ret_next,-0.005867701648809203
20230320,n_ord,ret_skip,-0.008659578450221883
20230320,ord_imb_cnt,ret_next,0.02897796963585809
20230320,ord_imb_cnt,ret_skip,0.011978587465179534
20230320,ord_imb_vol,ret_next,0.04678370661309061
20230320,ord_imb_vol,ret_skip,0.0022543123171702628
20230320,cxl_ratio,ret_next,-0.0014756722278817308
20230320,cxl_ratio,ret_skip,-0.0015711140411721132
20230320,large_share,ret_next,0.00953313284825056
20230320,large_share,ret_skip,0.0012229891512590594
20230329,trd_imb,ret_next,-0.05450600270687138
20230329,trd_imb,ret_skip,-0.01171165792137345
20230329,eat_age_imb,ret_next,-0.023383666667781355
20230329,eat_age_imb,ret_skip,-0.027689004224191918
20230329,eat_age_med,ret_next,0.005621029928318696
20230329,eat_age_med,ret_skip,0.005800719536666628
20230329,old_eat_imb,ret_next,-0.059550562212365835
20230329,old_eat_imb,ret_skip,-0.020918665101495593
20230329,cxl_life_med,ret_next,-0.005694173982560041
20230329,cxl_life_med,ret_skip,-0.0015096247852745136
20230329,flash_cxl_ratio,ret_next,0.0026406776918075523
20230329,flash_cxl_ratio,ret_skip,-0.0007678018749212257
20230329,flash_cxl_imb,ret_next,0.033407868931950774
20230329,flash_cxl_imb,ret_skip,-0.00377305446734752
20230329,mean_size,ret_next,0.005398087407546643
20230329,mean_size,ret_skip,0.001150029362204292
20230329,n_ord,ret_next,-0.0003676331832236486
20230329,n_ord,ret_skip,-0.0031731037660645365
20230329,ord_imb_cnt,ret_next,0.029794224209779896
20230329,ord_imb_cnt,ret_skip,0.011844662245485759
20230329,ord_imb_vol,ret_next,0.04681550573965181
20230329,ord_imb_vol,ret_skip,0.002898669426875152
20230329,cxl_ratio,ret_next,-0.005474709790524342
20230329,cxl_ratio,ret_skip,-0.0014059128715890159
20230329,large_share,ret_next,0.009978016652935707
20230329,large_share,ret_skip,0.002620589808217326
20230410,trd_imb,ret_next,-0.03318757488851674
20230410,trd_imb,ret_skip,-0.005292282895455764
20230410,eat_age_imb,ret_next,0.007185515969410654
20230410,eat_age_imb,ret_skip,-0.01715602138252812
20230410,eat_age_med,ret_next,0.016746281276442433
20230410,eat_age_med,ret_skip,0.016718216926800335
20230410,old_eat_imb,ret_next,-0.034278763408254934
20230410,old_eat_imb,ret_skip,-0.01477634991812513
20230410,cxl_life_med,ret_next,0.0013605045076365541
20230410,cxl_life_med,ret_skip,0.004740711756211992
20230410,flash_cxl_ratio,ret_next,-0.0003434624854453425
20230410,flash_cxl_ratio,ret_skip,-0.007952794131525383
20230410,flash_cxl_imb,ret_next,0.04322401405516631
20230410,flash_cxl_imb,ret_skip,-0.0016894394944173723
20230410,mean_size,ret_next,0.009179270884038887
20230410,mean_size,ret_skip,0.006818880484825258
20230410,n_ord,ret_next,-0.012125113701394607
20230410,n_ord,ret_skip,-0.015699043922416014
20230410,ord_imb_cnt,ret_next,0.04366752148937477
20230410,ord_imb_cnt,ret_skip,0.012670728681021794
20230410,ord_imb_vol,ret_next,0.06722578833144645
20230410,ord_imb_vol,ret_skip,0.005952427677509985
20230410,cxl_ratio,ret_next,-0.005621151154506162
20230410,cxl_ratio,ret_skip,-0.00145320825201003
20230410,large_share,ret_next,0.013318722759931474
20230410,large_share,ret_skip,0.006324743857890859
20230419,trd_imb,ret_next,-0.05288748973599293
20230419,trd_imb,ret_skip,-0.014614799425550547
20230419,eat_age_imb,ret_next,-0.016560690510177212
20230419,eat_age_imb,ret_skip,-0.030860944656301785
20230419,eat_age_med,ret_next,0.011597567922867228
20230419,eat_age_med,ret_skip,0.009865655586177913
20230419,old_eat_imb,ret_next,-0.05393714150575543
20230419,old_eat_imb,ret_skip,-0.024983602242690858
20230419,cxl_life_med,ret_next,-0.0027693944318851133
20230419,cxl_life_med,ret_skip,0.002264701546684484
20230419,flash_cxl_ratio,ret_next,0.0026612871556974315
20230419,flash_cxl_ratio,ret_skip,-0.0021937002371520825
20230419,flash_cxl_imb,ret_next,0.040794380492772744
20230419,flash_cxl_imb,ret_skip,-0.00566426525280446
20230419,mean_size,ret_next,0.009577228659693418
20230419,mean_size,ret_skip,0.004568806015695549
20230419,n_ord,ret_next,-0.004672742261421673
20230419,n_ord,ret_skip,-0.007931741901487249
20230419,ord_imb_cnt,ret_next,0.03403995469232447
20230419,ord_imb_cnt,ret_skip,0.004974826203921321
20230419,ord_imb_vol,ret_next,0.0526597114216091
20230419,ord_imb_vol,ret_skip,-0.002359764582395002
20230419,cxl_ratio,ret_next,-0.006506870306934417
20230419,cxl_ratio,ret_skip,-0.0028453868449849584
20230419,large_share,ret_next,0.010203397763017453
20230419,large_share,ret_skip,0.004082203285625371
20230428,trd_imb,ret_next,-0.04809204398256722
20230428,trd_imb,ret_skip,-0.015041041963367856
20230428,eat_age_imb,ret_next,-0.024415856117038857
20230428,eat_age_imb,ret_skip,-0.031449116082119435
20230428,eat_age_med,ret_next,0.000900964692007323
20230428,eat_age_med,ret_skip,0.004708155697509956
20230428,old_eat_imb,ret_next,-0.05551808357716866
20230428,old_eat_imb,ret_skip,-0.02345671617640485
20230428,cxl_life_med,ret_next,0.0035190576948852807
20230428,cxl_life_med,ret_skip,0.0075210297813274665
20230428,flash_cxl_ratio,ret_next,-0.002277136138399364
20230428,flash_cxl_ratio,ret_skip,-0.008806706963313926
20230428,flash_cxl_imb,ret_next,0.027335722074658148
20230428,flash_cxl_imb,ret_skip,-0.0049120650678509585
20230428,mean_size,ret_next,0.009710597944299125
20230428,mean_size,ret_skip,0.006832778610930242
20230428,n_ord,ret_next,-0.0036285466870964542
20230428,n_ord,ret_skip,-0.007604027693079134
20230428,ord_imb_cnt,ret_next,0.030680236545921072
20230428,ord_imb_cnt,ret_skip,0.004589411794036329
20230428,ord_imb_vol,ret_next,0.04511033761790407
20230428,ord_imb_vol,ret_skip,-0.004483362905003698
20230428,cxl_ratio,ret_next,-0.013134451849281392
20230428,cxl_ratio,ret_skip,-0.008592496571719597
20230428,large_share,ret_next,0.010041464796852834
20230428,large_share,ret_skip,0.005951471593667098
20230512,trd_imb,ret_next,-0.06605230558492232
20230512,trd_imb,ret_skip,-0.014138327145243337
20230512,eat_age_imb,ret_next,-0.04278700346250381
20230512,eat_age_imb,ret_skip,-0.029248821355619493
20230512,eat_age_med,ret_next,0.018502047087380468
20230512,eat_age_med,ret_skip,0.01516904226280107
20230512,old_eat_imb,ret_next,-0.07197497837452718
20230512,old_eat_imb,ret_skip,-0.022369238610659474
20230512,cxl_life_med,ret_next,0.0009706545082169779
20230512,cxl_life_med,ret_skip,0.008287965529101942
20230512,flash_cxl_ratio,ret_next,-0.0011283503844038683
20230512,flash_cxl_ratio,ret_skip,-0.006282276289569878
20230512,flash_cxl_imb,ret_next,0.03076026883597915
20230512,flash_cxl_imb,ret_skip,0.0013141333741360317
20230512,mean_size,ret_next,0.013454356445090382
20230512,mean_size,ret_skip,0.008552879389828343
20230512,n_ord,ret_next,-0.007959985208158679
20230512,n_ord,ret_skip,-0.011878918678029706
20230512,ord_imb_cnt,ret_next,0.021711142975630884
20230512,ord_imb_cnt,ret_skip,0.010189846485805365
20230512,ord_imb_vol,ret_next,0.03506226805962561
20230512,ord_imb_vol,ret_skip,0.001130514076730624
20230512,cxl_ratio,ret_next,-0.00444330041716547
20230512,cxl_ratio,ret_skip,-0.006526304653597647
20230512,large_share,ret_next,0.014868805286977347
20230512,large_share,ret_skip,0.006949461261960874
20230523,trd_imb,ret_next,-0.06081811157050569
20230523,trd_imb,ret_skip,-0.017624324005020144
20230523,eat_age_imb,ret_next,-0.033053684189318984
20230523,eat_age_imb,ret_skip,-0.030221443441666537
20230523,eat_age_med,ret_next,0.01788533697884773
20230523,eat_age_med,ret_skip,0.016465300612602016
20230523,old_eat_imb,ret_next,-0.06658189763808171
20230523,old_eat_imb,ret_skip,-0.02371269754611976
20230523,cxl_life_med,ret_next,0.004589429452791974
20230523,cxl_life_med,ret_skip,0.009777763042099803
20230523,flash_cxl_ratio,ret_next,0.0006694970427920784
20230523,flash_cxl_ratio,ret_skip,-0.006778053970664025
20230523,flash_cxl_imb,ret_next,0.040146976996589576
20230523,flash_cxl_imb,ret_skip,-0.004488876083408459
20230523,mean_size,ret_next,0.010588537139483793
20230523,mean_size,ret_skip,0.005776915004307851
20230523,n_ord,ret_next,-0.011107374153135582
20230523,n_ord,ret_skip,-0.015289318597150553
20230523,ord_imb_cnt,ret_next,0.02893593215961145
20230523,ord_imb_cnt,ret_skip,0.005852603066827221
20230523,ord_imb_vol,ret_next,0.041523906992784305
20230523,ord_imb_vol,ret_skip,-0.0028600337502246703
20230523,cxl_ratio,ret_next,-0.005945376234757403
20230523,cxl_ratio,ret_skip,-0.004031358042481436
20230523,large_share,ret_next,0.010652142784773071
20230523,large_share,ret_skip,0.0036625494981922324
20230601,trd_imb,ret_next,-0.053861738040348245
20230601,trd_imb,ret_skip,-0.019983676898430388
20230601,eat_age_imb,ret_next,-0.03012303416639444
20230601,eat_age_imb,ret_skip,-0.03448122586463873
20230601,eat_age_med,ret_next,0.007828253338239437
20230601,eat_age_med,ret_skip,0.009631724934771492
20230601,old_eat_imb,ret_next,-0.06359520905813475
20230601,old_eat_imb,ret_skip,-0.027860720876186844
20230601,cxl_life_med,ret_next,0.001549279789748575
20230601,cxl_life_med,ret_skip,0.00348665613916945
20230601,flash_cxl_ratio,ret_next,-0.003163428342771512
20230601,flash_cxl_ratio,ret_skip,-0.0034142735733236717
20230601,flash_cxl_imb,ret_next,0.037824511099733615
20230601,flash_cxl_imb,ret_skip,-0.005407987109126097
20230601,mean_size,ret_next,0.00988670213903063
20230601,mean_size,ret_skip,0.005008382372305345
20230601,n_ord,ret_next,-0.005192306261007737
20230601,n_ord,ret_skip,-0.008751494664266257
20230601,ord_imb_cnt,ret_next,0.03318808828307276
20230601,ord_imb_cnt,ret_skip,0.003346486651582756
20230601,ord_imb_vol,ret_next,0.04389895529326464
20230601,ord_imb_vol,ret_skip,-0.007989161804290346
20230601,cxl_ratio,ret_next,-0.012588235281000766
20230601,cxl_ratio,ret_skip,-0.0041024321263787656
20230601,large_share,ret_next,0.009892117034159062
20230601,large_share,ret_skip,0.001924231739180412
20230612,trd_imb,ret_next,-0.03982095763586138
20230612,trd_imb,ret_skip,-0.012116398402943158
20230612,eat_age_imb,ret_next,-0.019487817642253377
20230612,eat_age_imb,ret_skip,-0.028389786189800544
20230612,eat_age_med,ret_next,0.006413728561074298
20230612,eat_age_med,ret_skip,0.012016897296066578
20230612,old_eat_imb,ret_next,-0.04571333181527367
20230612,old_eat_imb,ret_skip,-0.020074251585222268
20230612,cxl_life_med,ret_next,-0.002690069564590643
20230612,cxl_life_med,ret_skip,0.0022396392069800866
20230612,flash_cxl_ratio,ret_next,-0.0018050866817794647
20230612,flash_cxl_ratio,ret_skip,-0.00747087082419851
20230612,flash_cxl_imb,ret_next,0.042684058733372374
20230612,flash_cxl_imb,ret_skip,-0.0022526848633470527
20230612,mean_size,ret_next,0.0028796629720577063
20230612,mean_size,ret_skip,-0.004110027276457043
20230612,n_ord,ret_next,-0.00808261973968462
20230612,n_ord,ret_skip,-0.014489388426801244
20230612,ord_imb_cnt,ret_next,0.04673965206283227
20230612,ord_imb_cnt,ret_skip,0.011430427017768051
20230612,ord_imb_vol,ret_next,0.054567382487983845
20230612,ord_imb_vol,ret_skip,-0.0007642411268704799
20230612,cxl_ratio,ret_next,-0.010577096214637444
20230612,cxl_ratio,ret_skip,-0.0032703354029580494
20230612,large_share,ret_next,0.011254494911560109
20230612,large_share,ret_skip,-0.0009368337636517388
20230621,trd_imb,ret_next,-0.06095090714270243
20230621,trd_imb,ret_skip,-0.020181613357607826
20230621,eat_age_imb,ret_next,-0.0395113176414409
20230621,eat_age_imb,ret_skip,-0.036214786534298694
20230621,eat_age_med,ret_next,0.023489475423941697
20230621,eat_age_med,ret_skip,0.022466986358015036
20230621,old_eat_imb,ret_next,-0.07010526257190937
20230621,old_eat_imb,ret_skip,-0.031235474290973182
20230621,cxl_life_med,ret_next,0.006868426123160855
20230621,cxl_life_med,ret_skip,0.006566728028666749
20230621,flash_cxl_ratio,ret_next,-0.0058692339674185036
20230621,flash_cxl_ratio,ret_skip,-0.00785477477321529
20230621,flash_cxl_imb,ret_next,0.03999577507357509
20230621,flash_cxl_imb,ret_skip,-0.0045065379202825695
20230621,mean_size,ret_next,0.015860278218341625
20230621,mean_size,ret_skip,0.008528498271638705
20230621,n_ord,ret_next,-0.016253737892190586
20230621,n_ord,ret_skip,-0.019297263771495442
20230621,ord_imb_cnt,ret_next,0.026635401891470113
20230621,ord_imb_cnt,ret_skip,-0.0002131079078445341
20230621,ord_imb_vol,ret_next,0.03929682668508389
20230621,ord_imb_vol,ret_skip,-0.007009115779578019
20230621,cxl_ratio,ret_next,-0.007418429126228119
20230621,cxl_ratio,ret_skip,-0.0034951094323827773
20230621,large_share,ret_next,0.01838945118993457
20230621,large_share,ret_skip,0.007098582877899841
20230704,trd_imb,ret_next,-0.06319512984689372
20230704,trd_imb,ret_skip,-0.02345777319338733
20230704,eat_age_imb,ret_next,-0.030259992300901283
20230704,eat_age_imb,ret_skip,-0.03537134273520583
20230704,eat_age_med,ret_next,0.006047647678196317
20230704,eat_age_med,ret_skip,0.007332056254192098
20230704,old_eat_imb,ret_next,-0.06793432517844009
20230704,old_eat_imb,ret_skip,-0.0308701468025144
20230704,cxl_life_med,ret_next,-0.0012663403603807308
20230704,cxl_life_med,ret_skip,0.0017240869894696853
20230704,flash_cxl_ratio,ret_next,-0.0013215604684042276
20230704,flash_cxl_ratio,ret_skip,-0.006127602705337419
20230704,flash_cxl_imb,ret_next,0.03697208692156253
20230704,flash_cxl_imb,ret_skip,-0.01343976446360548
20230704,mean_size,ret_next,0.004499296305289327
20230704,mean_size,ret_skip,0.001467784548642782
20230704,n_ord,ret_next,-0.004694456637769841
20230704,n_ord,ret_skip,-0.009483985693786726
20230704,ord_imb_cnt,ret_next,0.02795803416587142
20230704,ord_imb_cnt,ret_skip,0.0010095549975881178
20230704,ord_imb_vol,ret_next,0.03902844386262163
20230704,ord_imb_vol,ret_skip,-0.007171113167186266
20230704,cxl_ratio,ret_next,-0.009788910549155604
20230704,cxl_ratio,ret_skip,-0.005602455922731395
20230704,large_share,ret_next,0.008196162939623153
20230704,large_share,ret_skip,0.0012835175106114254
20230713,trd_imb,ret_next,-0.06734680770883318
20230713,trd_imb,ret_skip,-0.023061344166221954
20230713,eat_age_imb,ret_next,-0.03310135949112386
20230713,eat_age_imb,ret_skip,-0.03401732119002412
20230713,eat_age_med,ret_next,-0.0019803645392717077
20230713,eat_age_med,ret_skip,0.005622558324456529
20230713,old_eat_imb,ret_next,-0.07367548833580019
20230713,old_eat_imb,ret_skip,-0.03083573994059135
20230713,cxl_life_med,ret_next,-0.003455584317475963
20230713,cxl_life_med,ret_skip,0.003099336171275924
20230713,flash_cxl_ratio,ret_next,0.0009501259125740914
20230713,flash_cxl_ratio,ret_skip,-0.004895064835124949
20230713,flash_cxl_imb,ret_next,0.02700401055336682
20230713,flash_cxl_imb,ret_skip,-0.016645276736800836
20230713,mean_size,ret_next,0.00776711668539414
20230713,mean_size,ret_skip,0.0008403383786408839
20230713,n_ord,ret_next,-0.0008833644790495289
20230713,n_ord,ret_skip,-0.006324337660969595
20230713,ord_imb_cnt,ret_next,0.019744132960231055
20230713,ord_imb_cnt,ret_skip,-0.004215301208276822
20230713,ord_imb_vol,ret_next,0.037478435298435066
20230713,ord_imb_vol,ret_skip,-0.011300258307089901
20230713,cxl_ratio,ret_next,-0.00901632686643942
20230713,cxl_ratio,ret_skip,-0.004193826129948275
20230713,large_share,ret_next,0.012311717726038503
20230713,large_share,ret_skip,0.0013385057521218262
20230724,trd_imb,ret_next,-0.07200516061247585
20230724,trd_imb,ret_skip,-0.023606152037343498
20230724,eat_age_imb,ret_next,-0.04372929479755444
20230724,eat_age_imb,ret_skip,-0.03445994199825271
20230724,eat_age_med,ret_next,0.014110373041850893
20230724,eat_age_med,ret_skip,0.013042438130099827
20230724,old_eat_imb,ret_next,-0.07951141996343823
20230724,old_eat_imb,ret_skip,-0.031754656679392874
20230724,cxl_life_med,ret_next,0.0035884440052286444
20230724,cxl_life_med,ret_skip,0.006814450045772276
20230724,flash_cxl_ratio,ret_next,-0.004044623146161048
20230724,flash_cxl_ratio,ret_skip,-0.008669152997129746
20230724,flash_cxl_imb,ret_next,0.02506098894720332
20230724,flash_cxl_imb,ret_skip,-0.010924137439635495
20230724,mean_size,ret_next,0.00589415240271968
20230724,mean_size,ret_skip,0.0013767868563352831
20230724,n_ord,ret_next,-0.007277744619988377
20230724,n_ord,ret_skip,-0.014013542280010925
20230724,ord_imb_cnt,ret_next,0.01598185444364247
20230724,ord_imb_cnt,ret_skip,-0.005583837825230632
20230724,ord_imb_vol,ret_next,0.029709077780479518
20230724,ord_imb_vol,ret_skip,-0.011498754714493777
20230724,cxl_ratio,ret_next,-0.008508989783302336
20230724,cxl_ratio,ret_skip,-0.002629652720593855
20230724,large_share,ret_next,0.010372801088931889
20230724,large_share,ret_skip,0.0011273977575363223
20230802,trd_imb,ret_next,-0.06729187769919547
20230802,trd_imb,ret_skip,-0.01816700412545732
20230802,eat_age_imb,ret_next,-0.03917371449011889
20230802,eat_age_imb,ret_skip,-0.02865912781902247
20230802,eat_age_med,ret_next,0.010925877198133312
20230802,eat_age_med,ret_skip,0.010458630953817468
20230802,old_eat_imb,ret_next,-0.07298566369629143
20230802,old_eat_imb,ret_skip,-0.02518394763363003
20230802,cxl_life_med,ret_next,0.003400380161985861
20230802,cxl_life_med,ret_skip,0.003907197670473555
20230802,flash_cxl_ratio,ret_next,-0.0011171211370440304
20230802,flash_cxl_ratio,ret_skip,-0.0074956921191733535
20230802,flash_cxl_imb,ret_next,0.031815229056620556
20230802,flash_cxl_imb,ret_skip,-0.004970318845672628
20230802,mean_size,ret_next,0.005850226839748818
20230802,mean_size,ret_skip,-0.0020531938208874835
20230802,n_ord,ret_next,-0.007179421478983266
20230802,n_ord,ret_skip,-0.011266291909038502
20230802,ord_imb_cnt,ret_next,0.020144499879538043
20230802,ord_imb_cnt,ret_skip,0.0033861455308149884
20230802,ord_imb_vol,ret_next,0.03261451589239273
20230802,ord_imb_vol,ret_skip,-0.004033731903011884
20230802,cxl_ratio,ret_next,-0.007314695348357
20230802,cxl_ratio,ret_skip,-0.001697905417162365
20230802,large_share,ret_next,0.011001684389103336
20230802,large_share,ret_skip,-0.0006467598722630259
20230811,trd_imb,ret_next,-0.07105927288047653
20230811,trd_imb,ret_skip,-0.019418930913362803
20230811,eat_age_imb,ret_next,-0.04977953964141069
20230811,eat_age_imb,ret_skip,-0.034109744431852274
20230811,eat_age_med,ret_next,0.016761607600730595
20230811,eat_age_med,ret_skip,0.015118493518482191
20230811,old_eat_imb,ret_next,-0.08013686006222896
20230811,old_eat_imb,ret_skip,-0.028812320664586284
20230811,cxl_life_med,ret_next,0.005585697011150395
20230811,cxl_life_med,ret_skip,0.006383510399305676
20230811,flash_cxl_ratio,ret_next,0.0007939654859672448
20230811,flash_cxl_ratio,ret_skip,-0.004479092114448904
20230811,flash_cxl_imb,ret_next,0.025970106831378105
20230811,flash_cxl_imb,ret_skip,-0.009869374376498772
20230811,mean_size,ret_next,0.014666226448323182
20230811,mean_size,ret_skip,0.008062807252924168
20230811,n_ord,ret_next,-0.0006909216794346236
20230811,n_ord,ret_skip,-0.007850155911467071
20230811,ord_imb_cnt,ret_next,0.01907915856262705
20230811,ord_imb_cnt,ret_skip,0.0018772088778435147
20230811,ord_imb_vol,ret_next,0.027136539763766485
20230811,ord_imb_vol,ret_skip,-0.007435526415434832
20230811,cxl_ratio,ret_next,-0.0057856945019244405
20230811,cxl_ratio,ret_skip,-0.002070996749168758
20230811,large_share,ret_next,0.014407172518232581
20230811,large_share,ret_skip,0.004618590584803794
20230822,trd_imb,ret_next,-0.060776310463969044
20230822,trd_imb,ret_skip,-0.013162842324303883
20230822,eat_age_imb,ret_next,-0.06310888299485641
20230822,eat_age_imb,ret_skip,-0.03018813037765672
20230822,eat_age_med,ret_next,0.0037398482568199655
20230822,eat_age_med,ret_skip,0.006836032991599939
20230822,old_eat_imb,ret_next,-0.07795883090209994
20230822,old_eat_imb,ret_skip,-0.021916507386824994
20230822,cxl_life_med,ret_next,-0.0037026958997791754
20230822,cxl_life_med,ret_skip,0.0010227188264391237
20230822,flash_cxl_ratio,ret_next,0.005935717193138088
20230822,flash_cxl_ratio,ret_skip,0.0008810365460942462
20230822,flash_cxl_imb,ret_next,0.027925155831886837
20230822,flash_cxl_imb,ret_skip,-0.005203219650012641
20230822,mean_size,ret_next,0.013643820054263333
20230822,mean_size,ret_skip,0.009392865004422228
20230822,n_ord,ret_next,0.012037378801142924
20230822,n_ord,ret_skip,0.006889852706232999
20230822,ord_imb_cnt,ret_next,0.01681437422687178
20230822,ord_imb_cnt,ret_skip,-0.00017653205562186987
20230822,ord_imb_vol,ret_next,0.017570168084646808
20230822,ord_imb_vol,ret_skip,-0.011902233867832257
20230822,cxl_ratio,ret_next,-0.010055049197992895
20230822,cxl_ratio,ret_skip,-0.007146900030166271
20230822,large_share,ret_next,0.013733655474794066
20230822,large_share,ret_skip,0.007613729168398954
20230831,trd_imb,ret_next,-0.07942722559225732
20230831,trd_imb,ret_skip,-0.02169363211681579
20230831,eat_age_imb,ret_next,-0.060191207317453754
20230831,eat_age_imb,ret_skip,-0.030614758546165292
20230831,eat_age_med,ret_next,0.00813839801316767
20230831,eat_age_med,ret_skip,0.007852491554236491
20230831,old_eat_imb,ret_next,-0.09123304432806917
20230831,old_eat_imb,ret_skip,-0.030646674200805073
20230831,cxl_life_med,ret_next,0.002482689850262156
20230831,cxl_life_med,ret_skip,0.0016471085455525432
20230831,flash_cxl_ratio,ret_next,-0.0026405217913901273
20230831,flash_cxl_ratio,ret_skip,-0.005742899261657977
20230831,flash_cxl_imb,ret_next,0.013978788904405641
20230831,flash_cxl_imb,ret_skip,-0.016746753104203843
20230831,mean_size,ret_next,0.0036639698541349954
20230831,mean_size,ret_skip,-0.0020543897644503786
20230831,n_ord,ret_next,-0.008562354729339609
20230831,n_ord,ret_skip,-0.013332778711065698
20230831,ord_imb_cnt,ret_next,0.003460587498459945
20230831,ord_imb_cnt,ret_skip,-0.010391751804815105
20230831,ord_imb_vol,ret_next,0.006420050679998797
20230831,ord_imb_vol,ret_skip,-0.0170021025401921
20230831,cxl_ratio,ret_next,-0.007554008482740317
20230831,cxl_ratio,ret_skip,-0.000511696316155544
20230831,large_share,ret_next,0.0075134189173521
20230831,large_share,ret_skip,-0.0009297183711164411
20230911,trd_imb,ret_next,-0.06871925681874314
20230911,trd_imb,ret_skip,-0.017411885678424898
20230911,eat_age_imb,ret_next,-0.04883540104273159
20230911,eat_age_imb,ret_skip,-0.02712193134604536
20230911,eat_age_med,ret_next,0.00555125262088941
20230911,eat_age_med,ret_skip,0.009698707955594478
20230911,old_eat_imb,ret_next,-0.08121269858711966
20230911,old_eat_imb,ret_skip,-0.024316591396632076
20230911,cxl_life_med,ret_next,0.0026930206614773854
20230911,cxl_life_med,ret_skip,0.004820927067987136
20230911,flash_cxl_ratio,ret_next,-0.004793272644540978
20230911,flash_cxl_ratio,ret_skip,-0.007710246320911666
20230911,flash_cxl_imb,ret_next,0.015413311198968516
20230911,flash_cxl_imb,ret_skip,-0.007792976701306136
20230911,mean_size,ret_next,0.006892169886909537
20230911,mean_size,ret_skip,0.00032735018086763913
20230911,n_ord,ret_next,-0.006777623922100448
20230911,n_ord,ret_skip,-0.011657770346058678
20230911,ord_imb_cnt,ret_next,0.0037664558658975014
20230911,ord_imb_cnt,ret_skip,-0.00272914026366491
20230911,ord_imb_vol,ret_next,0.014484238695053902
20230911,ord_imb_vol,ret_skip,-0.012405820347637195
20230911,cxl_ratio,ret_next,-0.01290003367556696
20230911,cxl_ratio,ret_skip,-0.0021446634220153057
20230911,large_share,ret_next,0.01042955335116668
20230911,large_share,ret_skip,-0.0014099244431302444
20230920,trd_imb,ret_next,-0.09312977823838962
20230920,trd_imb,ret_skip,-0.017451957111464137
20230920,eat_age_imb,ret_next,-0.0531941144265139
20230920,eat_age_imb,ret_skip,-0.028672708544398115
20230920,eat_age_med,ret_next,0.018462042551987756
20230920,eat_age_med,ret_skip,0.014222550171142807
20230920,old_eat_imb,ret_next,-0.09749353906644179
20230920,old_eat_imb,ret_skip,-0.025928300557602695
20230920,cxl_life_med,ret_next,0.006830753531812821
20230920,cxl_life_med,ret_skip,0.006772410212221171
20230920,flash_cxl_ratio,ret_next,-0.003465157413723197
20230920,flash_cxl_ratio,ret_skip,-0.004038380713903612
20230920,flash_cxl_imb,ret_next,0.008995654775974709
20230920,flash_cxl_imb,ret_skip,-0.005016820503171184
20230920,mean_size,ret_next,0.012851444242370232
20230920,mean_size,ret_skip,0.009008681264201032
20230920,n_ord,ret_next,-0.004280503607039372
20230920,n_ord,ret_skip,-0.006993401087931323
20230920,ord_imb_cnt,ret_next,-0.0063833231653470605
20230920,ord_imb_cnt,ret_skip,-0.001628206755956531
20230920,ord_imb_vol,ret_next,0.007205160317546691
20230920,ord_imb_vol,ret_skip,-0.007516510873235374
20230920,cxl_ratio,ret_next,-0.008004248488992791
20230920,cxl_ratio,ret_skip,-0.006222065888541896
20230920,large_share,ret_next,0.013099275063816647
20230920,large_share,ret_skip,0.005885563223607367
20231009,trd_imb,ret_next,-0.06657570776866555
20231009,trd_imb,ret_skip,-0.010291552779912224
20231009,eat_age_imb,ret_next,-0.03908070147254923
20231009,eat_age_imb,ret_skip,-0.02000009287145323
20231009,eat_age_med,ret_next,0.007540504580423366
20231009,eat_age_med,ret_skip,0.007120983969287468
20231009,old_eat_imb,ret_next,-0.07616830837652312
20231009,old_eat_imb,ret_skip,-0.017420546629868135
20231009,cxl_life_med,ret_next,0.000694556833545521
20231009,cxl_life_med,ret_skip,0.0031184144656533934
20231009,flash_cxl_ratio,ret_next,0.0014674911865735043
20231009,flash_cxl_ratio,ret_skip,-0.001871780933147684
20231009,flash_cxl_imb,ret_next,0.01362618396088612
20231009,flash_cxl_imb,ret_skip,-0.0059827871767703465
20231009,mean_size,ret_next,0.010035937165035648
20231009,mean_size,ret_skip,0.003562286151540824
20231009,n_ord,ret_next,0.003964897799833146
20231009,n_ord,ret_skip,-0.0016717731772304362
20231009,ord_imb_cnt,ret_next,0.006507852368480339
20231009,ord_imb_cnt,ret_skip,-0.0006810128517981834
20231009,ord_imb_vol,ret_next,0.017089034435010947
20231009,ord_imb_vol,ret_skip,-0.006595645123160235
20231009,cxl_ratio,ret_next,-0.0060156135200529716
20231009,cxl_ratio,ret_skip,-0.002497481796018821
20231009,large_share,ret_next,0.011010001388209229
20231009,large_share,ret_skip,4.8037542960512625e-05
20231018,trd_imb,ret_next,-0.0826573802155183
20231018,trd_imb,ret_skip,-0.018826555579988028
20231018,eat_age_imb,ret_next,-0.051797558863810926
20231018,eat_age_imb,ret_skip,-0.02841161548964031
20231018,eat_age_med,ret_next,0.009948219274305774
20231018,eat_age_med,ret_skip,0.01004466553544055
20231018,old_eat_imb,ret_next,-0.09153182228000417
20231018,old_eat_imb,ret_skip,-0.02657572115531058
20231018,cxl_life_med,ret_next,0.0033849989373634214
20231018,cxl_life_med,ret_skip,0.005549181895607729
20231018,flash_cxl_ratio,ret_next,0.0002673596220639111
20231018,flash_cxl_ratio,ret_skip,-0.002137606083948732
20231018,flash_cxl_imb,ret_next,0.016076835822136867
20231018,flash_cxl_imb,ret_skip,-0.006467462880492376
20231018,mean_size,ret_next,0.015026747191737407
20231018,mean_size,ret_skip,0.009536751099639315
20231018,n_ord,ret_next,0.002519710621635595
20231018,n_ord,ret_skip,-0.0008189417887474112
20231018,ord_imb_cnt,ret_next,0.003088059533178393
20231018,ord_imb_cnt,ret_skip,-0.004636339780254205
20231018,ord_imb_vol,ret_next,0.012130060289983322
20231018,ord_imb_vol,ret_skip,-0.008560447038294993
20231018,cxl_ratio,ret_next,-0.009053981489509658
20231018,cxl_ratio,ret_skip,-0.004333713116068082
20231018,large_share,ret_next,0.017824907447842153
20231018,large_share,ret_skip,0.010162677044846802
20231027,trd_imb,ret_next,-0.051450512491703425
20231027,trd_imb,ret_skip,-0.013307301874718838
20231027,eat_age_imb,ret_next,-0.036825159307600726
20231027,eat_age_imb,ret_skip,-0.024945587413166537
20231027,eat_age_med,ret_next,-0.0041974501071857665
20231027,eat_age_med,ret_skip,0.001747851874681533
20231027,old_eat_imb,ret_next,-0.06335217221846845
20231027,old_eat_imb,ret_skip,-0.019755245977578727
20231027,cxl_life_med,ret_next,-0.003745727083084182
20231027,cxl_life_med,ret_skip,-0.0019632720210579217
20231027,flash_cxl_ratio,ret_next,-0.0042923217250436674
20231027,flash_cxl_ratio,ret_skip,-0.00578826152760975
20231027,flash_cxl_imb,ret_next,0.01951887609997283
20231027,flash_cxl_imb,ret_skip,-0.005919584676466175
20231027,mean_size,ret_next,-0.0028168983472445586
20231027,mean_size,ret_skip,-0.007665610171485933
20231027,n_ord,ret_next,-0.009057892396516807
20231027,n_ord,ret_skip,-0.010850782913122976
20231027,ord_imb_cnt,ret_next,0.016893094031050566
20231027,ord_imb_cnt,ret_skip,-0.0024571382380588567
20231027,ord_imb_vol,ret_next,0.025724523451159515
20231027,ord_imb_vol,ret_skip,-0.009831410818519749
20231027,cxl_ratio,ret_next,-0.011246915032165317
20231027,cxl_ratio,ret_skip,0.0007440489037999323
20231027,large_share,ret_next,0.005717880941592896
20231027,large_share,ret_skip,-0.0019389574950107987
20231107,trd_imb,ret_next,-0.06176772448964446
20231107,trd_imb,ret_skip,-0.018625890685332366
20231107,eat_age_imb,ret_next,-0.040114114041417584
20231107,eat_age_imb,ret_skip,-0.028534068817259874
20231107,eat_age_med,ret_next,0.00496229032029672
20231107,eat_age_med,ret_skip,0.0034480750396754124
20231107,old_eat_imb,ret_next,-0.07020438094179213
20231107,old_eat_imb,ret_skip,-0.025212133352430083
20231107,cxl_life_med,ret_next,0.004600059817432957
20231107,cxl_life_med,ret_skip,0.004942659642613314
20231107,flash_cxl_ratio,ret_next,-0.005745120279981067
20231107,flash_cxl_ratio,ret_skip,-0.007471278011756966
20231107,flash_cxl_imb,ret_next,0.018890614796835428
20231107,flash_cxl_imb,ret_skip,-0.010721028572534276
20231107,mean_size,ret_next,0.0028554641786985523
20231107,mean_size,ret_skip,-0.0027076134179871226
20231107,n_ord,ret_next,-0.0072215612425743465
20231107,n_ord,ret_skip,-0.012407986376550663
20231107,ord_imb_cnt,ret_next,0.010646294796215303
20231107,ord_imb_cnt,ret_skip,-0.002438805614903612
20231107,ord_imb_vol,ret_next,0.020818935842575482
20231107,ord_imb_vol,ret_skip,-0.011567375542955248
20231107,cxl_ratio,ret_next,-0.008751058368942346
20231107,cxl_ratio,ret_skip,-0.003402260902995992
20231107,large_share,ret_next,0.008313793749865284
20231107,large_share,ret_skip,-0.001975278892486475
20231116,trd_imb,ret_next,-0.08274774333594177
20231116,trd_imb,ret_skip,-0.023593546007245454
20231116,eat_age_imb,ret_next,-0.05253090509833555
20231116,eat_age_imb,ret_skip,-0.03265107289795559
20231116,eat_age_med,ret_next,0.013905310951164354
20231116,eat_age_med,ret_skip,0.015724328915642124
20231116,old_eat_imb,ret_next,-0.09041337784094387
20231116,old_eat_imb,ret_skip,-0.0306230298052099
20231116,cxl_life_med,ret_next,0.0023859362894060546
20231116,cxl_life_med,ret_skip,0.00616140074881914
20231116,flash_cxl_ratio,ret_next,-0.0008975452583671115
20231116,flash_cxl_ratio,ret_skip,-0.006449914310144623
20231116,flash_cxl_imb,ret_next,0.014632838378703281
20231116,flash_cxl_imb,ret_skip,-0.009439197233997571
20231116,mean_size,ret_next,0.013405943176449808
20231116,mean_size,ret_skip,0.007304683289427294
20231116,n_ord,ret_next,-0.00330362498780698
20231116,n_ord,ret_skip,-0.008019981446459008
20231116,ord_imb_cnt,ret_next,-0.004716932874837387
20231116,ord_imb_cnt,ret_skip,-0.007443630832396531
20231116,ord_imb_vol,ret_next,0.00790500227187223
20231116,ord_imb_vol,ret_skip,-0.01618442115722884
20231116,cxl_ratio,ret_next,-0.011570214637597961
20231116,cxl_ratio,ret_skip,-0.004928821656688883
20231116,large_share,ret_next,0.014463872220478435
20231116,large_share,ret_skip,0.00529573427360052
20231127,trd_imb,ret_next,-0.0628772382909203
20231127,trd_imb,ret_skip,-0.01320173352373305
20231127,eat_age_imb,ret_next,-0.04341472349756096
20231127,eat_age_imb,ret_skip,-0.027348178771877587
20231127,eat_age_med,ret_next,0.005172471409646832
20231127,eat_age_med,ret_skip,0.007540664530643218
20231127,old_eat_imb,ret_next,-0.07226618013219435
20231127,old_eat_imb,ret_skip,-0.01939999157491478
20231127,cxl_life_med,ret_next,0.0012379200808891704
20231127,cxl_life_med,ret_skip,0.0007994517502189219
20231127,flash_cxl_ratio,ret_next,-0.004849983405410217
20231127,flash_cxl_ratio,ret_skip,-0.00403682209099768
20231127,flash_cxl_imb,ret_next,0.01703264252554214
20231127,flash_cxl_imb,ret_skip,-0.0026018337967931926
20231127,mean_size,ret_next,0.003946988022535007
20231127,mean_size,ret_skip,-0.0017953070122506839
20231127,n_ord,ret_next,-0.008002390387414886
20231127,n_ord,ret_skip,-0.008238313103428025
20231127,ord_imb_cnt,ret_next,0.009716699610264544
20231127,ord_imb_cnt,ret_skip,0.001441843851653016
20231127,ord_imb_vol,ret_next,0.018901675627889157
20231127,ord_imb_vol,ret_skip,-0.006948113160418562
20231127,cxl_ratio,ret_next,-0.004391120486081755
20231127,cxl_ratio,ret_skip,-0.00022465876623345437
20231127,large_share,ret_next,0.01176277905107205
20231127,large_share,ret_skip,0.0009453885393053247
20231206,trd_imb,ret_next,-0.06728875969607985
20231206,trd_imb,ret_skip,-0.011735073412496324
20231206,eat_age_imb,ret_next,-0.051362377943334675
20231206,eat_age_imb,ret_skip,-0.025758635601991077
20231206,eat_age_med,ret_next,0.008069238650754795
20231206,eat_age_med,ret_skip,0.009114484889218897
20231206,old_eat_imb,ret_next,-0.08018334836404524
20231206,old_eat_imb,ret_skip,-0.019766919161905396
20231206,cxl_life_med,ret_next,0.0037513581598129578
20231206,cxl_life_med,ret_skip,0.0037449144750531472
20231206,flash_cxl_ratio,ret_next,-0.005154847640851788
20231206,flash_cxl_ratio,ret_skip,-0.0025043134236329254
20231206,flash_cxl_imb,ret_next,0.015245466833072242
20231206,flash_cxl_imb,ret_skip,-0.003128343548674952
20231206,mean_size,ret_next,0.008912274190959257
20231206,mean_size,ret_skip,0.004864444106972957
20231206,n_ord,ret_next,-0.0041307557093158784
20231206,n_ord,ret_skip,-0.0038699144056753816
20231206,ord_imb_cnt,ret_next,0.005896982515847874
20231206,ord_imb_cnt,ret_skip,0.0005482875083268698
20231206,ord_imb_vol,ret_next,0.009298796573488371
20231206,ord_imb_vol,ret_skip,-0.008850140179501765
20231206,cxl_ratio,ret_next,-0.008009710061925236
20231206,cxl_ratio,ret_skip,-0.0030410051101306154
20231206,large_share,ret_next,0.010070994988608426
20231206,large_share,ret_skip,0.004199882924611764
20231215,trd_imb,ret_next,-0.08841916352924205
20231215,trd_imb,ret_skip,-0.0198808249440405
20231215,eat_age_imb,ret_next,-0.07533019364569836
20231215,eat_age_imb,ret_skip,-0.03115252165874426
20231215,eat_age_med,ret_next,0.015663556406144453
20231215,eat_age_med,ret_skip,0.009935971697438211
20231215,old_eat_imb,ret_next,-0.10461302170716766
20231215,old_eat_imb,ret_skip,-0.02456740393505577
20231215,cxl_life_med,ret_next,0.006659141513504005
20231215,cxl_life_med,ret_skip,0.0075517521692715075
20231215,flash_cxl_ratio,ret_next,-0.005278395083911272
20231215,flash_cxl_ratio,ret_skip,-0.005408533446957202
20231215,flash_cxl_imb,ret_next,0.0009466003755716009
20231215,flash_cxl_imb,ret_skip,-0.0010670913771285524
20231215,mean_size,ret_next,0.007709078905356214
20231215,mean_size,ret_skip,0.002198355589820015
20231215,n_ord,ret_next,-0.008750010530448807
20231215,n_ord,ret_skip,-0.011143560569983295
20231215,ord_imb_cnt,ret_next,-0.008198464068339736
20231215,ord_imb_cnt,ret_skip,-0.0029417818678588734
20231215,ord_imb_vol,ret_next,-0.006181477234185311
20231215,ord_imb_vol,ret_skip,-0.012259896413023224
20231215,cxl_ratio,ret_next,-0.004925805435920912
20231215,cxl_ratio,ret_skip,-0.002760486044878826
20231215,large_share,ret_next,0.009825883832753604
20231215,large_share,ret_skip,0.0008565672069840752
20231226,trd_imb,ret_next,-0.08812886031517801
20231226,trd_imb,ret_skip,-0.013590311314026209
20231226,eat_age_imb,ret_next,-0.06838385976450453
20231226,eat_age_imb,ret_skip,-0.02347811125186047
20231226,eat_age_med,ret_next,0.010163674328641844
20231226,eat_age_med,ret_skip,0.010791850292486109
20231226,old_eat_imb,ret_next,-0.1035748237031351
20231226,old_eat_imb,ret_skip,-0.021587941824126693
20231226,cxl_life_med,ret_next,0.005872245382638332
20231226,cxl_life_med,ret_skip,0.005004857565033319
20231226,flash_cxl_ratio,ret_next,-0.0009114537750102625
20231226,flash_cxl_ratio,ret_skip,-0.0035283122580015637
20231226,flash_cxl_imb,ret_next,0.011804790584120864
20231226,flash_cxl_imb,ret_skip,-0.0038932104397134057
20231226,mean_size,ret_next,0.013042880043502536
20231226,mean_size,ret_skip,0.00520103103097716
20231226,n_ord,ret_next,-0.0001819093758512215
20231226,n_ord,ret_skip,-0.0029808297265322913
20231226,ord_imb_cnt,ret_next,-0.0033355135293538724
20231226,ord_imb_cnt,ret_skip,-0.0017046908025878024
20231226,ord_imb_vol,ret_next,0.0005838235862068643
20231226,ord_imb_vol,ret_skip,-0.007378121338146103
20231226,cxl_ratio,ret_next,-0.005532066159280352
20231226,cxl_ratio,ret_skip,-0.002639979844863722
20231226,large_share,ret_next,0.017087010323948906
20231226,large_share,ret_skip,0.0036021796510051396
20240105,trd_imb,ret_next,-0.08764457792190068
20240105,trd_imb,ret_skip,-0.01542086565455716
20240105,eat_age_imb,ret_next,-0.07492984734445259
20240105,eat_age_imb,ret_skip,-0.02360036078574002
20240105,eat_age_med,ret_next,0.020865295732613368
20240105,eat_age_med,ret_skip,0.016409322024221507
20240105,old_eat_imb,ret_next,-0.10479653210096213
20240105,old_eat_imb,ret_skip,-0.022099454769132294
20240105,cxl_life_med,ret_next,0.00868351122604526
20240105,cxl_life_med,ret_skip,0.007651876143561958
20240105,flash_cxl_ratio,ret_next,9.79945724673561e-05
20240105,flash_cxl_ratio,ret_skip,-0.0005082855345463254
20240105,flash_cxl_imb,ret_next,0.008745863455318104
20240105,flash_cxl_imb,ret_skip,0.0018921419671968091
20240105,mean_size,ret_next,0.015632167038366653
20240105,mean_size,ret_skip,0.008086175588375294
20240105,n_ord,ret_next,-0.005311465229105348
20240105,n_ord,ret_skip,-0.006379855514275265
20240105,ord_imb_cnt,ret_next,-0.0030885334461874824
20240105,ord_imb_cnt,ret_skip,-0.0001574986225784331
20240105,ord_imb_vol,ret_next,-0.0072258727135200065
20240105,ord_imb_vol,ret_skip,-0.007866949066219568
20240105,cxl_ratio,ret_next,0.0011177097442579107
20240105,cxl_ratio,ret_skip,-0.0007721109620897445
20240105,large_share,ret_next,0.0182517099782367
20240105,large_share,ret_skip,0.004415776644906794
20240116,trd_imb,ret_next,-0.08580959350180134
20240116,trd_imb,ret_skip,-0.010227476770684361
20240116,eat_age_imb,ret_next,-0.08326735229085766
20240116,eat_age_imb,ret_skip,-0.021243532862940177
20240116,eat_age_med,ret_next,0.008656574669335847
20240116,eat_age_med,ret_skip,0.005667142553521238
20240116,old_eat_imb,ret_next,-0.10794698501540245
20240116,old_eat_imb,ret_skip,-0.014735657144667236
20240116,cxl_life_med,ret_next,0.0030242675213173857
20240116,cxl_life_med,ret_skip,0.0007043069174514183
20240116,flash_cxl_ratio,ret_next,0.0012372062369615695
20240116,flash_cxl_ratio,ret_skip,-0.0006685354330960049
20240116,flash_cxl_imb,ret_next,0.0017297279488660527
20240116,flash_cxl_imb,ret_skip,5.531475257428142e-05
20240116,mean_size,ret_next,0.009097362212906294
20240116,mean_size,ret_skip,0.001675279331520759
20240116,n_ord,ret_next,0.0007581604835013107
20240116,n_ord,ret_skip,-0.0011889935153015006
20240116,ord_imb_cnt,ret_next,-0.0033509768141751404
20240116,ord_imb_cnt,ret_skip,0.0038243378065928235
20240116,ord_imb_vol,ret_next,-0.010501479848894739
20240116,ord_imb_vol,ret_skip,-0.0060120798729743
20240116,cxl_ratio,ret_next,-0.003845189724337983
20240116,cxl_ratio,ret_skip,-0.0004362912741766827
20240116,large_share,ret_next,0.012502033247351928
20240116,large_share,ret_skip,0.0019265194928080299
20240125,trd_imb,ret_next,-0.05341786661828527
20240125,trd_imb,ret_skip,-0.010966047851482696
20240125,eat_age_imb,ret_next,-0.0661363493223841
20240125,eat_age_imb,ret_skip,-0.028729630369138188
20240125,eat_age_med,ret_next,-0.005149205008711939
20240125,eat_age_med,ret_skip,-0.0011691447242604268
20240125,old_eat_imb,ret_next,-0.07321001996694501
20240125,old_eat_imb,ret_skip,-0.020873884783832324
20240125,cxl_life_med,ret_next,-0.004833183530554246
20240125,cxl_life_med,ret_skip,-0.006413553119997079
20240125,flash_cxl_ratio,ret_next,-0.00435380006388618
20240125,flash_cxl_ratio,ret_skip,-0.006927564619337673
20240125,flash_cxl_imb,ret_next,0.013144436669231837
20240125,flash_cxl_imb,ret_skip,-0.0049339094749819585
20240125,mean_size,ret_next,-0.011048626618221119
20240125,mean_size,ret_skip,-0.014509653387185056
20240125,n_ord,ret_next,-0.012219275514783268
20240125,n_ord,ret_skip,-0.012881349692821011
20240125,ord_imb_cnt,ret_next,0.017244035488000884
20240125,ord_imb_cnt,ret_skip,0.0017429352113111595
20240125,ord_imb_vol,ret_next,0.012442776378415673
20240125,ord_imb_vol,ret_skip,-0.008278938566888657
20240125,cxl_ratio,ret_next,-0.00832118162176544
20240125,cxl_ratio,ret_skip,-0.0012035796109683677
20240125,large_share,ret_next,0.0013672445483413984
20240125,large_share,ret_skip,-0.005181760163002164
20240205,trd_imb,ret_next,-0.009229500743743187
20240205,trd_imb,ret_skip,0.00657230473332495
20240205,eat_age_imb,ret_next,-0.07271079412110251
20240205,eat_age_imb,ret_skip,-0.008380168408894554
20240205,eat_age_med,ret_next,0.023480078809320907
20240205,eat_age_med,ret_skip,0.020566690667945833
20240205,old_eat_imb,ret_next,-0.03696361723559225
20240205,old_eat_imb,ret_skip,0.006228550913898028
20240205,cxl_life_med,ret_next,0.019808072866279215
20240205,cxl_life_med,ret_skip,0.015165889308781925
20240205,flash_cxl_ratio,ret_next,-0.009258748081438947
20240205,flash_cxl_ratio,ret_skip,-0.008813772134061228
20240205,flash_cxl_imb,ret_next,0.006544605145090629
20240205,flash_cxl_imb,ret_skip,-0.005218732724987046
20240205,mean_size,ret_next,0.021821895637592778
20240205,mean_size,ret_skip,0.015483200385244533
20240205,n_ord,ret_next,-0.007875536360852687
20240205,n_ord,ret_skip,-0.007405992870406384
20240205,ord_imb_cnt,ret_next,0.0053795743176003295
20240205,ord_imb_cnt,ret_skip,-0.0025768505288680833
20240205,ord_imb_vol,ret_next,-0.017355948051166345
20240205,ord_imb_vol,ret_skip,-0.01076730335738341
20240205,cxl_ratio,ret_next,-0.013953481118424097
20240205,cxl_ratio,ret_skip,-0.02009099899307759
20240205,large_share,ret_next,0.017890374878983338
20240205,large_share,ret_skip,0.006531548203297587
20240222,trd_imb,ret_next,-0.05439786760377552
20240222,trd_imb,ret_skip,-0.024871311251477044
20240222,eat_age_imb,ret_next,-0.07114744735632451
20240222,eat_age_imb,ret_skip,-0.04910085476058088
20240222,eat_age_med,ret_next,0.0021300207401970307
20240222,eat_age_med,ret_skip,0.001984016519611148
20240222,old_eat_imb,ret_next,-0.07718526598290552
20240222,old_eat_imb,ret_skip,-0.036196964559294435
20240222,cxl_life_med,ret_next,-0.0004358670383808004
20240222,cxl_life_med,ret_skip,0.00371834901357205
20240222,flash_cxl_ratio,ret_next,-0.004778192727921324
20240222,flash_cxl_ratio,ret_skip,-0.007218244755318014
20240222,flash_cxl_imb,ret_next,0.013849142343959809
20240222,flash_cxl_imb,ret_skip,-0.007680790853767709
20240222,mean_size,ret_next,0.0035405806298063128
20240222,mean_size,ret_skip,-0.005626136924618059
20240222,n_ord,ret_next,-0.007944901173062877
20240222,n_ord,ret_skip,-0.011877506452258203
20240222,ord_imb_cnt,ret_next,0.02636899830401772
20240222,ord_imb_cnt,ret_skip,0.0012047461784964752
20240222,ord_imb_vol,ret_next,0.027368404928091894
20240222,ord_imb_vol,ret_skip,-0.015668954037512495
20240222,cxl_ratio,ret_next,-0.009554373366876426
20240222,cxl_ratio,ret_skip,-0.003163797624799521
20240222,large_share,ret_next,0.00845938647818667
20240222,large_share,ret_skip,-0.005724025362697576
20240304,trd_imb,ret_next,-0.04696841904305676
20240304,trd_imb,ret_skip,-0.01783434426568999
20240304,eat_age_imb,ret_next,-0.057588124865499746
20240304,eat_age_imb,ret_skip,-0.03703835152098174
20240304,eat_age_med,ret_next,0.0051754031449593755
20240304,eat_age_med,ret_skip,0.004319747340034743
20240304,old_eat_imb,ret_next,-0.07024819158526265
20240304,old_eat_imb,ret_skip,-0.025976350946664263
20240304,cxl_life_med,ret_next,-0.006367801147162657
20240304,cxl_life_med,ret_skip,-0.002415068734923259
20240304,flash_cxl_ratio,ret_next,0.0026095844764061392
20240304,flash_cxl_ratio,ret_skip,-0.0026706654644595373
20240304,flash_cxl_imb,ret_next,0.026683954629974308
20240304,flash_cxl_imb,ret_skip,-0.003764950321960966
20240304,mean_size,ret_next,0.0031911866664419276
20240304,mean_size,ret_skip,-0.0034437976677054298
20240304,n_ord,ret_next,0.0028941251200817427
20240304,n_ord,ret_skip,-0.0017485325015676912
20240304,ord_imb_cnt,ret_next,0.030053407674812294
20240304,ord_imb_cnt,ret_skip,0.004714047104352644
20240304,ord_imb_vol,ret_next,0.025252134745907057
20240304,ord_imb_vol,ret_skip,-0.011122409294612593
20240304,cxl_ratio,ret_next,-0.01189489469467813
20240304,cxl_ratio,ret_skip,-0.0065737786387976985
20240304,large_share,ret_next,0.008236666209185903
20240304,large_share,ret_skip,-0.0007858879327487313
20240313,trd_imb,ret_next,-0.060991918081355415
20240313,trd_imb,ret_skip,-0.02241178031545747
20240313,eat_age_imb,ret_next,-0.0634241833301047
20240313,eat_age_imb,ret_skip,-0.03744851250836997
20240313,eat_age_med,ret_next,0.004737332066749591
20240313,eat_age_med,ret_skip,0.012863490343802072
20240313,old_eat_imb,ret_next,-0.07845876783401338
20240313,old_eat_imb,ret_skip,-0.031144103780145087
20240313,cxl_life_med,ret_next,-0.0003900676607783589
20240313,cxl_life_med,ret_skip,0.0028394451917761465
20240313,flash_cxl_ratio,ret_next,-0.0046220682647944026
20240313,flash_cxl_ratio,ret_skip,-0.006682410275420489
20240313,flash_cxl_imb,ret_next,0.020221186531403253
20240313,flash_cxl_imb,ret_skip,-0.009868722325601655
20240313,mean_size,ret_next,0.009080455828462869
20240313,mean_size,ret_skip,0.0020022142738962997
20240313,n_ord,ret_next,-0.007325683249940961
20240313,n_ord,ret_skip,-0.010911430023071371
20240313,ord_imb_cnt,ret_next,0.027421638593166212
20240313,ord_imb_cnt,ret_skip,0.0030409288947342104
20240313,ord_imb_vol,ret_next,0.024628387489431212
20240313,ord_imb_vol,ret_skip,-0.01435002685644306
20240313,cxl_ratio,ret_next,-0.009956801031277397
20240313,cxl_ratio,ret_skip,-0.004383001068349727
20240313,large_share,ret_next,0.01205450721311638
20240313,large_share,ret_skip,0.0010485353904072351
20240322,trd_imb,ret_next,-0.05110530970625473
20240322,trd_imb,ret_skip,-0.01597671984933953
20240322,eat_age_imb,ret_next,-0.07038835900852039
20240322,eat_age_imb,ret_skip,-0.03379218341446195
20240322,eat_age_med,ret_next,0.006762635871559073
20240322,eat_age_med,ret_skip,0.008578669344484932
20240322,old_eat_imb,ret_next,-0.07643690788740176
20240322,old_eat_imb,ret_skip,-0.02349561972946565
20240322,cxl_life_med,ret_next,0.0010624461345128974
20240322,cxl_life_med,ret_skip,0.0027919909933355708
20240322,flash_cxl_ratio,ret_next,0.0007741862468717931
20240322,flash_cxl_ratio,ret_skip,-0.005621276037337058
20240322,flash_cxl_imb,ret_next,0.022790636695480378
20240322,flash_cxl_imb,ret_skip,-0.004106222373192501
20240322,mean_size,ret_next,0.013954853951714351
20240322,mean_size,ret_skip,0.005807348379506407
20240322,n_ord,ret_next,0.002392829110624346
20240322,n_ord,ret_skip,-0.0037849657748507282
20240322,ord_imb_cnt,ret_next,0.030173577479776347
20240322,ord_imb_cnt,ret_skip,0.006499739741037891
20240322,ord_imb_vol,ret_next,0.022474113303926437
20240322,ord_imb_vol,ret_skip,-0.01002889282588792
20240322,cxl_ratio,ret_next,-0.008161837726244296
20240322,cxl_ratio,ret_skip,-0.003410306540153029
20240322,large_share,ret_next,0.01796507521708482
20240322,large_share,ret_skip,0.004557387603656896
20240402,trd_imb,ret_next,-0.05513231685016499
20240402,trd_imb,ret_skip,-0.014632150958565984
20240402,eat_age_imb,ret_next,-0.05805175467602945
20240402,eat_age_imb,ret_skip,-0.03275318312953634
20240402,eat_age_med,ret_next,0.011804605606741755
20240402,eat_age_med,ret_skip,0.018099911760446483
20240402,old_eat_imb,ret_next,-0.07328744161770409
20240402,old_eat_imb,ret_skip,-0.023861489180040097
20240402,cxl_life_med,ret_next,0.004886185569505291
20240402,cxl_life_med,ret_skip,0.004971559341992402
20240402,flash_cxl_ratio,ret_next,-0.0064806636101563475
20240402,flash_cxl_ratio,ret_skip,-0.007997091453970286
20240402,flash_cxl_imb,ret_next,0.024165951843048802
20240402,flash_cxl_imb,ret_skip,0.001363814109095375
20240402,mean_size,ret_next,0.009230936502774362
20240402,mean_size,ret_skip,0.004028889290322125
20240402,n_ord,ret_next,-0.009330906007487313
20240402,n_ord,ret_skip,-0.012710870879818524
20240402,ord_imb_cnt,ret_next,0.028469714170665565
20240402,ord_imb_cnt,ret_skip,0.008910832642070059
20240402,ord_imb_vol,ret_next,0.02379275213933002
20240402,ord_imb_vol,ret_skip,-0.009965628406856957
20240402,cxl_ratio,ret_next,-0.012027451148174217
20240402,cxl_ratio,ret_skip,-0.004824062565456781
20240402,large_share,ret_next,0.012660323413051379
20240402,large_share,ret_skip,0.004706432192579922
20240415,trd_imb,ret_next,-0.006149513393433351
20240415,trd_imb,ret_skip,0.002180300742876999
20240415,eat_age_imb,ret_next,-0.04503780678790265
20240415,eat_age_imb,ret_skip,-0.022571475685704435
20240415,eat_age_med,ret_next,0.003391098034259585
20240415,eat_age_med,ret_skip,0.004503113151294178
20240415,old_eat_imb,ret_next,-0.03181149236846341
20240415,old_eat_imb,ret_skip,-0.006416433681866168
20240415,cxl_life_med,ret_next,0.001354561065569803
20240415,cxl_life_med,ret_skip,0.0020278898987662543
20240415,flash_cxl_ratio,ret_next,0.006105928418728341
20240415,flash_cxl_ratio,ret_skip,0.003967349538997997
20240415,flash_cxl_imb,ret_next,0.03219706871080483
20240415,flash_cxl_imb,ret_skip,0.0039587519667754825
20240415,mean_size,ret_next,0.011892279277326586
20240415,mean_size,ret_skip,0.00783927716066459
20240415,n_ord,ret_next,0.018602976947506383
20240415,n_ord,ret_skip,0.014054916838232545
20240415,ord_imb_cnt,ret_next,0.04413956349789655
20240415,ord_imb_cnt,ret_skip,0.0077544328134815255
20240415,ord_imb_vol,ret_next,0.03589178821851184
20240415,ord_imb_vol,ret_skip,-0.00821589887951328
20240415,cxl_ratio,ret_next,-0.012738994870169471
20240415,cxl_ratio,ret_skip,-0.008667925070747602
20240415,large_share,ret_next,0.015133925622096015
20240415,large_share,ret_skip,0.006388515086531391
20240424,trd_imb,ret_next,-0.06778221421814144
20240424,trd_imb,ret_skip,-0.015376401406345181
20240424,eat_age_imb,ret_next,-0.05740544255263059
20240424,eat_age_imb,ret_skip,-0.028887014274927514
20240424,eat_age_med,ret_next,-0.0022165719192630546
20240424,eat_age_med,ret_skip,0.0006881524126720699
20240424,old_eat_imb,ret_next,-0.08217630920167954
20240424,old_eat_imb,ret_skip,-0.023672558702786145
20240424,cxl_life_med,ret_next,-0.001310502936173027
20240424,cxl_life_med,ret_skip,-0.0010031653526040955
20240424,flash_cxl_ratio,ret_next,-0.0012302177983750506
20240424,flash_cxl_ratio,ret_skip,-0.004021314335845125
20240424,flash_cxl_imb,ret_next,0.012150309593012299
20240424,flash_cxl_imb,ret_skip,-0.005490724864362003
20240424,mean_size,ret_next,0.003069939160104003
20240424,mean_size,ret_skip,-0.003671330770060556
20240424,n_ord,ret_next,-0.0004533250552761595
20240424,n_ord,ret_skip,-0.0065535433596203806
20240424,ord_imb_cnt,ret_next,0.014160759473147945
20240424,ord_imb_cnt,ret_skip,0.0020196822685383488
20240424,ord_imb_vol,ret_next,0.021393097917417052
20240424,ord_imb_vol,ret_skip,-0.0070400566148496576
20240424,cxl_ratio,ret_next,-0.010805677844741861
20240424,cxl_ratio,ret_skip,-0.00361298840855339
20240424,large_share,ret_next,0.011048591377206401
20240424,large_share,ret_skip,0.0007119452461563565
20240508,trd_imb,ret_next,-0.06443306849800638
20240508,trd_imb,ret_skip,-0.020296463915018943
20240508,eat_age_imb,ret_next,-0.062123489207625
20240508,eat_age_imb,ret_skip,-0.030974792438126144
20240508,eat_age_med,ret_next,0.015461087762266654
20240508,eat_age_med,ret_skip,0.014486704821828145
20240508,old_eat_imb,ret_next,-0.0814431801648163
20240508,old_eat_imb,ret_skip,-0.026390705665426187
20240508,cxl_life_med,ret_next,0.006935700113567803
20240508,cxl_life_med,ret_skip,0.00721135406234285
20240508,flash_cxl_ratio,ret_next,-0.00040044122645061084
20240508,flash_cxl_ratio,ret_skip,-0.0022606079150717536
20240508,flash_cxl_imb,ret_next,0.017126716283938234
20240508,flash_cxl_imb,ret_skip,-0.003628471952274331
20240508,mean_size,ret_next,0.016214388273885622
20240508,mean_size,ret_skip,0.007935437393356424
20240508,n_ord,ret_next,-0.0023297777997110013
20240508,n_ord,ret_skip,-0.006032122522154708
20240508,ord_imb_cnt,ret_next,0.016094751693056155
20240508,ord_imb_cnt,ret_skip,0.0030242843519131886
20240508,ord_imb_vol,ret_next,0.018652218130722955
20240508,ord_imb_vol,ret_skip,-0.00941216566652204
20240508,cxl_ratio,ret_next,-0.008671301685015956
20240508,cxl_ratio,ret_skip,-0.0024731523067348994
20240508,large_share,ret_next,0.015501445639391119
20240508,large_share,ret_skip,0.0031022260280171824
20240517,trd_imb,ret_next,-0.06582597386587469
20240517,trd_imb,ret_skip,-0.012147875934251085
20240517,eat_age_imb,ret_next,-0.05220320659228634
20240517,eat_age_imb,ret_skip,-0.02546322986839455
20240517,eat_age_med,ret_next,0.002503290124896099
20240517,eat_age_med,ret_skip,0.004133231651157583
20240517,old_eat_imb,ret_next,-0.07826957563580467
20240517,old_eat_imb,ret_skip,-0.021035195044969257
20240517,cxl_life_med,ret_next,-0.003338877393575699
20240517,cxl_life_med,ret_skip,0.0008012201076444241
20240517,flash_cxl_ratio,ret_next,0.0030977554130499968
20240517,flash_cxl_ratio,ret_skip,-0.002478857055551541
20240517,flash_cxl_imb,ret_next,0.0191339319150726
20240517,flash_cxl_imb,ret_skip,-0.008022734378215888
20240517,mean_size,ret_next,0.004786304617463633
20240517,mean_size,ret_skip,-3.587156867144985e-05
20240517,n_ord,ret_next,0.001816949387547362
20240517,n_ord,ret_skip,-0.002424332370171284
20240517,ord_imb_cnt,ret_next,0.020848734584303082
20240517,ord_imb_cnt,ret_skip,0.005942173404784593
20240517,ord_imb_vol,ret_next,0.026430449298151165
20240517,ord_imb_vol,ret_skip,-0.004536022300959742
20240517,cxl_ratio,ret_next,-0.009502496727388277
20240517,cxl_ratio,ret_skip,-0.003957332758166162
20240517,large_share,ret_next,0.011685713513551617
20240517,large_share,ret_skip,0.0010094037862674208
20240528,trd_imb,ret_next,-0.07214174498616299
20240528,trd_imb,ret_skip,-0.016480208853977118
20240528,eat_age_imb,ret_next,-0.05429808047926108
20240528,eat_age_imb,ret_skip,-0.031319007408585106
20240528,eat_age_med,ret_next,0.019912394300833098
20240528,eat_age_med,ret_skip,0.014931330456707267
20240528,old_eat_imb,ret_next,-0.08401021879253083
20240528,old_eat_imb,ret_skip,-0.021830672702646273
20240528,cxl_life_med,ret_next,0.004450706688461894
20240528,cxl_life_med,ret_skip,0.0050854084806645225
20240528,flash_cxl_ratio,ret_next,-0.0023118535170779594
20240528,flash_cxl_ratio,ret_skip,-0.00505040439015661
20240528,flash_cxl_imb,ret_next,0.019583491087284747
20240528,flash_cxl_imb,ret_skip,-0.0018293705782512636
20240528,mean_size,ret_next,0.011773904929911457
20240528,mean_size,ret_skip,0.004920858172295793
20240528,n_ord,ret_next,-0.00845556985395307
20240528,n_ord,ret_skip,-0.009971055038020711
20240528,ord_imb_cnt,ret_next,0.02101425162627493
20240528,ord_imb_cnt,ret_skip,0.00590381382552212
20240528,ord_imb_vol,ret_next,0.027682334779974557
20240528,ord_imb_vol,ret_skip,-0.0034348675279704693
20240528,cxl_ratio,ret_next,-0.005600668718833285
20240528,cxl_ratio,ret_skip,-0.0012135312107199986
20240528,large_share,ret_next,0.014532712632317807
20240528,large_share,ret_skip,0.0023558500716452874
20240606,trd_imb,ret_next,-0.026538839834152044
20240606,trd_imb,ret_skip,-0.007868320344650261
20240606,eat_age_imb,ret_next,-0.06431372584204531
20240606,eat_age_imb,ret_skip,-0.025566259263817885
20240606,eat_age_med,ret_next,0.0040243297199292595
20240606,eat_age_med,ret_skip,0.00847953562943458
20240606,old_eat_imb,ret_next,-0.05670883503598122
20240606,old_eat_imb,ret_skip,-0.01745375090940111
20240606,cxl_life_med,ret_next,0.005736693333901891
20240606,cxl_life_med,ret_skip,0.005066871794396216
20240606,flash_cxl_ratio,ret_next,0.0010788688355827293
20240606,flash_cxl_ratio,ret_skip,0.003980674743973946
20240606,flash_cxl_imb,ret_next,0.032110636428471444
20240606,flash_cxl_imb,ret_skip,-0.001373667994636043
20240606,mean_size,ret_next,0.014559714391192234
20240606,mean_size,ret_skip,0.008521004946842567
20240606,n_ord,ret_next,0.011026267278065223
20240606,n_ord,ret_skip,0.01108743543486361
20240606,ord_imb_cnt,ret_next,0.03580129492765291
20240606,ord_imb_cnt,ret_skip,0.0018692135985737624
20240606,ord_imb_vol,ret_next,0.02925280833567589
20240606,ord_imb_vol,ret_skip,-0.013249451447610718
20240606,cxl_ratio,ret_next,-0.010091987749461807
20240606,cxl_ratio,ret_skip,-0.0027622425920525284
20240606,large_share,ret_next,0.019595426931338453
20240606,large_share,ret_skip,0.009054695390972317
20240618,trd_imb,ret_next,-0.08655331223702334
20240618,trd_imb,ret_skip,-0.014369867596803976
20240618,eat_age_imb,ret_next,-0.050199766714544125
20240618,eat_age_imb,ret_skip,-0.027586820189064432
20240618,eat_age_med,ret_next,0.005588400714988608
20240618,eat_age_med,ret_skip,0.008790516754265029
20240618,old_eat_imb,ret_next,-0.09271454885006862
20240618,old_eat_imb,ret_skip,-0.021285750589180228
20240618,cxl_life_med,ret_next,0.004302472993235397
20240618,cxl_life_med,ret_skip,0.006888513200292448
20240618,flash_cxl_ratio,ret_next,-0.0011893242713606877
20240618,flash_cxl_ratio,ret_skip,-0.009823607161590467
20240618,flash_cxl_imb,ret_next,0.016631511868435533
20240618,flash_cxl_imb,ret_skip,0.00028874992039730143
20240618,mean_size,ret_next,0.006892036418970654
20240618,mean_size,ret_skip,0.0017979694960688101
20240618,n_ord,ret_next,-0.005083043450452269
20240618,n_ord,ret_skip,-0.009774125138851954
20240618,ord_imb_cnt,ret_next,0.009471426597906835
20240618,ord_imb_cnt,ret_skip,0.007770870183717661
20240618,ord_imb_vol,ret_next,0.017041510153128207
20240618,ord_imb_vol,ret_skip,-0.002963856742091271
20240618,cxl_ratio,ret_next,-0.010830356159277223
20240618,cxl_ratio,ret_skip,-0.005728540331243232
20240618,large_share,ret_next,0.009157729355721532
20240618,large_share,ret_skip,0.0012906380322416375
20240627,trd_imb,ret_next,-0.08745820441968974
20240627,trd_imb,ret_skip,-0.018290000722739216
20240627,eat_age_imb,ret_next,-0.07877486092435486
20240627,eat_age_imb,ret_skip,-0.032220102473934406
20240627,eat_age_med,ret_next,0.01843960516391342
20240627,eat_age_med,ret_skip,0.01686815945013851
20240627,old_eat_imb,ret_next,-0.10528140900062967
20240627,old_eat_imb,ret_skip,-0.028887069077163943
20240627,cxl_life_med,ret_next,0.007691150460397455
20240627,cxl_life_med,ret_skip,0.007028543116507556
20240627,flash_cxl_ratio,ret_next,-0.00381214162741105
20240627,flash_cxl_ratio,ret_skip,-0.005565228142777677
20240627,flash_cxl_imb,ret_next,0.01286862441919252
20240627,flash_cxl_imb,ret_skip,-0.002699399862635042
20240627,mean_size,ret_next,0.016284110608784482
20240627,mean_size,ret_skip,0.010330930179320432
20240627,n_ord,ret_next,-0.008508826139867339
20240627,n_ord,ret_skip,-0.01020174654870525
20240627,ord_imb_cnt,ret_next,0.01029493884817081
20240627,ord_imb_cnt,ret_skip,0.0007270315267359856
20240627,ord_imb_vol,ret_next,0.010024299956419612
20240627,ord_imb_vol,ret_skip,-0.008693624145935113
20240627,cxl_ratio,ret_next,-0.0025491261179692833
20240627,cxl_ratio,ret_skip,0.00035087214817631026
20240627,large_share,ret_next,0.013822201424606767
20240627,large_share,ret_skip,0.003132536315772721
20240708,trd_imb,ret_next,-0.08755974724980996
20240708,trd_imb,ret_skip,-0.017615215545080307
20240708,eat_age_imb,ret_next,-0.07597256786603507
20240708,eat_age_imb,ret_skip,-0.03116997985813887
20240708,eat_age_med,ret_next,0.01763317133642683
20240708,eat_age_med,ret_skip,0.0115195295690347
20240708,old_eat_imb,ret_next,-0.10718285008329581
20240708,old_eat_imb,ret_skip,-0.02527937111905857
20240708,cxl_life_med,ret_next,0.007026212661497299
20240708,cxl_life_med,ret_skip,0.008744455882787869
20240708,flash_cxl_ratio,ret_next,-0.0027287824443069124
20240708,flash_cxl_ratio,ret_skip,-0.0039057134689961495
20240708,flash_cxl_imb,ret_next,0.012577665367751583
20240708,flash_cxl_imb,ret_skip,-0.0004973863377274616
20240708,mean_size,ret_next,0.015374341585591306
20240708,mean_size,ret_skip,0.008063174102811415
20240708,n_ord,ret_next,-0.001688857642501608
20240708,n_ord,ret_skip,-0.00363619275142047
20240708,ord_imb_cnt,ret_next,0.00850571861348099
20240708,ord_imb_cnt,ret_skip,0.004958189230969176
20240708,ord_imb_vol,ret_next,0.011601196431560311
20240708,ord_imb_vol,ret_skip,-0.005656677952662907
20240708,cxl_ratio,ret_next,-0.004270933285093511
20240708,cxl_ratio,ret_skip,-0.004689713437949388
20240708,large_share,ret_next,0.01663213453240173
20240708,large_share,ret_skip,0.005157518041057756
20240717,trd_imb,ret_next,-0.09607493291466142
20240717,trd_imb,ret_skip,-0.018323093160112932
20240717,eat_age_imb,ret_next,-0.07054384790942664
20240717,eat_age_imb,ret_skip,-0.0286027785189319
20240717,eat_age_med,ret_next,0.022649114225192803
20240717,eat_age_med,ret_skip,0.01703819087765431
20240717,old_eat_imb,ret_next,-0.110582764884135
20240717,old_eat_imb,ret_skip,-0.027603382510346327
20240717,cxl_life_med,ret_next,0.006359729252136983
20240717,cxl_life_med,ret_skip,0.006375518762777869
20240717,flash_cxl_ratio,ret_next,-0.0039900635207767605
20240717,flash_cxl_ratio,ret_skip,-0.0055680238505102795
20240717,flash_cxl_imb,ret_next,0.01443330835665006
20240717,flash_cxl_imb,ret_skip,-0.005461033811451449
20240717,mean_size,ret_next,0.01496442820975876
20240717,mean_size,ret_skip,0.008128575793795596
20240717,n_ord,ret_next,-0.010103721702241024
20240717,n_ord,ret_skip,-0.009446396816054211
20240717,ord_imb_cnt,ret_next,0.009325416265533026
20240717,ord_imb_cnt,ret_skip,0.0017282565176500843
20240717,ord_imb_vol,ret_next,0.01726124741543458
20240717,ord_imb_vol,ret_skip,-0.0046916974807072135
20240717,cxl_ratio,ret_next,-0.004565467852377493
20240717,cxl_ratio,ret_skip,-0.002609230888635802
20240717,large_share,ret_next,0.015213258450815581
20240717,large_share,ret_skip,0.004267520052538618
20240726,trd_imb,ret_next,-0.11192504234969157
20240726,trd_imb,ret_skip,-0.02445339901924003
20240726,eat_age_imb,ret_next,-0.07763160681186959
20240726,eat_age_imb,ret_skip,-0.036266776753465756
20240726,eat_age_med,ret_next,0.007110139883390101
20240726,eat_age_med,ret_skip,0.009027123629665583
20240726,old_eat_imb,ret_next,-0.12321199672342091
20240726,old_eat_imb,ret_skip,-0.03657071743763152
20240726,cxl_life_med,ret_next,0.007375592197400643
20240726,cxl_life_med,ret_skip,0.0056733850196494925
20240726,flash_cxl_ratio,ret_next,-0.007521574122501577
20240726,flash_cxl_ratio,ret_skip,-0.00472132331332455
20240726,flash_cxl_imb,ret_next,0.015560812465413519
20240726,flash_cxl_imb,ret_skip,-0.00824482009838758
20240726,mean_size,ret_next,0.008175745411636806
20240726,mean_size,ret_skip,0.003268206780730691
20240726,n_ord,ret_next,-0.012588397017548575
20240726,n_ord,ret_skip,-0.010447841989667965
20240726,ord_imb_cnt,ret_next,0.0023541094423126575
20240726,ord_imb_cnt,ret_skip,-0.001216868054762576
20240726,ord_imb_vol,ret_next,0.012355895725448941
20240726,ord_imb_vol,ret_skip,-0.00911856878879123
20240726,cxl_ratio,ret_next,-0.011421147119862727
20240726,cxl_ratio,ret_skip,-0.006047220795662047
20240726,large_share,ret_next,0.009291274956842307
20240726,large_share,ret_skip,0.0009129536523756871
20240806,trd_imb,ret_next,-0.09613569887829997
20240806,trd_imb,ret_skip,-0.021568193406386695
20240806,eat_age_imb,ret_next,-0.07820036530990424
20240806,eat_age_imb,ret_skip,-0.0355498041556536
20240806,eat_age_med,ret_next,0.007072692318454394
20240806,eat_age_med,ret_skip,0.007510706862494945
20240806,old_eat_imb,ret_next,-0.11353490345076582
20240806,old_eat_imb,ret_skip,-0.030716757948196078
20240806,cxl_life_med,ret_next,0.0028642690395978376
20240806,cxl_life_med,ret_skip,0.005274797390042838
20240806,flash_cxl_ratio,ret_next,-0.005184920808128714
20240806,flash_cxl_ratio,ret_skip,-0.009110065258016067
20240806,flash_cxl_imb,ret_next,0.010709639994104236
20240806,flash_cxl_imb,ret_skip,-0.0058329065926261215
20240806,mean_size,ret_next,0.0038244713855591778
20240806,mean_size,ret_skip,0.0009358169211250586
20240806,n_ord,ret_next,-0.010790109589948797
20240806,n_ord,ret_skip,-0.0146310259890565
20240806,ord_imb_cnt,ret_next,0.004895492553001706
20240806,ord_imb_cnt,ret_skip,0.0024045416444858853
20240806,ord_imb_vol,ret_next,0.009681406025586524
20240806,ord_imb_vol,ret_skip,-0.008558930793587724
20240806,cxl_ratio,ret_next,-0.011663010845115358
20240806,cxl_ratio,ret_skip,-0.004804112785853955
20240806,large_share,ret_next,0.0067711403512351435
20240806,large_share,ret_skip,0.0006107689404590775
20240815,trd_imb,ret_next,-0.10001054758765252
20240815,trd_imb,ret_skip,-0.020110327756006623
20240815,eat_age_imb,ret_next,-0.0729338741520306
20240815,eat_age_imb,ret_skip,-0.033302772545586994
20240815,eat_age_med,ret_next,0.013862385270818076
20240815,eat_age_med,ret_skip,0.012430991558855672
20240815,old_eat_imb,ret_next,-0.11491391876182461
20240815,old_eat_imb,ret_skip,-0.028562559479715966
20240815,cxl_life_med,ret_next,0.006667236439769356
20240815,cxl_life_med,ret_skip,0.004444802371677448
20240815,flash_cxl_ratio,ret_next,-0.007000240340429822
20240815,flash_cxl_ratio,ret_skip,-0.005835483444473119
20240815,flash_cxl_imb,ret_next,0.012591849092022668
20240815,flash_cxl_imb,ret_skip,-0.00012344175608600615
20240815,mean_size,ret_next,0.010809234608866186
20240815,mean_size,ret_skip,0.005702014075238763
20240815,n_ord,ret_next,-0.008618914674616323
20240815,n_ord,ret_skip,-0.00795092062969822
20240815,ord_imb_cnt,ret_next,0.0019949531517441717
20240815,ord_imb_cnt,ret_skip,0.003921434771673015
20240815,ord_imb_vol,ret_next,0.008975935529587885
20240815,ord_imb_vol,ret_skip,-0.00601991019461058
20240815,cxl_ratio,ret_next,-0.009761251560644453
20240815,cxl_ratio,ret_skip,-0.0041482651074546475
20240815,large_share,ret_next,0.007820167911079387
20240815,large_share,ret_skip,0.0011433472498349109
20240826,trd_imb,ret_next,-0.1014790266124249
20240826,trd_imb,ret_skip,-0.014737083987909905
20240826,eat_age_imb,ret_next,-0.059023401123528496
20240826,eat_age_imb,ret_skip,-0.026916306124560484
20240826,eat_age_med,ret_next,0.009552069069489725
20240826,eat_age_med,ret_skip,0.015305925475637246
20240826,old_eat_imb,ret_next,-0.10838420961170818
20240826,old_eat_imb,ret_skip,-0.02263243347994536
20240826,cxl_life_med,ret_next,0.005351982109898941
20240826,cxl_life_med,ret_skip,0.006242223566552587
20240826,flash_cxl_ratio,ret_next,-0.005518938289600689
20240826,flash_cxl_ratio,ret_skip,-0.007135729671246332
20240826,flash_cxl_imb,ret_next,0.012105163971077844
20240826,flash_cxl_imb,ret_skip,0.000931111801600653
20240826,mean_size,ret_next,0.0045045319665706
20240826,mean_size,ret_skip,0.0017573582021921921
20240826,n_ord,ret_next,-0.012302662314349528
20240826,n_ord,ret_skip,-0.015409091013598152
20240826,ord_imb_cnt,ret_next,0.005147656055413366
20240826,ord_imb_cnt,ret_skip,0.008218592764914899
20240826,ord_imb_vol,ret_next,0.01606361633723149
20240826,ord_imb_vol,ret_skip,-0.0003394217666523839
20240826,cxl_ratio,ret_next,-0.010307031273582859
20240826,cxl_ratio,ret_skip,-0.0007714985350781673
20240826,large_share,ret_next,0.004268449475246856
20240826,large_share,ret_skip,-9.680881725805018e-06
20240904,trd_imb,ret_next,-0.10678252891768039
20240904,trd_imb,ret_skip,-0.023314689927873812
20240904,eat_age_imb,ret_next,-0.07755015093367659
20240904,eat_age_imb,ret_skip,-0.03321531228473913
20240904,eat_age_med,ret_next,0.010828185623802448
20240904,eat_age_med,ret_skip,0.008015305796093474
20240904,old_eat_imb,ret_next,-0.12034297139137673
20240904,old_eat_imb,ret_skip,-0.03249610603563157
20240904,cxl_life_med,ret_next,0.0013026423233451732
20240904,cxl_life_med,ret_skip,0.0005230531742297773
20240904,flash_cxl_ratio,ret_next,-0.004439100464352709
20240904,flash_cxl_ratio,ret_skip,-0.0047332042808420505
20240904,flash_cxl_imb,ret_next,0.01560988729858154
20240904,flash_cxl_imb,ret_skip,-0.008631438645339384
20240904,mean_size,ret_next,0.0038634415943992677
20240904,mean_size,ret_skip,-0.0025358670132166216
20240904,n_ord,ret_next,-0.005205831783137329
20240904,n_ord,ret_skip,-0.006152603764889633
20240904,ord_imb_cnt,ret_next,0.0052126649290780685
20240904,ord_imb_cnt,ret_skip,0.0011837663933856484
20240904,ord_imb_vol,ret_next,0.011386491178214109
20240904,ord_imb_vol,ret_skip,-0.00895316124297442
20240904,cxl_ratio,ret_next,-0.004550015330351654
20240904,cxl_ratio,ret_skip,-0.0006067617925762321
20240904,large_share,ret_next,0.009730111948784462
20240904,large_share,ret_skip,-0.001267931766860159
20240913,trd_imb,ret_next,-0.10749083199623885
20240913,trd_imb,ret_skip,-0.01618741385888545
20240913,eat_age_imb,ret_next,-0.06575099544506538
20240913,eat_age_imb,ret_skip,-0.028221843078041476
20240913,eat_age_med,ret_next,0.0251896983429202
20240913,eat_age_med,ret_skip,0.017722600141758697
20240913,old_eat_imb,ret_next,-0.11608209458376663
20240913,old_eat_imb,ret_skip,-0.024824684172803025
20240913,cxl_life_med,ret_next,0.009281383263463264
20240913,cxl_life_med,ret_skip,0.010114532456762209
20240913,flash_cxl_ratio,ret_next,-0.00578018423636461
20240913,flash_cxl_ratio,ret_skip,-0.005756592321246502
20240913,flash_cxl_imb,ret_next,0.013669668071566889
20240913,flash_cxl_imb,ret_skip,-0.004185133173388865
20240913,mean_size,ret_next,0.01895792667707311
20240913,mean_size,ret_skip,0.012490280611736472
20240913,n_ord,ret_next,-0.005582263356856478
20240913,n_ord,ret_skip,-0.008844077159237327
20240913,ord_imb_cnt,ret_next,0.0018895532367057995
20240913,ord_imb_cnt,ret_skip,0.005531627657336982
20240913,ord_imb_vol,ret_next,0.01362968747456977
20240913,ord_imb_vol,ret_skip,-0.0015013410638207738
20240913,cxl_ratio,ret_next,-0.006957267186489072
20240913,cxl_ratio,ret_skip,-0.004208509467215904
20240913,large_share,ret_next,0.01727438443681896
20240913,large_share,ret_skip,0.0059554908875064224
20240926,trd_imb,ret_next,-0.06258765306288201
20240926,trd_imb,ret_skip,-0.01735840396045205
20240926,eat_age_imb,ret_next,-0.07701467009964687
20240926,eat_age_imb,ret_skip,-0.03688711579345927
20240926,eat_age_med,ret_next,-0.010634021150923647
20240926,eat_age_med,ret_skip,-0.003394191872762294
20240926,old_eat_imb,ret_next,-0.0883220920148755
20240926,old_eat_imb,ret_skip,-0.029827650941764587
20240926,cxl_life_med,ret_next,-0.009452196432118375
20240926,cxl_life_med,ret_skip,-0.006006921133153113
20240926,flash_cxl_ratio,ret_next,-0.0011276312321270147
20240926,flash_cxl_ratio,ret_skip,-0.002328362003555525
20240926,flash_cxl_imb,ret_next,0.011070563934435855
20240926,flash_cxl_imb,ret_skip,-0.008548086973842541
20240926,mean_size,ret_next,-0.001621093488719377
20240926,mean_size,ret_skip,-0.009615286273085872
20240926,n_ord,ret_next,0.007259429198232509
20240926,n_ord,ret_skip,0.0055135026378335525
20240926,ord_imb_cnt,ret_next,0.02387337185240616
20240926,ord_imb_cnt,ret_skip,0.007665378744868605
20240926,ord_imb_vol,ret_next,0.01485553118251222
20240926,ord_imb_vol,ret_skip,-0.01272067835690406
20240926,cxl_ratio,ret_next,-0.01897711882130643
20240926,cxl_ratio,ret_skip,-0.011333444165678953
20240926,large_share,ret_next,0.014751302989036019
20240926,large_share,ret_skip,-0.0015176447071472744
20241014,trd_imb,ret_next,-0.05785336952296183
20241014,trd_imb,ret_skip,-0.018379831853377968
20241014,eat_age_imb,ret_next,-0.09988591473863
20241014,eat_age_imb,ret_skip,-0.042867551636063636
20241014,eat_age_med,ret_next,-0.010879244822427291
20241014,eat_age_med,ret_skip,-0.007812184945536414
20241014,old_eat_imb,ret_next,-0.09044618123429381
20241014,old_eat_imb,ret_skip,-0.029943670711598657
20241014,cxl_life_med,ret_next,-0.007617658463880961
20241014,cxl_life_med,ret_skip,-0.004843041090548266
20241014,flash_cxl_ratio,ret_next,0.00283510448998588
20241014,flash_cxl_ratio,ret_skip,-0.0017820364820440439
20241014,flash_cxl_imb,ret_next,0.00281642932255191
20241014,flash_cxl_imb,ret_skip,-0.01223995506518155
20241014,mean_size,ret_next,-0.007478416822267678
20241014,mean_size,ret_skip,-0.00974407385869265
20241014,n_ord,ret_next,0.006616409837672041
20241014,n_ord,ret_skip,0.003090967833754156
20241014,ord_imb_cnt,ret_next,0.016920919914092166
20241014,ord_imb_cnt,ret_skip,-0.00838417378193682
20241014,ord_imb_vol,ret_next,-0.005702558226357782
20241014,ord_imb_vol,ret_skip,-0.022876923337435857
20241014,cxl_ratio,ret_next,-0.015874622660305728
20241014,cxl_ratio,ret_skip,-0.00352844838548484
20241014,large_share,ret_next,0.0047221796105054075
20241014,large_share,ret_skip,-0.0031958751858463213
20241023,trd_imb,ret_next,-0.052951640698243804
20241023,trd_imb,ret_skip,-0.019187260657452458
20241023,eat_age_imb,ret_next,-0.07876686934240132
20241023,eat_age_imb,ret_skip,-0.04037537407224977
20241023,eat_age_med,ret_next,0.011825445301858943
20241023,eat_age_med,ret_skip,0.01602179179218367
20241023,old_eat_imb,ret_next,-0.08064179116621469
20241023,old_eat_imb,ret_skip,-0.030022351987827017
20241023,cxl_life_med,ret_next,0.0038440289329753773
20241023,cxl_life_med,ret_skip,0.004023015751303345
20241023,flash_cxl_ratio,ret_next,-0.0065407846662379025
20241023,flash_cxl_ratio,ret_skip,-0.009126994188807719
20241023,flash_cxl_imb,ret_next,0.006347187045205469
20241023,flash_cxl_imb,ret_skip,-0.009908377235067102
20241023,mean_size,ret_next,0.009878085162845034
20241023,mean_size,ret_skip,0.004391742848853389
20241023,n_ord,ret_next,-0.012225046623473587
20241023,n_ord,ret_skip,-0.014164652007450079
20241023,ord_imb_cnt,ret_next,0.019704322558048097
20241023,ord_imb_cnt,ret_skip,0.0004600577470629369
20241023,ord_imb_vol,ret_next,0.008888874500929622
20241023,ord_imb_vol,ret_skip,-0.015488384143863285
20241023,cxl_ratio,ret_next,-0.017728032817404756
20241023,cxl_ratio,ret_skip,-0.003936670990804117
20241023,large_share,ret_next,0.010545480053565998
20241023,large_share,ret_skip,0.001491844283896578
20241101,trd_imb,ret_next,-0.020596367556650744
20241101,trd_imb,ret_skip,-0.014897042800014906
20241101,eat_age_imb,ret_next,-0.05658708199747378
20241101,eat_age_imb,ret_skip,-0.03950695712556066
20241101,eat_age_med,ret_next,0.019811052124529098
20241101,eat_age_med,ret_skip,0.025403300665675067
20241101,old_eat_imb,ret_next,-0.047549880761024954
20241101,old_eat_imb,ret_skip,-0.025492826171642755
20241101,cxl_life_med,ret_next,0.0008125904498108916
20241101,cxl_life_med,ret_skip,0.004080228273752023
20241101,flash_cxl_ratio,ret_next,-0.0052992033946160574
20241101,flash_cxl_ratio,ret_skip,-0.006512120595050785
20241101,flash_cxl_imb,ret_next,0.02320781852882348
20241101,flash_cxl_imb,ret_skip,-0.005904637731337005
20241101,mean_size,ret_next,0.01022065814919215
20241101,mean_size,ret_skip,0.004768571143447809
20241101,n_ord,ret_next,-0.01191998875179244
20241101,n_ord,ret_skip,-0.012688280468192089
20241101,ord_imb_cnt,ret_next,0.04172664576466822
20241101,ord_imb_cnt,ret_skip,0.00361609442420119
20241101,ord_imb_vol,ret_next,0.030712816771040895
20241101,ord_imb_vol,ret_skip,-0.015022081428347584
20241101,cxl_ratio,ret_next,-0.00806313122268201
20241101,cxl_ratio,ret_skip,-0.005204934416918133
20241101,large_share,ret_next,0.01624314593199845
20241101,large_share,ret_skip,0.007379064971390839
20241112,trd_imb,ret_next,-0.024779336422681403
20241112,trd_imb,ret_skip,-0.027476337401252125
20241112,eat_age_imb,ret_next,-0.07270539166521482
20241112,eat_age_imb,ret_skip,-0.04614399456955737
20241112,eat_age_med,ret_next,0.018292799263346586
20241112,eat_age_med,ret_skip,0.02484158717717048
20241112,old_eat_imb,ret_next,-0.05711121549988772
20241112,old_eat_imb,ret_skip,-0.03686935022838848
20241112,cxl_life_med,ret_next,0.007108696994916118
20241112,cxl_life_med,ret_skip,0.009071864996751925
20241112,flash_cxl_ratio,ret_next,-0.007140877500462698
20241112,flash_cxl_ratio,ret_skip,-0.010870025297149206
20241112,flash_cxl_imb,ret_next,0.0303005744354222
20241112,flash_cxl_imb,ret_skip,-0.0030559084179223126
20241112,mean_size,ret_next,0.014767034015309736
20241112,mean_size,ret_skip,0.007473531448831518
20241112,n_ord,ret_next,-0.013645489261851914
20241112,n_ord,ret_skip,-0.01684251402289295
20241112,ord_imb_cnt,ret_next,0.05207994386844919
20241112,ord_imb_cnt,ret_skip,0.003126483951602066
20241112,ord_imb_vol,ret_next,0.02869627494341414
20241112,ord_imb_vol,ret_skip,-0.02293303773448434
20241112,cxl_ratio,ret_next,-0.011509679550565777
20241112,cxl_ratio,ret_skip,0.00011161546449742615
20241112,large_share,ret_next,0.016785948736834228
20241112,large_share,ret_skip,0.004815068867804122
20241121,trd_imb,ret_next,-0.06506995951268753
20241121,trd_imb,ret_skip,-0.021803682267605307
20241121,eat_age_imb,ret_next,-0.09608799853500499
20241121,eat_age_imb,ret_skip,-0.034855530572014785
20241121,eat_age_med,ret_next,0.01651223072130617
20241121,eat_age_med,ret_skip,0.01325726839404204
20241121,old_eat_imb,ret_next,-0.0948399962790443
20241121,old_eat_imb,ret_skip,-0.029273443010584342
20241121,cxl_life_med,ret_next,0.0021950314487680423
20241121,cxl_life_med,ret_skip,0.004819878992970261
20241121,flash_cxl_ratio,ret_next,-0.009417020708665399
20241121,flash_cxl_ratio,ret_skip,-0.009848013501652856
20241121,flash_cxl_imb,ret_next,0.007331355553585437
20241121,flash_cxl_imb,ret_skip,-0.005115624215003952
20241121,mean_size,ret_next,0.0074952948310230095
20241121,mean_size,ret_skip,-0.0026482456158119735
20241121,n_ord,ret_next,-0.013993303283951921
20241121,n_ord,ret_skip,-0.01749988701345177
20241121,ord_imb_cnt,ret_next,0.016004000538678665
20241121,ord_imb_cnt,ret_skip,0.0032005665715114377
20241121,ord_imb_vol,ret_next,0.0034402749643043335
20241121,ord_imb_vol,ret_skip,-0.014653618778439024
20241121,cxl_ratio,ret_next,-0.012859690739935373
20241121,cxl_ratio,ret_skip,-0.004105285625766378
20241121,large_share,ret_next,0.014941013617020691
20241121,large_share,ret_skip,-0.0022310248107727513
20241202,trd_imb,ret_next,-0.04076049646893303
20241202,trd_imb,ret_skip,-0.023057296153286902
20241202,eat_age_imb,ret_next,-0.07526908009285435
20241202,eat_age_imb,ret_skip,-0.04038355165249166
20241202,eat_age_med,ret_next,0.009827771304870793
20241202,eat_age_med,ret_skip,0.008817304861868554
20241202,old_eat_imb,ret_next,-0.06813308026014021
20241202,old_eat_imb,ret_skip,-0.031443293931027995
20241202,cxl_life_med,ret_next,0.0038109321183448066
20241202,cxl_life_med,ret_skip,0.007810932688853884
20241202,flash_cxl_ratio,ret_next,-0.008626852041781192
20241202,flash_cxl_ratio,ret_skip,-0.013615187399914162
20241202,flash_cxl_imb,ret_next,0.007424909075173449
20241202,flash_cxl_imb,ret_skip,-0.010157278812725502
20241202,mean_size,ret_next,0.005079364916946826
20241202,mean_size,ret_skip,-0.0013059701435058297
20241202,n_ord,ret_next,-0.011799606196527394
20241202,n_ord,ret_skip,-0.013798368211668357
20241202,ord_imb_cnt,ret_next,0.030992532897591466
20241202,ord_imb_cnt,ret_skip,0.003946535329822247
20241202,ord_imb_vol,ret_next,0.02065297049462176
20241202,ord_imb_vol,ret_skip,-0.01566476963321385
20241202,cxl_ratio,ret_next,-0.01715639595245032
20241202,cxl_ratio,ret_skip,-0.007522358161614001
20241202,large_share,ret_next,0.012277156414794772
20241202,large_share,ret_skip,-0.001391532364793074
20241211,trd_imb,ret_next,-0.04823856962411964
20241211,trd_imb,ret_skip,-0.0202825382313391
20241211,eat_age_imb,ret_next,-0.07163730127826703
20241211,eat_age_imb,ret_skip,-0.03724864806272183
20241211,eat_age_med,ret_next,0.00580878301635207
20241211,eat_age_med,ret_skip,0.011710064102990107
20241211,old_eat_imb,ret_next,-0.07278369434674753
20241211,old_eat_imb,ret_skip,-0.029376283893515112
20241211,cxl_life_med,ret_next,0.0018824731531958917
20241211,cxl_life_med,ret_skip,0.005665136580234447
20241211,flash_cxl_ratio,ret_next,-0.004630767587547426
20241211,flash_cxl_ratio,ret_skip,-0.010346508078510718
20241211,flash_cxl_imb,ret_next,0.011830844580824017
20241211,flash_cxl_imb,ret_skip,-0.007934675005347612
20241211,mean_size,ret_next,0.009077721974962148
20241211,mean_size,ret_skip,0.001296624602537922
20241211,n_ord,ret_next,-0.008308546522189085
20241211,n_ord,ret_skip,-0.010547542152582249
20241211,ord_imb_cnt,ret_next,0.028998637078256225
20241211,ord_imb_cnt,ret_skip,0.004003083645809471
20241211,ord_imb_vol,ret_next,0.018329683814122998
20241211,ord_imb_vol,ret_skip,-0.014557198231923401
20241211,cxl_ratio,ret_next,-0.01954934335777866
20241211,cxl_ratio,ret_skip,-0.008832906265362615
20241211,large_share,ret_next,0.015754806697812183
20241211,large_share,ret_skip,0.0021932896329167765
20241220,trd_imb,ret_next,-0.053158579168173334
20241220,trd_imb,ret_skip,-0.02102674039872115
20241220,eat_age_imb,ret_next,-0.07819585238851448
20241220,eat_age_imb,ret_skip,-0.039239253446875705
20241220,eat_age_med,ret_next,0.007419099889239999
20241220,eat_age_med,ret_skip,0.011405841292401126
20241220,old_eat_imb,ret_next,-0.0799889208615303
20241220,old_eat_imb,ret_skip,-0.029573330965676305
20241220,cxl_life_med,ret_next,-0.0006468953531606721
20241220,cxl_life_med,ret_skip,0.002817395486166851
20241220,flash_cxl_ratio,ret_next,-0.008952298356718399
20241220,flash_cxl_ratio,ret_skip,-0.012665022566833705
20241220,flash_cxl_imb,ret_next,0.0058556954429795005
20241220,flash_cxl_imb,ret_skip,-0.0100978791600616
20241220,mean_size,ret_next,-0.003710518367034351
20241220,mean_size,ret_skip,-0.007559957838337406
20241220,n_ord,ret_next,-0.01656508538874652
20241220,n_ord,ret_skip,-0.021303725534980594
20241220,ord_imb_cnt,ret_next,0.023602030525208043
20241220,ord_imb_cnt,ret_skip,0.0026865423340401606
20241220,ord_imb_vol,ret_next,0.015409611837253508
20241220,ord_imb_vol,ret_skip,-0.01598204084638224
20241220,cxl_ratio,ret_next,-0.012468895284448254
20241220,cxl_ratio,ret_skip,-0.0031077827190335756
20241220,large_share,ret_next,0.009647456478332863
20241220,large_share,ret_skip,-0.0024658649073420872
20241231,trd_imb,ret_next,-0.06045649665150232
20241231,trd_imb,ret_skip,-0.01727282926734543
20241231,eat_age_imb,ret_next,-0.08925129766545022
20241231,eat_age_imb,ret_skip,-0.029629709180535813
20241231,eat_age_med,ret_next,0.01666277318694467
20241231,eat_age_med,ret_skip,0.015561219449353741
20241231,old_eat_imb,ret_next,-0.08944688979885337
20241231,old_eat_imb,ret_skip,-0.02319258938018559
20241231,cxl_life_med,ret_next,0.006436073069697551
20241231,cxl_life_med,ret_skip,0.007485170332763257
20241231,flash_cxl_ratio,ret_next,-0.004198962574383399
20241231,flash_cxl_ratio,ret_skip,-0.0057710404990136376
20241231,flash_cxl_imb,ret_next,0.013818894621597402
20241231,flash_cxl_imb,ret_skip,-0.0015468201457729542
20241231,mean_size,ret_next,0.013230142085200377
20241231,mean_size,ret_skip,0.0049765301365039235
20241231,n_ord,ret_next,-0.009586157108634287
20241231,n_ord,ret_skip,-0.01324298739332995
20241231,ord_imb_cnt,ret_next,0.018052851722304055
20241231,ord_imb_cnt,ret_skip,-0.0020369467341361893
20241231,ord_imb_vol,ret_next,0.00639746516468224
20241231,ord_imb_vol,ret_skip,-0.013845211619897891
20241231,cxl_ratio,ret_next,-0.0053877256688934574
20241231,cxl_ratio,ret_skip,-0.0004904431939936252
20241231,large_share,ret_next,0.017975585802896276
20241231,large_share,ret_skip,0.0041826276401739195
20250110,trd_imb,ret_next,-0.07467193255274858
20250110,trd_imb,ret_skip,-0.012848271779547551
20250110,eat_age_imb,ret_next,-0.10076935709430346
20250110,eat_age_imb,ret_skip,-0.026741336223464907
20250110,eat_age_med,ret_next,0.01681649626272083
20250110,eat_age_med,ret_skip,0.014067975867806531
20250110,old_eat_imb,ret_next,-0.10421208751477759
20250110,old_eat_imb,ret_skip,-0.018977180670813325
20250110,cxl_life_med,ret_next,2.4600514013116384e-05
20250110,cxl_life_med,ret_skip,0.002292674954260551
20250110,flash_cxl_ratio,ret_next,0.0013000701124441208
20250110,flash_cxl_ratio,ret_skip,-0.0064437522063680005
20250110,flash_cxl_imb,ret_next,0.010491825881068343
20250110,flash_cxl_imb,ret_skip,-0.0024370190295931664
20250110,mean_size,ret_next,0.011374884064009917
20250110,mean_size,ret_skip,0.002809197700002413
20250110,n_ord,ret_next,-0.005571448081641598
20250110,n_ord,ret_skip,-0.010941923041519504
20250110,ord_imb_cnt,ret_next,0.01364846538929275
20250110,ord_imb_cnt,ret_skip,0.0032395380560152464
20250110,ord_imb_vol,ret_next,0.0011248382647962882
20250110,ord_imb_vol,ret_skip,-0.008964230086415701
20250110,cxl_ratio,ret_next,-0.0004509954970285648
20250110,cxl_ratio,ret_skip,0.002287287930803783
20250110,large_share,ret_next,0.01951536654429321
20250110,large_share,ret_skip,0.004574650423863702
20250121,trd_imb,ret_next,-0.07683114118375883
20250121,trd_imb,ret_skip,-0.017375185758582604
20250121,eat_age_imb,ret_next,-0.08535104273743542
20250121,eat_age_imb,ret_skip,-0.031189150551710985
20250121,eat_age_med,ret_next,0.0007191996070428346
20250121,eat_age_med,ret_skip,-0.00083645806958789
20250121,old_eat_imb,ret_next,-0.10018320984159314
20250121,old_eat_imb,ret_skip,-0.02375983459974527
20250121,cxl_life_med,ret_next,-0.00046957860324174904
20250121,cxl_life_med,ret_skip,0.0004898668581297532
20250121,flash_cxl_ratio,ret_next,-0.004733655952327884
20250121,flash_cxl_ratio,ret_skip,-0.00324277842040521
20250121,flash_cxl_imb,ret_next,0.0007758595163607851
20250121,flash_cxl_imb,ret_skip,-0.0063777315309849255
20250121,mean_size,ret_next,-0.00044290967776177163
20250121,mean_size,ret_skip,-0.008935437682161275
20250121,n_ord,ret_next,-0.002952802393321381
20250121,n_ord,ret_skip,-0.003787598227258971
20250121,ord_imb_cnt,ret_next,0.012648797429959037
20250121,ord_imb_cnt,ret_skip,0.0053197411511350925
20250121,ord_imb_vol,ret_next,0.008163111122842187
20250121,ord_imb_vol,ret_skip,-0.006643160846736993
20250121,cxl_ratio,ret_next,-0.007976926219284185
20250121,cxl_ratio,ret_skip,-0.000773814714286951
20250121,large_share,ret_next,0.011790096909239845
20250121,large_share,ret_skip,-0.001575469570926376
20250207,trd_imb,ret_next,-0.04943611155138358
20250207,trd_imb,ret_skip,-0.01781565997557584
20250207,eat_age_imb,ret_next,-0.0706210184601823
20250207,eat_age_imb,ret_skip,-0.039824645646079154
20250207,eat_age_med,ret_next,0.00015850522032012602
20250207,eat_age_med,ret_skip,0.0062412698838625194
20250207,old_eat_imb,ret_next,-0.0771353486010804
20250207,old_eat_imb,ret_skip,-0.02996701960397645
20250207,cxl_life_med,ret_next,0.0009618727340222201
20250207,cxl_life_med,ret_skip,0.0045266678606611195
20250207,flash_cxl_ratio,ret_next,-0.0008176444717703517
20250207,flash_cxl_ratio,ret_skip,-0.004664620895303085
20250207,flash_cxl_imb,ret_next,0.0063939182502676176
20250207,flash_cxl_imb,ret_skip,-0.010880645585540987
20250207,mean_size,ret_next,0.009952117698751347
20250207,mean_size,ret_skip,0.003841086000303818
20250207,n_ord,ret_next,-0.001296373804462295
20250207,n_ord,ret_skip,-0.0037704152151832628
20250207,ord_imb_cnt,ret_next,0.028340777081958052
20250207,ord_imb_cnt,ret_skip,-9.567443130648748e-05
20250207,ord_imb_vol,ret_next,0.01310850830475748
20250207,ord_imb_vol,ret_skip,-0.019335644615526042
20250207,cxl_ratio,ret_next,-0.019850840124216482
20250207,cxl_ratio,ret_skip,-0.007381201670671997
20250207,large_share,ret_next,0.012258631174902694
20250207,large_share,ret_skip,0.0025961591093003845
20250218,trd_imb,ret_next,-0.05880736985993449
20250218,trd_imb,ret_skip,-0.0200495249330278
20250218,eat_age_imb,ret_next,-0.07955700549750719
20250218,eat_age_imb,ret_skip,-0.03327448425678551
20250218,eat_age_med,ret_next,0.021027945068594376
20250218,eat_age_med,ret_skip,0.021161979897662792
20250218,old_eat_imb,ret_next,-0.08698118666940513
20250218,old_eat_imb,ret_skip,-0.031348065299142365
20250218,cxl_life_med,ret_next,0.005273755213694539
20250218,cxl_life_med,ret_skip,0.010763307930951047
20250218,flash_cxl_ratio,ret_next,-0.0046897809963619965
20250218,flash_cxl_ratio,ret_skip,-0.010113412496832418
20250218,flash_cxl_imb,ret_next,0.009631195139015601
20250218,flash_cxl_imb,ret_skip,-0.010427603974321794
20250218,mean_size,ret_next,0.01526646892080821
20250218,mean_size,ret_skip,0.005850190736888976
20250218,n_ord,ret_next,-0.01563074226099249
20250218,n_ord,ret_skip,-0.021312827954921346
20250218,ord_imb_cnt,ret_next,0.012877514195094657
20250218,ord_imb_cnt,ret_skip,-0.004076357295862828
20250218,ord_imb_vol,ret_next,0.005258392216451844
20250218,ord_imb_vol,ret_skip,-0.01526841947405783
20250218,cxl_ratio,ret_next,0.0010852357789850116
20250218,cxl_ratio,ret_skip,-0.0001597619952221904
20250218,large_share,ret_next,0.018694210314160097
20250218,large_share,ret_skip,0.000503264463520469
20250227,trd_imb,ret_next,-0.04438977156781869
20250227,trd_imb,ret_skip,-0.015445274424802573
20250227,eat_age_imb,ret_next,-0.06473487785277808
20250227,eat_age_imb,ret_skip,-0.028752812890824337
20250227,eat_age_med,ret_next,0.011320553579301552
20250227,eat_age_med,ret_skip,0.014456140727702089
20250227,old_eat_imb,ret_next,-0.06938113174430256
20250227,old_eat_imb,ret_skip,-0.022441867066195182
20250227,cxl_life_med,ret_next,0.0016173528185683354
20250227,cxl_life_med,ret_skip,0.004801332295715374
20250227,flash_cxl_ratio,ret_next,-0.0054227620516827685
20250227,flash_cxl_ratio,ret_skip,-0.008743799524201748
20250227,flash_cxl_imb,ret_next,0.008460134170999965
20250227,flash_cxl_imb,ret_skip,-0.0029892286201950316
20250227,mean_size,ret_next,0.013227062024079398
20250227,mean_size,ret_skip,0.0015416296013569465
20250227,n_ord,ret_next,-0.01550905901284655
20250227,n_ord,ret_skip,-0.017947838610162654
20250227,ord_imb_cnt,ret_next,0.03148697638032671
20250227,ord_imb_cnt,ret_skip,0.0091392389168704
20250227,ord_imb_vol,ret_next,0.01989061171038564
20250227,ord_imb_vol,ret_skip,-0.00928317727792417
20250227,cxl_ratio,ret_next,-0.0077972456921397105
20250227,cxl_ratio,ret_skip,-0.0038664746542576463
20250227,large_share,ret_next,0.016391366245777958
20250227,large_share,ret_skip,-0.0023110185136239565
20250310,trd_imb,ret_next,-0.056418307704598936
20250310,trd_imb,ret_skip,-0.020223344014576625
20250310,eat_age_imb,ret_next,-0.06946583589803056
20250310,eat_age_imb,ret_skip,-0.0354063652169238
20250310,eat_age_med,ret_next,0.021964556494069185
20250310,eat_age_med,ret_skip,0.01645198016988718
20250310,old_eat_imb,ret_next,-0.07710833861441167
20250310,old_eat_imb,ret_skip,-0.0303850761343126
20250310,cxl_life_med,ret_next,0.004208525256600803
20250310,cxl_life_med,ret_skip,0.008504026840367896
20250310,flash_cxl_ratio,ret_next,-0.008022718431695542
20250310,flash_cxl_ratio,ret_skip,-0.009468520880187
20250310,flash_cxl_imb,ret_next,0.004304526621721016
20250310,flash_cxl_imb,ret_skip,-0.006996987729770722
20250310,mean_size,ret_next,0.010379239387921395
20250310,mean_size,ret_skip,0.003558101317538429
20250310,n_ord,ret_next,-0.01637004795930608
20250310,n_ord,ret_skip,-0.017635362919081157
20250310,ord_imb_cnt,ret_next,0.01905513093299284
20250310,ord_imb_cnt,ret_skip,0.002052558667930119
20250310,ord_imb_vol,ret_next,0.017293517288889556
20250310,ord_imb_vol,ret_skip,-0.0116234961715092
20250310,cxl_ratio,ret_next,-0.00811729743574424
20250310,cxl_ratio,ret_skip,-0.00548859851124746
20250310,large_share,ret_next,0.01215254777123218
20250310,large_share,ret_skip,-0.0021407641348429136
20250319,trd_imb,ret_next,-0.061115600163388635
20250319,trd_imb,ret_skip,-0.019624398960133193
20250319,eat_age_imb,ret_next,-0.06991945866420678
20250319,eat_age_imb,ret_skip,-0.03938240473205727
20250319,eat_age_med,ret_next,0.023301574967525402
20250319,eat_age_med,ret_skip,0.02085738388784248
20250319,old_eat_imb,ret_next,-0.0802159684137545
20250319,old_eat_imb,ret_skip,-0.030786271718870224
20250319,cxl_life_med,ret_next,0.006672772024052959
20250319,cxl_life_med,ret_skip,0.008386843292719073
20250319,flash_cxl_ratio,ret_next,-0.006928668928985065
20250319,flash_cxl_ratio,ret_skip,-0.010593087149492721
20250319,flash_cxl_imb,ret_next,0.008843732113228463
20250319,flash_cxl_imb,ret_skip,-0.00642468023997115
20250319,mean_size,ret_next,0.01569924913557783
20250319,mean_size,ret_skip,0.00885053485125653
20250319,n_ord,ret_next,-0.012980224033315814
20250319,n_ord,ret_skip,-0.016665020626940707
20250319,ord_imb_cnt,ret_next,0.02364032412749364
20250319,ord_imb_cnt,ret_skip,0.004734423808906228
20250319,ord_imb_vol,ret_next,0.024847604270517958
20250319,ord_imb_vol,ret_skip,-0.00809103702859132
20250319,cxl_ratio,ret_next,-0.011201411940969632
20250319,cxl_ratio,ret_skip,-0.005196610380964521
20250319,large_share,ret_next,0.016056994901975104
20250319,large_share,ret_skip,0.003126217934683952
20250328,trd_imb,ret_next,-0.06039653267012151
20250328,trd_imb,ret_skip,-0.017521883908983415
20250328,eat_age_imb,ret_next,-0.08350563777402673
20250328,eat_age_imb,ret_skip,-0.03288406150089297
20250328,eat_age_med,ret_next,0.017120154992446294
20250328,eat_age_med,ret_skip,0.016990086950874186
20250328,old_eat_imb,ret_next,-0.0833449907694567
20250328,old_eat_imb,ret_skip,-0.02647406805221682
20250328,cxl_life_med,ret_next,0.004996278419841983
20250328,cxl_life_med,ret_skip,0.008546848608517016
20250328,flash_cxl_ratio,ret_next,-0.0020979465086460956
20250328,flash_cxl_ratio,ret_skip,-0.0036897250080294105
20250328,flash_cxl_imb,ret_next,0.015586189522734543
20250328,flash_cxl_imb,ret_skip,-0.005285922574341135
20250328,mean_size,ret_next,0.015184270215239945
20250328,mean_size,ret_skip,0.008023124684180701
20250328,n_ord,ret_next,-0.0029697806424556915
20250328,n_ord,ret_skip,-0.004961294512935012
20250328,ord_imb_cnt,ret_next,0.021829901498836537
20250328,ord_imb_cnt,ret_skip,3.832039921721283e-05
20250328,ord_imb_vol,ret_next,0.01669581862420713
20250328,ord_imb_vol,ret_skip,-0.010230588032322222
20250328,cxl_ratio,ret_next,-0.004493987413969102
20250328,cxl_ratio,ret_skip,4.49321392200367e-05
20250328,large_share,ret_next,0.01812778475598997
20250328,large_share,ret_skip,0.005003925887824992
20250409,trd_imb,ret_next,-0.023891257719425157
20250409,trd_imb,ret_skip,-0.007004574631880363
20250409,eat_age_imb,ret_next,-0.07636457080285133
20250409,eat_age_imb,ret_skip,-0.023222551574693145
20250409,eat_age_med,ret_next,-0.0034422954774682877
20250409,eat_age_med,ret_skip,0.001976824548924073
20250409,old_eat_imb,ret_next,-0.05686379583210683
20250409,old_eat_imb,ret_skip,-0.01568360340149227
20250409,cxl_life_med,ret_next,-0.005289362598394125
20250409,cxl_life_med,ret_skip,-0.0022013549172435307
20250409,flash_cxl_ratio,ret_next,-0.0032316102185455916
20250409,flash_cxl_ratio,ret_skip,-0.00881994441117649
20250409,flash_cxl_imb,ret_next,0.017112552810277747
20250409,flash_cxl_imb,ret_skip,-0.0002338199881172053
20250409,mean_size,ret_next,-0.004000485685041182
20250409,mean_size,ret_skip,-0.008125045841269971
20250409,n_ord,ret_next,-0.006007207785774133
20250409,n_ord,ret_skip,-0.010741038748676181
20250409,ord_imb_cnt,ret_next,0.04300748660392157
20250409,ord_imb_cnt,ret_skip,0.01412488181737181
20250409,ord_imb_vol,ret_next,0.02077554176637999
20250409,ord_imb_vol,ret_skip,-0.008345629779935599
20250409,cxl_ratio,ret_next,-0.01777115268451766
20250409,cxl_ratio,ret_skip,-0.0032316531311529545
20250409,large_share,ret_next,0.0064855932725504635
20250409,large_share,ret_skip,-0.0039910344888925845
20250418,trd_imb,ret_next,-0.07297153003873584
20250418,trd_imb,ret_skip,-0.01303891556082813
20250418,eat_age_imb,ret_next,-0.07089160418801689
20250418,eat_age_imb,ret_skip,-0.025653215553381514
20250418,eat_age_med,ret_next,0.015828722279786534
20250418,eat_age_med,ret_skip,0.015886962898319704
20250418,old_eat_imb,ret_next,-0.09081797915170406
20250418,old_eat_imb,ret_skip,-0.020266898008290266
20250418,cxl_life_med,ret_next,0.006352794339755268
20250418,cxl_life_med,ret_skip,0.007148727579319262
20250418,flash_cxl_ratio,ret_next,-0.0064270174783117705
20250418,flash_cxl_ratio,ret_skip,-0.009402622258805705
20250418,flash_cxl_imb,ret_next,0.014559405866805068
20250418,flash_cxl_imb,ret_skip,-0.0034419143551640517
20250418,mean_size,ret_next,0.011630227640248573
20250418,mean_size,ret_skip,0.0021757852671095788
20250418,n_ord,ret_next,-0.010462628949406153
20250418,n_ord,ret_skip,-0.013516585962225923
20250418,ord_imb_cnt,ret_next,0.01725856951333003
20250418,ord_imb_cnt,ret_skip,0.006706151199477509
20250418,ord_imb_vol,ret_next,0.022390446958586583
20250418,ord_imb_vol,ret_skip,-0.0040858373799961345
20250418,cxl_ratio,ret_next,-0.006474609071171056
20250418,cxl_ratio,ret_skip,-0.005320354924052702
20250418,large_share,ret_next,0.015309497840728938
20250418,large_share,ret_skip,-0.0014520350393234058
20250429,trd_imb,ret_next,-0.06876240195889508
20250429,trd_imb,ret_skip,-0.01825891826283135
20250429,eat_age_imb,ret_next,-0.06302569549681519
20250429,eat_age_imb,ret_skip,-0.030878341816447656
20250429,eat_age_med,ret_next,0.009061369700244203
20250429,eat_age_med,ret_skip,0.01116279455633558
20250429,old_eat_imb,ret_next,-0.08403743716157497
20250429,old_eat_imb,ret_skip,-0.026914711285420206
20250429,cxl_life_med,ret_next,0.008306654183322415
20250429,cxl_life_med,ret_skip,0.006930836419868997
20250429,flash_cxl_ratio,ret_next,-0.011736655071252712
20250429,flash_cxl_ratio,ret_skip,-0.0088060776321327
20250429,flash_cxl_imb,ret_next,0.0038936267843419354
20250429,flash_cxl_imb,ret_skip,-0.007592162548357891
20250429,mean_size,ret_next,0.004443547479766362
20250429,mean_size,ret_skip,-0.00014957703083648898
20250429,n_ord,ret_next,-0.014477813765732738
20250429,n_ord,ret_skip,-0.016589952564644017
20250429,ord_imb_cnt,ret_next,0.00932848289903844
20250429,ord_imb_cnt,ret_skip,-0.0023637318685405615
20250429,ord_imb_vol,ret_next,0.016167797642251316
20250429,ord_imb_vol,ret_skip,-0.009770323906260895
20250429,cxl_ratio,ret_next,-0.013936893546964417
20250429,cxl_ratio,ret_skip,-0.001573907193374397
20250429,large_share,ret_next,0.006960738166196602
20250429,large_share,ret_skip,-0.0011251659260438967
20250513,trd_imb,ret_next,-0.07229681094652088
20250513,trd_imb,ret_skip,-0.014371994054560381
20250513,eat_age_imb,ret_next,-0.06516344755027517
20250513,eat_age_imb,ret_skip,-0.02537875887479753
20250513,eat_age_med,ret_next,0.0212903640538614
20250513,eat_age_med,ret_skip,0.01859513410830255
20250513,old_eat_imb,ret_next,-0.08817666646934683
20250513,old_eat_imb,ret_skip,-0.02203000688962854
20250513,cxl_life_med,ret_next,0.009517231704334904
20250513,cxl_life_med,ret_skip,0.010219155316663363
20250513,flash_cxl_ratio,ret_next,-0.009145773191722108
20250513,flash_cxl_ratio,ret_skip,-0.01048005782243157
20250513,flash_cxl_imb,ret_next,0.012553165259475718
20250513,flash_cxl_imb,ret_skip,5.7638080704364564e-05
20250513,mean_size,ret_next,0.015353619800047772
20250513,mean_size,ret_skip,0.00807888315831192
20250513,n_ord,ret_next,-0.011648636135317464
20250513,n_ord,ret_skip,-0.013542856122306839
20250513,ord_imb_cnt,ret_next,0.010223660503708336
20250513,ord_imb_cnt,ret_skip,0.00743095133787997
20250513,ord_imb_vol,ret_next,0.012193964404320863
20250513,ord_imb_vol,ret_skip,-0.004681316322121888
20250513,cxl_ratio,ret_next,-0.006805478922662503
20250513,cxl_ratio,ret_skip,-0.002523629305159987
20250513,large_share,ret_next,0.0128640971379901
20250513,large_share,ret_skip,-0.00023520805480682557
20250522,trd_imb,ret_next,-0.06293045913898913
20250522,trd_imb,ret_skip,-0.014665154494038823
20250522,eat_age_imb,ret_next,-0.07009200667753335
20250522,eat_age_imb,ret_skip,-0.029919778326104443
20250522,eat_age_med,ret_next,0.022582819661737513
20250522,eat_age_med,ret_skip,0.01996321692289305
20250522,old_eat_imb,ret_next,-0.08141471700083107
20250522,old_eat_imb,ret_skip,-0.02287585201770254
20250522,cxl_life_med,ret_next,0.006965769671538345
20250522,cxl_life_med,ret_skip,0.00871747230369109
20250522,flash_cxl_ratio,ret_next,-0.004107876015915974
20250522,flash_cxl_ratio,ret_skip,-0.005838685387267894
20250522,flash_cxl_imb,ret_next,0.014646582867133957
20250522,flash_cxl_imb,ret_skip,0.0033731981434630136
20250522,mean_size,ret_next,0.01762417574318821
20250522,mean_size,ret_skip,0.0078326292585656
20250522,n_ord,ret_next,-0.006701806268366352
20250522,n_ord,ret_skip,-0.007719526096312296
20250522,ord_imb_cnt,ret_next,0.020050088727203673
20250522,ord_imb_cnt,ret_skip,0.010794191848375038
20250522,ord_imb_vol,ret_next,0.01716786580914825
20250522,ord_imb_vol,ret_skip,-0.004857174481392487
20250522,cxl_ratio,ret_next,-0.001582467215851275
20250522,cxl_ratio,ret_skip,-0.0013145177628073861
20250522,large_share,ret_next,0.0191133770123244
20250522,large_share,ret_skip,0.0018353888807231215
20250603,trd_imb,ret_next,-0.06436474674985401
20250603,trd_imb,ret_skip,-0.011390164627074323
20250603,eat_age_imb,ret_next,-0.054301248048126756
20250603,eat_age_imb,ret_skip,-0.023152715374822185
20250603,eat_age_med,ret_next,0.012287376180486847
20250603,eat_age_med,ret_skip,0.012468145437553339
20250603,old_eat_imb,ret_next,-0.07738406986906383
20250603,old_eat_imb,ret_skip,-0.017415957908337415
20250603,cxl_life_med,ret_next,0.002844232962609948
20250603,cxl_life_med,ret_skip,0.007080364497778311
20250603,flash_cxl_ratio,ret_next,-0.0059844239189092594
20250603,flash_cxl_ratio,ret_skip,-0.009348929362126791
20250603,flash_cxl_imb,ret_next,0.008565492834486722
20250603,flash_cxl_imb,ret_skip,-0.005973738247403512
20250603,mean_size,ret_next,0.007163486682199102
20250603,mean_size,ret_skip,0.0008020417117371878
20250603,n_ord,ret_next,-0.009901548685921554
20250603,n_ord,ret_skip,-0.013469905793357577
20250603,ord_imb_cnt,ret_next,0.01432345979039888
20250603,ord_imb_cnt,ret_skip,0.004633671869342074
20250603,ord_imb_vol,ret_next,0.02104270073306797
20250603,ord_imb_vol,ret_skip,-0.0031373008619361774
20250603,cxl_ratio,ret_next,-0.007059410668901817
20250603,cxl_ratio,ret_skip,-0.004831985240512652
20250603,large_share,ret_next,0.00938202415702456
20250603,large_share,ret_skip,-0.0020648667839207606
20250612,trd_imb,ret_next,-0.05938290377395972
20250612,trd_imb,ret_skip,-0.019175810544079706
20250612,eat_age_imb,ret_next,-0.059101115967805956
20250612,eat_age_imb,ret_skip,-0.0320942131490314
20250612,eat_age_med,ret_next,0.013052841576242034
20250612,eat_age_med,ret_skip,0.012731685385338233
20250612,old_eat_imb,ret_next,-0.07283221991359534
20250612,old_eat_imb,ret_skip,-0.024781419755474054
20250612,cxl_life_med,ret_next,0.0013021045163636822
20250612,cxl_life_med,ret_skip,0.005232555174590109
20250612,flash_cxl_ratio,ret_next,-0.00869652735286774
20250612,flash_cxl_ratio,ret_skip,-0.011727343440510761
20250612,flash_cxl_imb,ret_next,0.01679905595599287
20250612,flash_cxl_imb,ret_skip,-0.00458036191090918
20250612,mean_size,ret_next,0.006366975062560186
20250612,mean_size,ret_skip,0.00011966558942457194
20250612,n_ord,ret_next,-0.010337207092144515
20250612,n_ord,ret_skip,-0.01487226742442705
20250612,ord_imb_cnt,ret_next,0.026206631140994967
20250612,ord_imb_cnt,ret_skip,0.00673130228743141
20250612,ord_imb_vol,ret_next,0.026181596936644107
20250612,ord_imb_vol,ret_skip,-0.007200143435308144
20250612,cxl_ratio,ret_next,-0.011493132472488237
20250612,cxl_ratio,ret_skip,-0.0025246542625502054
20250612,large_share,ret_next,0.011512485332977882
20250612,large_share,ret_skip,-0.000825276384990133
20250623,trd_imb,ret_next,-0.06749429423275208
20250623,trd_imb,ret_skip,-0.015006823558460376
20250623,eat_age_imb,ret_next,-0.06097058235769265
20250623,eat_age_imb,ret_skip,-0.027136893951204565
20250623,eat_age_med,ret_next,0.00668166445681902
20250623,eat_age_med,ret_skip,0.011938120913230347
20250623,old_eat_imb,ret_next,-0.08094933680172171
20250623,old_eat_imb,ret_skip,-0.021691657997608173
20250623,cxl_life_med,ret_next,0.004652606566083018
20250623,cxl_life_med,ret_skip,0.009018644605567259
20250623,flash_cxl_ratio,ret_next,-0.006652301918222898
20250623,flash_cxl_ratio,ret_skip,-0.01151316624611856
20250623,flash_cxl_imb,ret_next,0.004355562120616487
20250623,flash_cxl_imb,ret_skip,-0.00513496502869548
20250623,mean_size,ret_next,0.004078525879277708
20250623,mean_size,ret_skip,0.0008485777467442377
20250623,n_ord,ret_next,-0.01189916205170534
20250623,n_ord,ret_skip,-0.01717046898633967
20250623,ord_imb_cnt,ret_next,0.01107334813241566
20250623,ord_imb_cnt,ret_skip,0.00452035441616903
20250623,ord_imb_vol,ret_next,0.014227995451657562
20250623,ord_imb_vol,ret_skip,-0.005740873668833184
20250623,cxl_ratio,ret_next,-0.014002851714699609
20250623,cxl_ratio,ret_skip,-0.004916807896560641
20250623,large_share,ret_next,0.005239169117815966
20250623,large_share,ret_skip,-0.003426908133810652
20250702,trd_imb,ret_next,-0.05599733747046154
20250702,trd_imb,ret_skip,-0.01422976077317119
20250702,eat_age_imb,ret_next,-0.0579923424474763
20250702,eat_age_imb,ret_skip,-0.028225005587400955
20250702,eat_age_med,ret_next,0.027442583395273685
20250702,eat_age_med,ret_skip,0.02622920755066239
20250702,old_eat_imb,ret_next,-0.07226203990000424
20250702,old_eat_imb,ret_skip,-0.021930045201939002
20250702,cxl_life_med,ret_next,0.011270063944015479
20250702,cxl_life_med,ret_skip,0.013853373289080801
20250702,flash_cxl_ratio,ret_next,-0.010608028519179396
20250702,flash_cxl_ratio,ret_skip,-0.014753971473537967
20250702,flash_cxl_imb,ret_next,0.022914276327476037
20250702,flash_cxl_imb,ret_skip,-0.0001572436732776607
20250702,mean_size,ret_next,0.019396011132004336
20250702,mean_size,ret_skip,0.01229346897384203
20250702,n_ord,ret_next,-0.02051557897687275
20250702,n_ord,ret_skip,-0.023397347994979587
20250702,ord_imb_cnt,ret_next,0.023012240465361926
20250702,ord_imb_cnt,ret_skip,0.008267764447704535
20250702,ord_imb_vol,ret_next,0.023437214504111945
20250702,ord_imb_vol,ret_skip,-0.005504212296511721
20250702,cxl_ratio,ret_next,-0.009566206819803011
20250702,cxl_ratio,ret_skip,-0.0038616908416278834
20250702,large_share,ret_next,0.016454045484514793
20250702,large_share,ret_skip,0.0033274252819817203
20250711,trd_imb,ret_next,-0.050055687754976416
20250711,trd_imb,ret_skip,-0.01356782150191656
20250711,eat_age_imb,ret_next,-0.05786857786441145
20250711,eat_age_imb,ret_skip,-0.024672224567277183
20250711,eat_age_med,ret_next,0.012176863840610222
20250711,eat_age_med,ret_skip,0.014028955715399662
20250711,old_eat_imb,ret_next,-0.06741331897705456
20250711,old_eat_imb,ret_skip,-0.02019596755326647
20250711,cxl_life_med,ret_next,0.0012025382420713774
20250711,cxl_life_med,ret_skip,0.005859893257455998
20250711,flash_cxl_ratio,ret_next,-0.005921939310015825
20250711,flash_cxl_ratio,ret_skip,-0.008810216205639996
20250711,flash_cxl_imb,ret_next,0.018616147482107548
20250711,flash_cxl_imb,ret_skip,0.001016834062426873
20250711,mean_size,ret_next,0.006546864147717521
20250711,mean_size,ret_skip,0.0004504751377917543
20250711,n_ord,ret_next,-0.01016261127257207
20250711,n_ord,ret_skip,-0.013778302532670119
20250711,ord_imb_cnt,ret_next,0.026207469315026228
20250711,ord_imb_cnt,ret_skip,0.010164881097479718
20250711,ord_imb_vol,ret_next,0.020893928855608063
20250711,ord_imb_vol,ret_skip,-0.00475450991989326
20250711,cxl_ratio,ret_next,-0.008985272864399449
20250711,cxl_ratio,ret_skip,-0.002073839735060038
20250711,large_share,ret_next,0.01231626098985314
20250711,large_share,ret_skip,-0.00037978481268553815
20250722,trd_imb,ret_next,-0.03635401294941323
20250722,trd_imb,ret_skip,-0.01053264193930488
20250722,eat_age_imb,ret_next,-0.03980899028464183
20250722,eat_age_imb,ret_skip,-0.02701276369345483
20250722,eat_age_med,ret_next,0.012871630457495696
20250722,eat_age_med,ret_skip,0.01950409769401803
20250722,old_eat_imb,ret_next,-0.05071691190305673
20250722,old_eat_imb,ret_skip,-0.017700889512308055
20250722,cxl_life_med,ret_next,0.005861144747022784
20250722,cxl_life_med,ret_skip,0.0065759445329474945
20250722,flash_cxl_ratio,ret_next,-0.006854373116333289
20250722,flash_cxl_ratio,ret_skip,-0.00851368767022955
20250722,flash_cxl_imb,ret_next,0.02591446267960726
20250722,flash_cxl_imb,ret_skip,0.0035585615461725018
20250722,mean_size,ret_next,0.014974954710364186
20250722,mean_size,ret_skip,0.007255782688293406
20250722,n_ord,ret_next,-0.008430483940212124
20250722,n_ord,ret_skip,-0.010887867668448353
20250722,ord_imb_cnt,ret_next,0.037219191269587365
20250722,ord_imb_cnt,ret_skip,0.016053343674986446
20250722,ord_imb_vol,ret_next,0.03669218733906249
20250722,ord_imb_vol,ret_skip,-0.00044382556859229864
20250722,cxl_ratio,ret_next,-0.011281476795132153
20250722,cxl_ratio,ret_skip,-0.006024829465688866
20250722,large_share,ret_next,0.015733838545939408
20250722,large_share,ret_skip,0.0026366046830588997
20250731,trd_imb,ret_next,-0.044593602796250006
20250731,trd_imb,ret_skip,-0.018985789828604566
20250731,eat_age_imb,ret_next,-0.06207084480834811
20250731,eat_age_imb,ret_skip,-0.03720232614064011
20250731,eat_age_med,ret_next,0.012791787899668079
20250731,eat_age_med,ret_skip,0.016942536937648717
20250731,old_eat_imb,ret_next,-0.06704771425639208
20250731,old_eat_imb,ret_skip,-0.02838335649977585
20250731,cxl_life_med,ret_next,0.0061726087384011575
20250731,cxl_life_med,ret_skip,0.006411468732275435
20250731,flash_cxl_ratio,ret_next,-0.0035298603327129537
20250731,flash_cxl_ratio,ret_skip,-0.005761606065319151
20250731,flash_cxl_imb,ret_next,0.023067510923675084
20250731,flash_cxl_imb,ret_skip,-0.0040299696387599854
20250731,mean_size,ret_next,0.01684983332449858
20250731,mean_size,ret_skip,0.010451289278251823
20250731,n_ord,ret_next,-0.00494209253376078
20250731,n_ord,ret_skip,-0.010922587063924955
20250731,ord_imb_cnt,ret_next,0.029046751536010156
20250731,ord_imb_cnt,ret_skip,0.006048522228838216
20250731,ord_imb_vol,ret_next,0.021975992800098543
20250731,ord_imb_vol,ret_skip,-0.008146992997552522
20250731,cxl_ratio,ret_next,-0.011057462582248092
20250731,cxl_ratio,ret_skip,-0.0016377652832753407
20250731,large_share,ret_next,0.015238214056215652
20250731,large_share,ret_skip,0.002787551107561842
