day,feature,label,ic
20260105,trd_imb,ret_next,-0.03138678651654998
20260105,trd_imb,ret_skip,-0.012581372128114882
20260105,eat_age_imb,ret_next,-0.04649361032478078
20260105,eat_age_imb,ret_skip,-0.02825004872932406
20260105,eat_age_med,ret_next,0.008807386410899853
20260105,eat_age_med,ret_skip,0.00955258407975416
20260105,old_eat_imb,ret_next,-0.05006718554510659
20260105,old_eat_imb,ret_skip,-0.021296092699524004
20260105,cxl_life_med,ret_next,0.000679080390686481
20260105,cxl_life_med,ret_skip,0.006668952086978382
20260105,flash_cxl_ratio,ret_next,-0.004032099883930252
20260105,flash_cxl_ratio,ret_skip,-0.006198820553608543
20260105,flash_cxl_imb,ret_next,0.014493681317792363
20260105,flash_cxl_imb,ret_skip,-0.006594918271455922
20260105,mean_size,ret_next,0.0032212693955794357
20260105,mean_size,ret_skip,-0.004746675286946135
20260106,trd_imb,ret_next,-0.03139834334188328
20260106,trd_imb,ret_skip,-0.014284042823591999
20260106,eat_age_imb,ret_next,-0.044089841729469545
20260106,eat_age_imb,ret_skip,-0.029290520103070018
20260106,eat_age_med,ret_next,0.016055349635781823
20260106,eat_age_med,ret_skip,0.01642735222098491
20260106,old_eat_imb,ret_next,-0.04767418945702611
20260106,old_eat_imb,ret_skip,-0.021809870622174668
20260106,cxl_life_med,ret_next,0.009292564291385091
20260106,cxl_life_med,ret_skip,0.012214738029104224
20260106,flash_cxl_ratio,ret_next,-0.007202551912988269
20260106,flash_cxl_ratio,ret_skip,-0.009026481029723704
20260106,flash_cxl_imb,ret_next,0.022595851713605623
20260106,flash_cxl_imb,ret_skip,-0.0035906901270045077
20260106,mean_size,ret_next,0.01688317919647004
20260106,mean_size,ret_skip,0.01077272489298676
20260107,trd_imb,ret_next,-0.036758356112803474
20260107,trd_imb,ret_skip,-0.01791940538494333
20260107,eat_age_imb,ret_next,-0.0480990942769461
20260107,eat_age_imb,ret_skip,-0.03199183809188656
20260107,eat_age_med,ret_next,0.013221315343287604
20260107,eat_age_med,ret_skip,0.011779626327568675
20260107,old_eat_imb,ret_next,-0.05457305671167659
20260107,old_eat_imb,ret_skip,-0.026072002027322818
20260107,cxl_life_med,ret_next,0.005779746356993485
20260107,cxl_life_med,ret_skip,0.0062161565739798745
20260107,flash_cxl_ratio,ret_next,-0.0090916950159364
20260107,flash_cxl_ratio,ret_skip,-0.010431893228925128
20260107,flash_cxl_imb,ret_next,0.022636219292368802
20260107,flash_cxl_imb,ret_skip,-0.005259219704730296
20260107,mean_size,ret_next,0.0054048431584975375
20260107,mean_size,ret_skip,-0.0010498435953812974
20260108,trd_imb,ret_next,-0.0300224171832528
20260108,trd_imb,ret_skip,-0.014405646111544965
20260108,eat_age_imb,ret_next,-0.03980520189017083
20260108,eat_age_imb,ret_skip,-0.027340231013669267
20260108,eat_age_med,ret_next,0.01949272090125382
20260108,eat_age_med,ret_skip,0.020954051375604056
20260108,old_eat_imb,ret_next,-0.045910264423298625
20260108,old_eat_imb,ret_skip,-0.01911259081732758
20260108,cxl_life_med,ret_next,0.012447031622783582
20260108,cxl_life_med,ret_skip,0.013654299572334841
20260108,flash_cxl_ratio,ret_next,-0.011251786881318148
20260108,flash_cxl_ratio,ret_skip,-0.01554817326591867
20260108,flash_cxl_imb,ret_next,0.027414023001355873
20260108,flash_cxl_imb,ret_skip,0.0017099021030776975
20260108,mean_size,ret_next,0.011350206065161085
20260108,mean_size,ret_skip,0.004363636633382927
20260109,trd_imb,ret_next,-0.018337240626448124
20260109,trd_imb,ret_skip,-0.011202659659332903
20260109,eat_age_imb,ret_next,-0.03267148520090004
20260109,eat_age_imb,ret_skip,-0.0274604660290829
20260109,eat_age_med,ret_next,0.01260457041995366
20260109,eat_age_med,ret_skip,0.011127000158833486
20260109,old_eat_imb,ret_next,-0.03467693286603964
20260109,old_eat_imb,ret_skip,-0.016702524513847416
20260109,cxl_life_med,ret_next,0.0023354223691466236
20260109,cxl_life_med,ret_skip,0.006567834797168692
20260109,flash_cxl_ratio,ret_next,-0.0064841714533031315
20260109,flash_cxl_ratio,ret_skip,-0.010748233624383947
20260109,flash_cxl_imb,ret_next,0.027704421508179554
20260109,flash_cxl_imb,ret_skip,0.0015402918317755122
20260109,mean_size,ret_next,0.00661625666494287
20260109,mean_size,ret_skip,-0.001165773143848202
20260112,trd_imb,ret_next,0.002471244741507839
20260112,trd_imb,ret_skip,-0.007527680815116132
20260112,eat_age_imb,ret_next,-0.018707505101056298
20260112,eat_age_imb,ret_skip,-0.0324139577414049
20260112,eat_age_med,ret_next,0.004808768578599372
20260112,eat_age_med,ret_skip,0.006500191917982682
20260112,old_eat_imb,ret_next,-0.014272702929448527
20260112,old_eat_imb,ret_skip,-0.01624878028601464
20260112,cxl_life_med,ret_next,-0.002032536022441292
20260112,cxl_life_med,ret_skip,0.004819354132622986
20260112,flash_cxl_ratio,ret_next,0.0021982582245781003
20260112,flash_cxl_ratio,ret_skip,-0.007266079979283267
20260112,flash_cxl_imb,ret_next,0.03638998214839716
20260112,flash_cxl_imb,ret_skip,-0.00022693890163780886
20260112,mean_size,ret_next,0.005014273483272627
20260112,mean_size,ret_skip,0.001108332356076959
20260113,trd_imb,ret_next,-0.005620021712865633
20260113,trd_imb,ret_skip,-0.010411668982872657
20260113,eat_age_imb,ret_next,-0.027020566930694583
20260113,eat_age_imb,ret_skip,-0.025643495486007032
20260113,eat_age_med,ret_next,0.028334945145719156
20260113,eat_age_med,ret_skip,0.031003506334683083
20260113,old_eat_imb,ret_next,-0.025356217503867875
20260113,old_eat_imb,ret_skip,-0.019501040250873188
20260113,cxl_life_med,ret_next,0.010721897771222875
20260113,cxl_life_med,ret_skip,0.012094284658107333
20260113,flash_cxl_ratio,ret_next,-0.01342716364617313
20260113,flash_cxl_ratio,ret_skip,-0.014801950634293954
20260113,flash_cxl_imb,ret_next,0.038903033029680636
20260113,flash_cxl_imb,ret_skip,0.003268355220458243
20260113,mean_size,ret_next,0.016086223530562452
20260113,mean_size,ret_skip,0.008500613322785944
20260114,trd_imb,ret_next,-0.007905818951732117
20260114,trd_imb,ret_skip,-0.013252802536376649
20260114,eat_age_imb,ret_next,-0.0471078887449368
20260114,eat_age_imb,ret_skip,-0.034619828417015414
20260114,eat_age_med,ret_next,0.007410304886762961
20260114,eat_age_med,ret_skip,0.007941629488535466
20260114,old_eat_imb,ret_next,-0.03304165509106961
20260114,old_eat_imb,ret_skip,-0.01848162811045479
20260114,cxl_life_med,ret_next,-0.0016450847508240802
20260114,cxl_life_med,ret_skip,0.00045488763194458624
20260114,flash_cxl_ratio,ret_next,-0.0028224811933292688
20260114,flash_cxl_ratio,ret_skip,-0.0073359747161229815
20260114,flash_cxl_imb,ret_next,0.02504972920605959
20260114,flash_cxl_imb,ret_skip,-0.008144853291007486
20260114,mean_size,ret_next,0.004325739147118322
20260114,mean_size,ret_skip,-0.002517778060605611
20260115,trd_imb,ret_next,-0.03340316735755837
20260115,trd_imb,ret_skip,-0.008874437244344195
20260115,eat_age_imb,ret_next,-0.059396434959236695
20260115,eat_age_imb,ret_skip,-0.018306705913093746
20260115,eat_age_med,ret_next,0.020205845695154708
20260115,eat_age_med,ret_skip,0.01784514394640519
20260115,old_eat_imb,ret_next,-0.0529090337369739
20260115,old_eat_imb,ret_skip,-0.01164459623478797
20260115,cxl_life_med,ret_next,0.007601732106586576
20260115,cxl_life_med,ret_skip,0.004370820224258277
20260115,flash_cxl_ratio,ret_next,-0.012100593583363328
20260115,flash_cxl_ratio,ret_skip,-0.007713010266307297
20260115,flash_cxl_imb,ret_next,0.0191580726878958
20260115,flash_cxl_imb,ret_skip,-0.0005978250532236292
20260115,mean_size,ret_next,0.007357969727380346
20260115,mean_size,ret_skip,-0.0015422390320559403
20260116,trd_imb,ret_next,-0.022406960274010988
20260116,trd_imb,ret_skip,-0.011656546692136071
20260116,eat_age_imb,ret_next,-0.04910122415256395
20260116,eat_age_imb,ret_skip,-0.029147095726214597
20260116,eat_age_med,ret_next,0.017744009087362914
20260116,eat_age_med,ret_skip,0.018036595674381668
20260116,old_eat_imb,ret_next,-0.041858630466924875
20260116,old_eat_imb,ret_skip,-0.01983530411996044
20260116,cxl_life_med,ret_next,0.004154493183979163
20260116,cxl_life_med,ret_skip,0.006615508106744676
20260116,flash_cxl_ratio,ret_next,-0.010982231684350556
20260116,flash_cxl_ratio,ret_skip,-0.012388247082059501
20260116,flash_cxl_imb,ret_next,0.02025360255403488
20260116,flash_cxl_imb,ret_skip,-0.006463334661752112
20260116,mean_size,ret_next,0.002459204376588919
20260116,mean_size,ret_skip,-0.0036414096084394906
20260119,trd_imb,ret_next,-0.03412601552269729
20260119,trd_imb,ret_skip,-0.018061548733998244
20260119,eat_age_imb,ret_next,-0.05217003534505755
20260119,eat_age_imb,ret_skip,-0.029114405970091586
20260119,eat_age_med,ret_next,0.02243628887007843
20260119,eat_age_med,ret_skip,0.022260647616306188
20260119,old_eat_imb,ret_next,-0.05008801080186121
20260119,old_eat_imb,ret_skip,-0.023409200859659245
20260119,cxl_life_med,ret_next,0.010520418722332513
20260119,cxl_life_med,ret_skip,0.011317115608861
20260119,flash_cxl_ratio,ret_next,-0.008469820875677237
20260119,flash_cxl_ratio,ret_skip,-0.011725931236974355
20260119,flash_cxl_imb,ret_next,0.023567885683499358
20260119,flash_cxl_imb,ret_skip,-0.003956812686258275
20260119,mean_size,ret_next,0.014077730396848929
20260119,mean_size,ret_skip,0.008154213790695322
20260120,trd_imb,ret_next,-0.022860925677838023
20260120,trd_imb,ret_skip,-0.010920701552565991
20260120,eat_age_imb,ret_next,-0.05595989128625954
20260120,eat_age_imb,ret_skip,-0.025191572668330563
20260120,eat_age_med,ret_next,0.029145302091315568
20260120,eat_age_med,ret_skip,0.026291145960737637
20260120,old_eat_imb,ret_next,-0.04291634827776088
20260120,old_eat_imb,ret_skip,-0.017887439945280255
20260120,cxl_life_med,ret_next,0.013016020774464792
20260120,cxl_life_med,ret_skip,0.012770477830855234
20260120,flash_cxl_ratio,ret_next,-0.014353113091268119
20260120,flash_cxl_ratio,ret_skip,-0.012964099244270971
20260120,flash_cxl_imb,ret_next,0.028497922815942187
20260120,flash_cxl_imb,ret_skip,0.003185864893888711
20260120,mean_size,ret_next,0.01897837745263906
20260120,mean_size,ret_skip,0.01196658981192179
20260121,trd_imb,ret_next,-0.03847372580933747
20260121,trd_imb,ret_skip,-0.020743231228530237
20260121,eat_age_imb,ret_next,-0.06148917894347658
20260121,eat_age_imb,ret_skip,-0.03328215684626036
20260121,eat_age_med,ret_next,0.012562365230666367
20260121,eat_age_med,ret_skip,0.01246528051912203
20260121,old_eat_imb,ret_next,-0.05897820223277533
20260121,old_eat_imb,ret_skip,-0.02566685386057976
20260121,cxl_life_med,ret_next,0.005635477954472015
20260121,cxl_life_med,ret_skip,0.004584445085815984
20260121,flash_cxl_ratio,ret_next,-0.009915978557182915
20260121,flash_cxl_ratio,ret_skip,-0.011303148636550638
20260121,flash_cxl_imb,ret_next,0.020784615907865886
20260121,flash_cxl_imb,ret_skip,-0.010195901867066154
20260121,mean_size,ret_next,0.0023597240079166843
20260121,mean_size,ret_skip,-0.0022046477756502763
20260122,trd_imb,ret_next,-0.03606735729494254
20260122,trd_imb,ret_skip,-0.01863900653685333
20260122,eat_age_imb,ret_next,-0.056914294826590696
20260122,eat_age_imb,ret_skip,-0.02947718978957013
20260122,eat_age_med,ret_next,0.021801024671383305
20260122,eat_age_med,ret_skip,0.023245837582715777
20260122,old_eat_imb,ret_next,-0.055542291476620875
20260122,old_eat_imb,ret_skip,-0.024475327327711478
20260122,cxl_life_med,ret_next,0.01338554882909325
20260122,cxl_life_med,ret_skip,0.014863404802602828
20260122,flash_cxl_ratio,ret_next,-0.01328603792885352
20260122,flash_cxl_ratio,ret_skip,-0.015925201181351517
20260122,flash_cxl_imb,ret_next,0.01758236358395589
20260122,flash_cxl_imb,ret_skip,-0.005979728148220596
20260122,mean_size,ret_next,0.014372715345018001
20260122,mean_size,ret_skip,0.008597151240329129
20260123,trd_imb,ret_next,-0.02566419526166619
20260123,trd_imb,ret_skip,-0.01474959495266131
20260123,eat_age_imb,ret_next,-0.049440794416452744
20260123,eat_age_imb,ret_skip,-0.026370285357665505
20260123,eat_age_med,ret_next,0.009725179255833254
20260123,eat_age_med,ret_skip,0.011968334135362258
20260123,old_eat_imb,ret_next,-0.044900256323376596
20260123,old_eat_imb,ret_skip,-0.020576102258790852
20260123,cxl_life_med,ret_next,0.006415946284186308
20260123,cxl_life_med,ret_skip,0.01014324231423224
20260123,flash_cxl_ratio,ret_next,-0.006683116468091564
20260123,flash_cxl_ratio,ret_skip,-0.010676273221686378
20260123,flash_cxl_imb,ret_next,0.019249864699941402
20260123,flash_cxl_imb,ret_skip,-0.004685814303052242
20260123,mean_size,ret_next,0.006761921691615765
20260123,mean_size,ret_skip,0.0038411995313247234
20260126,trd_imb,ret_next,-0.01706193411265815
20260126,trd_imb,ret_skip,-0.012743052088783388
20260126,eat_age_imb,ret_next,-0.052712547260384914
20260126,eat_age_imb,ret_skip,-0.024465871342562565
20260126,eat_age_med,ret_next,0.019851364294021484
20260126,eat_age_med,ret_skip,0.022118914237333507
20260126,old_eat_imb,ret_next,-0.040221083457715905
20260126,old_eat_imb,ret_skip,-0.018595052397213537
20260126,cxl_life_med,ret_next,0.008557104711169468
20260126,cxl_life_med,ret_skip,0.007463812238443781
20260126,flash_cxl_ratio,ret_next,-0.01180161865900486
20260126,flash_cxl_ratio,ret_skip,-0.009632851764637696
20260126,flash_cxl_imb,ret_next,0.022248842255452636
20260126,flash_cxl_imb,ret_skip,-0.00011475450229345033
20260126,mean_size,ret_next,0.01436829201830404
20260126,mean_size,ret_skip,0.00752361751188987
20260127,trd_imb,ret_next,-0.02149726178578692
20260127,trd_imb,ret_skip,-0.013278163470311844
20260127,eat_age_imb,ret_next,-0.05552832839434222
20260127,eat_age_imb,ret_skip,-0.026416307245593188
20260127,eat_age_med,ret_next,0.005472261398116173
20260127,eat_age_med,ret_skip,0.007406905389916869
20260127,old_eat_imb,ret_next,-0.04489614517948338
20260127,old_eat_imb,ret_skip,-0.019704662489214615
20260127,cxl_life_med,ret_next,-0.00040778450338016135
20260127,cxl_life_med,ret_skip,0.002227254556226108
20260127,flash_cxl_ratio,ret_next,-0.0028653660520730267
20260127,flash_cxl_ratio,ret_skip,-0.007908165331514967
20260127,flash_cxl_imb,ret_next,0.029781031850820625
20260127,flash_cxl_imb,ret_skip,-0.000495854624488722
20260127,mean_size,ret_next,-0.002727883444660749
20260127,mean_size,ret_skip,-0.007795849015737342
20260128,trd_imb,ret_next,-0.025806885462340518
20260128,trd_imb,ret_skip,-0.024791079790062186
20260128,eat_age_imb,ret_next,-0.05309179891806273
20260128,eat_age_imb,ret_skip,-0.03625162688486824
20260128,eat_age_med,ret_next,0.014614516675447942
20260128,eat_age_med,ret_skip,0.015280509425047753
20260128,old_eat_imb,ret_next,-0.04561923022962002
20260128,old_eat_imb,ret_skip,-0.032126868740970885
20260128,cxl_life_med,ret_next,0.005490468586997481
20260128,cxl_life_med,ret_skip,0.010787217139230853
20260128,flash_cxl_ratio,ret_next,-0.003744702958437333
20260128,flash_cxl_ratio,ret_skip,-0.007723056272730747
20260128,flash_cxl_imb,ret_next,0.02893467333469221
20260128,flash_cxl_imb,ret_skip,-0.007920178186529089
20260128,mean_size,ret_next,0.015406037840278374
20260128,mean_size,ret_skip,0.009831977512517345
20260129,trd_imb,ret_next,-0.010575938183647793
20260129,trd_imb,ret_skip,-0.006543517811351803
20260129,eat_age_imb,ret_next,-0.04060644640684906
20260129,eat_age_imb,ret_skip,-0.01983532448867329
20260129,eat_age_med,ret_next,0.019275752249735333
20260129,eat_age_med,ret_skip,0.021260402133868143
20260129,old_eat_imb,ret_next,-0.031221743443958068
20260129,old_eat_imb,ret_skip,-0.010410616246435044
20260129,cxl_life_med,ret_next,0.011568279298908805
20260129,cxl_life_med,ret_skip,0.011281603658314506
20260129,flash_cxl_ratio,ret_next,-0.005822844342369097
20260129,flash_cxl_ratio,ret_skip,-0.006152846121229339
20260129,flash_cxl_imb,ret_next,0.03483386715871487
20260129,flash_cxl_imb,ret_skip,0.0035863819719089444
20260129,mean_size,ret_next,0.0217966059317415
20260129,mean_size,ret_skip,0.016020678863851393
20260130,trd_imb,ret_next,-0.019507923926344716
20260130,trd_imb,ret_skip,-0.0034598354056768863
20260130,eat_age_imb,ret_next,-0.04931233859162042
20260130,eat_age_imb,ret_skip,-0.019827464133096367
20260130,eat_age_med,ret_next,0.013659424184506587
20260130,eat_age_med,ret_skip,0.0163669460459896
20260130,old_eat_imb,ret_next,-0.04069701447963457
20260130,old_eat_imb,ret_skip,-0.007255186350008172
20260130,cxl_life_med,ret_next,0.0024678375456139386
20260130,cxl_life_med,ret_skip,0.0017738111347600164
20260130,flash_cxl_ratio,ret_next,-0.007213336889606808
20260130,flash_cxl_ratio,ret_skip,-0.008204874586347749
20260130,flash_cxl_imb,ret_next,0.02534174499494123
20260130,flash_cxl_imb,ret_skip,0.00840370751965887
20260130,mean_size,ret_next,-0.0007099403302457323
20260130,mean_size,ret_skip,-0.005801844234217906
20260202,trd_imb,ret_next,-0.028146351240087394
20260202,trd_imb,ret_skip,-0.004602818371066693
20260202,eat_age_imb,ret_next,-0.059980029090426955
20260202,eat_age_imb,ret_skip,-0.016711323984895447
20260202,eat_age_med,ret_next,0.024526582178359176
20260202,eat_age_med,ret_skip,0.02675568122406423
20260202,old_eat_imb,ret_next,-0.05113321122787665
20260202,old_eat_imb,ret_skip,-0.008299322798006695
20260202,cxl_life_med,ret_next,0.017495793104741628
20260202,cxl_life_med,ret_skip,0.018077303259214795
20260202,flash_cxl_ratio,ret_next,-0.009739956939048134
20260202,flash_cxl_ratio,ret_skip,-0.008417614504322553
20260202,flash_cxl_imb,ret_next,0.014588496074155511
20260202,flash_cxl_imb,ret_skip,0.0016021555534170497
20260202,mean_size,ret_next,0.013381133347657463
20260202,mean_size,ret_skip,0.010594827087964855
20260203,trd_imb,ret_next,-0.04002273053659523
20260203,trd_imb,ret_skip,-0.011136908576570173
20260203,eat_age_imb,ret_next,-0.05591344319951214
20260203,eat_age_imb,ret_skip,-0.024606693292137213
20260203,eat_age_med,ret_next,-0.006397775576027904
20260203,eat_age_med,ret_skip,0.0008676676123941047
20260203,old_eat_imb,ret_next,-0.05958076492120597
20260203,old_eat_imb,ret_skip,-0.016324377495984276
20260203,cxl_life_med,ret_next,5.170501957932917e-05
20260203,cxl_life_med,ret_skip,3.2841513460533937e-06
20260203,flash_cxl_ratio,ret_next,-0.0018480134259557615
20260203,flash_cxl_ratio,ret_skip,-0.004809004292060134
20260203,flash_cxl_imb,ret_next,0.010590756616536594
20260203,flash_cxl_imb,ret_skip,-7.823151632260081e-05
20260203,mean_size,ret_next,-0.0007090639753852011
20260203,mean_size,ret_skip,-0.0037409915395541743
20260204,trd_imb,ret_next,-0.043860394447826676
20260204,trd_imb,ret_skip,-0.008699580462981363
20260204,eat_age_imb,ret_next,-0.05521977639026819
20260204,eat_age_imb,ret_skip,-0.018366948165344753
20260204,eat_age_med,ret_next,0.018740128933707967
20260204,eat_age_med,ret_skip,0.017933698652072425
20260204,old_eat_imb,ret_next,-0.059492785616414114
20260204,old_eat_imb,ret_skip,-0.011469470775181397
20260204,cxl_life_med,ret_next,0.009098540854351383
20260204,cxl_life_med,ret_skip,0.011804118275677395
20260204,flash_cxl_ratio,ret_next,-0.007538408861511151
20260204,flash_cxl_ratio,ret_skip,-0.008282623358187911
20260204,flash_cxl_imb,ret_next,0.014083004387562673
20260204,flash_cxl_imb,ret_skip,0.004529102602251931
20260204,mean_size,ret_next,0.013260813520977627
20260204,mean_size,ret_skip,0.009300414056486479
20260205,trd_imb,ret_next,-0.041482126076373686
20260205,trd_imb,ret_skip,-0.005978884991613025
20260205,eat_age_imb,ret_next,-0.05483634828505265
20260205,eat_age_imb,ret_skip,-0.017696279247906455
20260205,eat_age_med,ret_next,0.015588272278871381
20260205,eat_age_med,ret_skip,0.014587876572001994
20260205,old_eat_imb,ret_next,-0.05881613446572943
20260205,old_eat_imb,ret_skip,-0.009620377710214841
20260205,cxl_life_med,ret_next,0.00833766869733322
20260205,cxl_life_med,ret_skip,0.006577965625582584
20260205,flash_cxl_ratio,ret_next,-0.007097454246244785
20260205,flash_cxl_ratio,ret_skip,-0.0044965422608099544
20260205,flash_cxl_imb,ret_next,0.014930387782773521
20260205,flash_cxl_imb,ret_skip,0.002300058946962818
20260205,mean_size,ret_next,0.009138126124209028
20260205,mean_size,ret_skip,0.003606695426133594
20260206,trd_imb,ret_next,-0.048033717918539616
20260206,trd_imb,ret_skip,-0.010737145995365774
20260206,eat_age_imb,ret_next,-0.059470620218222546
20260206,eat_age_imb,ret_skip,-0.019688249082655682
20260206,eat_age_med,ret_next,0.010363779283377453
20260206,eat_age_med,ret_skip,0.013470786883047463
20260206,old_eat_imb,ret_next,-0.06654044654129804
20260206,old_eat_imb,ret_skip,-0.013979080786209673
20260206,cxl_life_med,ret_next,0.006692069457913918
20260206,cxl_life_med,ret_skip,0.010209299284782088
20260206,flash_cxl_ratio,ret_next,-0.007888573977570356
20260206,flash_cxl_ratio,ret_skip,-0.00830149390955585
20260206,flash_cxl_imb,ret_next,0.0120218690003733
20260206,flash_cxl_imb,ret_skip,0.007408007981513796
20260206,mean_size,ret_next,0.004431121653038569
20260206,mean_size,ret_skip,0.0015885795857505129
20260209,trd_imb,ret_next,-0.05268641880850785
20260209,trd_imb,ret_skip,-0.017568334991892434
20260209,eat_age_imb,ret_next,-0.05678855243287297
20260209,eat_age_imb,ret_skip,-0.029497699951781458
20260209,eat_age_med,ret_next,0.011259051231141291
20260209,eat_age_med,ret_skip,0.013144336524951531
20260209,old_eat_imb,ret_next,-0.06693434944585404
20260209,old_eat_imb,ret_skip,-0.023858916264409207
20260209,cxl_life_med,ret_next,0.0065259197089802806
20260209,cxl_life_med,ret_skip,0.006974564815444406
20260209,flash_cxl_ratio,ret_next,-0.009686460956089675
20260209,flash_cxl_ratio,ret_skip,-0.008703366221670237
20260209,flash_cxl_imb,ret_next,0.007574838583580538
20260209,flash_cxl_imb,ret_skip,-0.0067532329225591025
20260209,mean_size,ret_next,0.0025762872287609425
20260209,mean_size,ret_skip,-0.0014183661222291785
20260210,trd_imb,ret_next,-0.05447879490993592
20260210,trd_imb,ret_skip,-0.015203437589873315
20260210,eat_age_imb,ret_next,-0.054482182148441485
20260210,eat_age_imb,ret_skip,-0.027506395389976342
20260210,eat_age_med,ret_next,0.018099354800628464
20260210,eat_age_med,ret_skip,0.018903683567742736
20260210,old_eat_imb,ret_next,-0.06604258574727204
20260210,old_eat_imb,ret_skip,-0.020530289611064005
20260210,cxl_life_med,ret_next,0.011577016566747261
20260210,cxl_life_med,ret_skip,0.010303998618761502
20260210,flash_cxl_ratio,ret_next,-0.012693867675407861
20260210,flash_cxl_ratio,ret_skip,-0.01102127401775918
20260210,flash_cxl_imb,ret_next,0.009448323594418924
20260210,flash_cxl_imb,ret_skip,0.004104156941088446
20260210,mean_size,ret_next,0.008603097802702556
20260210,mean_size,ret_skip,0.006033512883443072
20260211,trd_imb,ret_next,-0.05625852332966063
20260211,trd_imb,ret_skip,-0.015763871140551874
20260211,eat_age_imb,ret_next,-0.05635395569675134
20260211,eat_age_imb,ret_skip,-0.031321297432052884
20260211,eat_age_med,ret_next,0.018536995152198765
20260211,eat_age_med,ret_skip,0.0225381670605656
20260211,old_eat_imb,ret_next,-0.06680852751843953
20260211,old_eat_imb,ret_skip,-0.022719704578418154
20260211,cxl_life_med,ret_next,0.012489759310233231
20260211,cxl_life_med,ret_skip,0.011818676596034344
20260211,flash_cxl_ratio,ret_next,-0.01184947707336723
20260211,flash_cxl_ratio,ret_skip,-0.013753778924256117
20260211,flash_cxl_imb,ret_next,0.010210628188204283
20260211,flash_cxl_imb,ret_skip,-0.000725589746434612
20260211,mean_size,ret_next,0.005709976086487339
20260211,mean_size,ret_skip,0.0031334220998092137
20260212,trd_imb,ret_next,-0.050698278872198195
20260212,trd_imb,ret_skip,-0.009735342867798358
20260212,eat_age_imb,ret_next,-0.05729365699685785
20260212,eat_age_imb,ret_skip,-0.024806420587591502
20260212,eat_age_med,ret_next,0.0053944428033480245
20260212,eat_age_med,ret_skip,0.006361031537960865
20260212,old_eat_imb,ret_next,-0.06429105088617658
20260212,old_eat_imb,ret_skip,-0.017125743747530474
20260212,cxl_life_med,ret_next,0.005877095235402164
20260212,cxl_life_med,ret_skip,0.004786851447442788
20260212,flash_cxl_ratio,ret_next,-0.00848631635082428
20260212,flash_cxl_ratio,ret_skip,-0.00866674254895159
20260212,flash_cxl_imb,ret_next,0.006921713478165435
20260212,flash_cxl_imb,ret_skip,0.00041433426969785024
20260212,mean_size,ret_next,0.001847370620749019
20260212,mean_size,ret_skip,-0.0008551992723242793
20260213,trd_imb,ret_next,-0.05671767724677594
20260213,trd_imb,ret_skip,-0.013729797260413183
20260213,eat_age_imb,ret_next,-0.06042657512472164
20260213,eat_age_imb,ret_skip,-0.023259534638286932
20260213,eat_age_med,ret_next,0.017028789228928098
20260213,eat_age_med,ret_skip,0.01642341264104532
20260213,old_eat_imb,ret_next,-0.07217048602303555
20260213,old_eat_imb,ret_skip,-0.020481212754730284
20260213,cxl_life_med,ret_next,0.009679058090570016
20260213,cxl_life_med,ret_skip,0.010509367944994146
20260213,flash_cxl_ratio,ret_next,-0.00975541107840738
20260213,flash_cxl_ratio,ret_skip,-0.012226206922466927
20260213,flash_cxl_imb,ret_next,0.010983305761836527
20260213,flash_cxl_imb,ret_skip,-0.0006854158918959699
20260213,mean_size,ret_next,0.005324820956868663
20260213,mean_size,ret_skip,0.001796657969098724
20260224,trd_imb,ret_next,-0.04926724448743367
20260224,trd_imb,ret_skip,-0.012331399196065875
20260224,eat_age_imb,ret_next,-0.04874215120407551
20260224,eat_age_imb,ret_skip,-0.02069220124668419
20260224,eat_age_med,ret_next,0.016659832507751562
20260224,eat_age_med,ret_skip,0.016242644651777417
20260224,old_eat_imb,ret_next,-0.06248267362406137
20260224,old_eat_imb,ret_skip,-0.016443371638145337
20260224,cxl_life_med,ret_next,0.011660555100479917
20260224,cxl_life_med,ret_skip,0.012103517611977534
20260224,flash_cxl_ratio,ret_next,-0.010295251644316845
20260224,flash_cxl_ratio,ret_skip,-0.01295773233340184
20260224,flash_cxl_imb,ret_next,0.009201483027754958
20260224,flash_cxl_imb,ret_skip,0.0009237300522014619
20260224,mean_size,ret_next,0.007601599080283861
20260224,mean_size,ret_skip,0.0038195016078835186
20260225,trd_imb,ret_next,-0.04527035172552933
20260225,trd_imb,ret_skip,-0.011609184126946311
20260225,eat_age_imb,ret_next,-0.044454327308564905
20260225,eat_age_imb,ret_skip,-0.023179168638002227
20260225,eat_age_med,ret_next,0.00850834579242405
20260225,eat_age_med,ret_skip,0.007122450694005663
20260225,old_eat_imb,ret_next,-0.056662882889358814
20260225,old_eat_imb,ret_skip,-0.01807413973895004
20260225,cxl_life_med,ret_next,0.008417081060398918
20260225,cxl_life_med,ret_skip,0.008009849750646742
20260225,flash_cxl_ratio,ret_next,-0.0048212760551483245
20260225,flash_cxl_ratio,ret_skip,-0.0029304262475643547
20260225,flash_cxl_imb,ret_next,0.013270768391376359
20260225,flash_cxl_imb,ret_skip,-0.002582129315246123
20260225,mean_size,ret_next,0.007756497623993036
20260225,mean_size,ret_skip,0.004934652861092012
20260226,trd_imb,ret_next,-0.04010748585202199
20260226,trd_imb,ret_skip,-0.01143603792843621
20260226,eat_age_imb,ret_next,-0.045083207557094704
20260226,eat_age_imb,ret_skip,-0.024799090859170366
20260226,eat_age_med,ret_next,0.008840186475417742
20260226,eat_age_med,ret_skip,0.007202154447942513
20260226,old_eat_imb,ret_next,-0.05338315769903777
20260226,old_eat_imb,ret_skip,-0.015964215363132583
20260226,cxl_life_med,ret_next,0.0021811960367805455
20260226,cxl_life_med,ret_skip,0.004780342104648778
20260226,flash_cxl_ratio,ret_next,-0.008021139431692177
20260226,flash_cxl_ratio,ret_skip,-0.00896426542601991
20260226,flash_cxl_imb,ret_next,0.01730437315797892
20260226,flash_cxl_imb,ret_skip,0.001703430566327741
20260226,mean_size,ret_next,0.0004270758881281324
20260226,mean_size,ret_skip,-0.0032585054209572158
20260227,trd_imb,ret_next,-0.04099172260059444
20260227,trd_imb,ret_skip,-0.009054899037340186
20260227,eat_age_imb,ret_next,-0.03954529243444925
20260227,eat_age_imb,ret_skip,-0.016801778291622084
20260227,eat_age_med,ret_next,0.00828615936951125
20260227,eat_age_med,ret_skip,0.01108650429115963
20260227,old_eat_imb,ret_next,-0.052410274078484594
20260227,old_eat_imb,ret_skip,-0.01289021887456608
20260227,cxl_life_med,ret_next,0.009182455741667137
20260227,cxl_life_med,ret_skip,0.008815124890821022
20260227,flash_cxl_ratio,ret_next,-0.01066256645379615
20260227,flash_cxl_ratio,ret_skip,-0.01028343052900064
20260227,flash_cxl_imb,ret_next,0.02247943089981357
20260227,flash_cxl_imb,ret_skip,0.005753927098291031
20260227,mean_size,ret_next,0.00524244365988375
20260227,mean_size,ret_skip,0.0025248289565960326
20260302,trd_imb,ret_next,-0.03053753474881678
20260302,trd_imb,ret_skip,-0.00865268529535106
20260302,eat_age_imb,ret_next,-0.047038097033770966
20260302,eat_age_imb,ret_skip,-0.02237943452558571
20260302,eat_age_med,ret_next,0.012648252907732018
20260302,eat_age_med,ret_skip,0.011992997861818061
20260302,old_eat_imb,ret_next,-0.047675824728140075
20260302,old_eat_imb,ret_skip,-0.01536953268769654
20260302,cxl_life_med,ret_next,0.009228301697574702
20260302,cxl_life_med,ret_skip,0.01316230039546791
20260302,flash_cxl_ratio,ret_next,-0.001759051085835892
20260302,flash_cxl_ratio,ret_skip,-0.005296727545697416
20260302,flash_cxl_imb,ret_next,0.015220967317275761
20260302,flash_cxl_imb,ret_skip,-0.0019749315606167168
20260302,mean_size,ret_next,0.01451641125585081
20260302,mean_size,ret_skip,0.009304009398316614
20260303,trd_imb,ret_next,-0.020563477332400323
20260303,trd_imb,ret_skip,-0.0089356227545086
20260303,eat_age_imb,ret_next,-0.04772732144386134
20260303,eat_age_imb,ret_skip,-0.020924589438854477
20260303,eat_age_med,ret_next,0.018172490291030356
20260303,eat_age_med,ret_skip,0.02426861366388529
20260303,old_eat_imb,ret_next,-0.0440455201852807
20260303,old_eat_imb,ret_skip,-0.015080283442550352
20260303,cxl_life_med,ret_next,0.013112282556712653
20260303,cxl_life_med,ret_skip,0.01188062264784295
20260303,flash_cxl_ratio,ret_next,-0.004885716420215317
20260303,flash_cxl_ratio,ret_skip,-0.005316685700077403
20260303,flash_cxl_imb,ret_next,0.024896518201855903
20260303,flash_cxl_imb,ret_skip,0.007446725898987308
20260303,mean_size,ret_next,0.016687583689737533
20260303,mean_size,ret_skip,0.013959862502614875
20260304,trd_imb,ret_next,-0.02935626349818257
20260304,trd_imb,ret_skip,-0.003320291170719377
20260304,eat_age_imb,ret_next,-0.05103551706331491
20260304,eat_age_imb,ret_skip,-0.021432189068704505
20260304,eat_age_med,ret_next,0.006412260773588114
20260304,eat_age_med,ret_skip,0.009576336828782618
20260304,old_eat_imb,ret_next,-0.04623357658714937
20260304,old_eat_imb,ret_skip,-0.006952778696528679
20260304,cxl_life_med,ret_next,0.0064828191991772085
20260304,cxl_life_med,ret_skip,0.00562686111156649
20260304,flash_cxl_ratio,ret_next,-0.0031718185046879606
20260304,flash_cxl_ratio,ret_skip,-0.003511380681797821
20260304,flash_cxl_imb,ret_next,0.02503119833458137
20260304,flash_cxl_imb,ret_skip,0.00595345509462646
20260304,mean_size,ret_next,0.007354735697775262
20260304,mean_size,ret_skip,0.004059413521986793
20260305,trd_imb,ret_next,-0.03858443813321877
20260305,trd_imb,ret_skip,-0.0062501959350102585
20260305,eat_age_imb,ret_next,-0.04362246135907827
20260305,eat_age_imb,ret_skip,-0.016970425965452157
20260305,eat_age_med,ret_next,0.013753947670871796
20260305,eat_age_med,ret_skip,0.01399289635706347
20260305,old_eat_imb,ret_next,-0.05284685897556812
20260305,old_eat_imb,ret_skip,-0.008120205183660016
20260305,cxl_life_med,ret_next,0.011012256317372637
20260305,cxl_life_med,ret_skip,0.009373101363520757
20260305,flash_cxl_ratio,ret_next,-0.007788211186544895
20260305,flash_cxl_ratio,ret_skip,-0.008757739423368532
20260305,flash_cxl_imb,ret_next,0.0209871893607666
20260305,flash_cxl_imb,ret_skip,0.0086687970026169
20260305,mean_size,ret_next,0.00949145119472376
20260305,mean_size,ret_skip,0.00560227899831061
20260306,trd_imb,ret_next,-0.04208275290125001
20260306,trd_imb,ret_skip,-0.008749426598339608
20260306,eat_age_imb,ret_next,-0.04558100024604301
20260306,eat_age_imb,ret_skip,-0.01640455422505782
20260306,eat_age_med,ret_next,0.014929628330766501
20260306,eat_age_med,ret_skip,0.017463751957861266
20260306,old_eat_imb,ret_next,-0.053732510053269976
20260306,old_eat_imb,ret_skip,-0.011911419036921151
20260306,cxl_life_med,ret_next,0.004330990239446532
20260306,cxl_life_med,ret_skip,0.006938847030797503
20260306,flash_cxl_ratio,ret_next,-0.008172565873010573
20260306,flash_cxl_ratio,ret_skip,-0.01225663938122593
20260306,flash_cxl_imb,ret_next,0.019581866567543835
20260306,flash_cxl_imb,ret_skip,0.00753391330069819
20260306,mean_size,ret_next,0.003460687904258769
20260306,mean_size,ret_skip,0.0026688059678162627
20260309,trd_imb,ret_next,-0.03807735932895999
20260309,trd_imb,ret_skip,-0.004300664632920949
20260309,eat_age_imb,ret_next,-0.04903101580679641
20260309,eat_age_imb,ret_skip,-0.01644763939217911
20260309,eat_age_med,ret_next,0.004565236636273292
20260309,eat_age_med,ret_skip,0.001351335806750769
20260309,old_eat_imb,ret_next,-0.05222346451519906
20260309,old_eat_imb,ret_skip,-0.004706323170854939
20260309,cxl_life_med,ret_next,-0.0013815213411049287
20260309,cxl_life_med,ret_skip,0.0018199350080821376
20260309,flash_cxl_ratio,ret_next,-0.000980642145136564
20260309,flash_cxl_ratio,ret_skip,-0.004680732683640441
20260309,flash_cxl_imb,ret_next,0.01907234852211081
20260309,flash_cxl_imb,ret_skip,0.011684819444260433
20260309,mean_size,ret_next,-0.0036935087790689373
20260309,mean_size,ret_skip,-0.005570839234675204
20260310,trd_imb,ret_next,-0.04461549676006207
20260310,trd_imb,ret_skip,-0.0064309799732951665
20260310,eat_age_imb,ret_next,-0.04038268847611982
20260310,eat_age_imb,ret_skip,-0.01848700261921293
20260310,eat_age_med,ret_next,0.009837245770732106
20260310,eat_age_med,ret_skip,0.013986003130302503
20260310,old_eat_imb,ret_next,-0.052059875042001574
20260310,old_eat_imb,ret_skip,-0.010638538631942291
20260310,cxl_life_med,ret_next,0.0035298302027828355
20260310,cxl_life_med,ret_skip,0.002543031142092125
20260310,flash_cxl_ratio,ret_next,-0.012285948289024321
20260310,flash_cxl_ratio,ret_skip,-0.01153903216096449
20260310,flash_cxl_imb,ret_next,0.01363196498238535
20260310,flash_cxl_imb,ret_skip,0.007579779244821412
20260310,mean_size,ret_next,-0.00799450321814971
20260310,mean_size,ret_skip,-0.010356468687174838
20260311,trd_imb,ret_next,-0.03792804850013483
20260311,trd_imb,ret_skip,-0.01320689327833411
20260311,eat_age_imb,ret_next,-0.04338873556526985
20260311,eat_age_imb,ret_skip,-0.025895477864187427
20260311,eat_age_med,ret_next,0.016456936893719017
20260311,eat_age_med,ret_skip,0.018880990438806578
20260311,old_eat_imb,ret_next,-0.05036130024536521
20260311,old_eat_imb,ret_skip,-0.019248863548575117
20260311,cxl_life_med,ret_next,0.008111937570117472
20260311,cxl_life_med,ret_skip,0.011278330710737947
20260311,flash_cxl_ratio,ret_next,-0.006325134978140123
20260311,flash_cxl_ratio,ret_skip,-0.008421336700667557
20260311,flash_cxl_imb,ret_next,0.027402116911663398
20260311,flash_cxl_imb,ret_skip,0.000771439637794384
20260311,mean_size,ret_next,0.016813746540446057
20260311,mean_size,ret_skip,0.014633177708361495
20260312,trd_imb,ret_next,-0.048079538086041484
20260312,trd_imb,ret_skip,-0.011102575937080458
20260312,eat_age_imb,ret_next,-0.0555106183672363
20260312,eat_age_imb,ret_skip,-0.022185098495510036
20260312,eat_age_med,ret_next,0.01566323011453263
20260312,eat_age_med,ret_skip,0.015131025542138406
20260312,old_eat_imb,ret_next,-0.06249833023019116
20260312,old_eat_imb,ret_skip,-0.014948540766397038
20260312,cxl_life_med,ret_next,0.014022822274853573
20260312,cxl_life_med,ret_skip,0.01105587662038008
20260312,flash_cxl_ratio,ret_next,-0.007238659148892045
20260312,flash_cxl_ratio,ret_skip,-0.004575493920490426
20260312,flash_cxl_imb,ret_next,0.017348644308352118
20260312,flash_cxl_imb,ret_skip,0.003799376779396176
20260312,mean_size,ret_next,0.016436338492038197
20260312,mean_size,ret_skip,0.012609110524674453
20260313,trd_imb,ret_next,-0.04446608730636883
20260313,trd_imb,ret_skip,-0.002118523487057
20260313,eat_age_imb,ret_next,-0.04934353371512599
20260313,eat_age_imb,ret_skip,-0.015367352226869786
20260313,eat_age_med,ret_next,0.021822935895685947
20260313,eat_age_med,ret_skip,0.021613531633973122
20260313,old_eat_imb,ret_next,-0.06048087092963065
20260313,old_eat_imb,ret_skip,-0.0059182217535978625
20260313,cxl_life_med,ret_next,0.00863011316083726
20260313,cxl_life_med,ret_skip,0.010373218951088618
20260313,flash_cxl_ratio,ret_next,-0.008910001410620346
20260313,flash_cxl_ratio,ret_skip,-0.008704348425571497
20260313,flash_cxl_imb,ret_next,0.014420081332216925
20260313,flash_cxl_imb,ret_skip,0.011050499151883388
20260313,mean_size,ret_next,0.010332548807304238
20260313,mean_size,ret_skip,0.006804567203903568
20260316,trd_imb,ret_next,-0.04044368996855868
20260316,trd_imb,ret_skip,-0.004546328823306026
20260316,eat_age_imb,ret_next,-0.04945090241352724
20260316,eat_age_imb,ret_skip,-0.01740088489884634
20260316,eat_age_med,ret_next,0.0072215357117127186
20260316,eat_age_med,ret_skip,0.007953225808508614
20260316,old_eat_imb,ret_next,-0.057643898189264756
20260316,old_eat_imb,ret_skip,-0.007559133302994407
20260316,cxl_life_med,ret_next,0.004316666024003201
20260316,cxl_life_med,ret_skip,0.003811120590607237
20260316,flash_cxl_ratio,ret_next,-0.005681039253948952
20260316,flash_cxl_ratio,ret_skip,-0.005452805867583478
20260316,flash_cxl_imb,ret_next,0.015395325683426086
20260316,flash_cxl_imb,ret_skip,0.007111959469647381
20260316,mean_size,ret_next,-0.0027467359239588176
20260316,mean_size,ret_skip,-0.005219491374033721
20260317,trd_imb,ret_next,-0.04721038841022346
20260317,trd_imb,ret_skip,-0.007678091637315845
20260317,eat_age_imb,ret_next,-0.06441612560771343
20260317,eat_age_imb,ret_skip,-0.02160634580069739
20260317,eat_age_med,ret_next,0.026497681677525472
20260317,eat_age_med,ret_skip,0.023637891189949505
20260317,old_eat_imb,ret_next,-0.0682147625289621
20260317,old_eat_imb,ret_skip,-0.01134927476196887
20260317,cxl_life_med,ret_next,0.018208208164853166
20260317,cxl_life_med,ret_skip,0.01905934136716326
20260317,flash_cxl_ratio,ret_next,-0.007130420969046327
20260317,flash_cxl_ratio,ret_skip,-0.009751876010190322
20260317,flash_cxl_imb,ret_next,0.015572217208153983
20260317,flash_cxl_imb,ret_skip,0.008356464872641592
20260317,mean_size,ret_next,0.019275656450980477
20260317,mean_size,ret_skip,0.015095587246633655
20260318,trd_imb,ret_next,-0.049540643150410194
20260318,trd_imb,ret_skip,-0.010381559848838342
20260318,eat_age_imb,ret_next,-0.06294924548853435
20260318,eat_age_imb,ret_skip,-0.024854429634229583
20260318,eat_age_med,ret_next,0.0026056143199771676
20260318,eat_age_med,ret_skip,0.005683290143325646
20260318,old_eat_imb,ret_next,-0.06727367180936104
20260318,old_eat_imb,ret_skip,-0.015383584643945201
20260318,cxl_life_med,ret_next,0.0011306807716430238
20260318,cxl_life_med,ret_skip,0.0013144270930763007
20260318,flash_cxl_ratio,ret_next,-0.007584996662668755
20260318,flash_cxl_ratio,ret_skip,-0.0065596704286509325
20260318,flash_cxl_imb,ret_next,0.012211276706598774
20260318,flash_cxl_imb,ret_skip,0.001905289331413399
20260318,mean_size,ret_next,-0.004635455208517546
20260318,mean_size,ret_skip,-0.006233902760412936
20260319,trd_imb,ret_next,-0.0543709664163266
20260319,trd_imb,ret_skip,-0.01567571656151261
20260319,eat_age_imb,ret_next,-0.072846171600208
20260319,eat_age_imb,ret_skip,-0.030314675044445342
20260319,eat_age_med,ret_next,0.016176257921215634
20260319,eat_age_med,ret_skip,0.013131476831718508
20260319,old_eat_imb,ret_next,-0.07190257029888453
20260319,old_eat_imb,ret_skip,-0.022568215307500878
20260319,cxl_life_med,ret_next,0.008256224494271307
20260319,cxl_life_med,ret_skip,0.008181607397255432
20260319,flash_cxl_ratio,ret_next,-0.002060708921101706
20260319,flash_cxl_ratio,ret_skip,-0.0031223873834218385
20260319,flash_cxl_imb,ret_next,0.012587100970996617
20260319,flash_cxl_imb,ret_skip,-0.0011723063769598814
20260319,mean_size,ret_next,0.013662107117780022
20260319,mean_size,ret_skip,0.007962728403247599
20260320,trd_imb,ret_next,-0.0407416030322289
20260320,trd_imb,ret_skip,-0.014311542098881547
20260320,eat_age_imb,ret_next,-0.07055859281533536
20260320,eat_age_imb,ret_skip,-0.02854584045068271
20260320,eat_age_med,ret_next,0.014506761507418767
20260320,eat_age_med,ret_skip,0.017105833091612167
20260320,old_eat_imb,ret_next,-0.06597283060941812
20260320,old_eat_imb,ret_skip,-0.022142327090092184
20260320,cxl_life_med,ret_next,0.01283197725596622
20260320,cxl_life_med,ret_skip,0.013738414666628632
20260320,flash_cxl_ratio,ret_next,-0.004704504769773079
20260320,flash_cxl_ratio,ret_skip,-0.006575734660784307
20260320,flash_cxl_imb,ret_next,0.013989069970458212
20260320,flash_cxl_imb,ret_skip,0.0027857767345069364
20260320,mean_size,ret_next,0.015586809417678949
20260320,mean_size,ret_skip,0.01183066740515203
20260323,trd_imb,ret_next,-0.019175472855023686
20260323,trd_imb,ret_skip,-0.013644570110619137
20260323,eat_age_imb,ret_next,-0.08199035661672481
20260323,eat_age_imb,ret_skip,-0.03172529371782238
20260323,eat_age_med,ret_next,0.014528567700396145
20260323,eat_age_med,ret_skip,0.012911786314957922
20260323,old_eat_imb,ret_next,-0.04769876441804165
20260323,old_eat_imb,ret_skip,-0.025951832424922917
20260323,cxl_life_med,ret_next,0.015299681777553238
20260323,cxl_life_med,ret_skip,0.011532349445662013
20260323,flash_cxl_ratio,ret_next,-0.0033743131387943283
20260323,flash_cxl_ratio,ret_skip,-0.00014714899446168178
20260323,flash_cxl_imb,ret_next,0.024878284689091677
20260323,flash_cxl_imb,ret_skip,-0.0031632618407092506
20260323,mean_size,ret_next,0.020379936198028463
20260323,mean_size,ret_skip,0.017300784033068107
20260324,trd_imb,ret_next,-0.03962429931757468
20260324,trd_imb,ret_skip,-0.00554254126781178
20260324,eat_age_imb,ret_next,-0.06477872424887503
20260324,eat_age_imb,ret_skip,-0.016274769620653298
20260324,eat_age_med,ret_next,0.0028811175807152926
20260324,eat_age_med,ret_skip,-0.00012157514145347521
20260324,old_eat_imb,ret_next,-0.06063413453190965
20260324,old_eat_imb,ret_skip,-0.007416756127314096
20260324,cxl_life_med,ret_next,-0.00018987232274392016
20260324,cxl_life_med,ret_skip,-0.002664477475653049
20260324,flash_cxl_ratio,ret_next,-0.00024514355199128343
20260324,flash_cxl_ratio,ret_skip,-0.0013508583912774307
20260324,flash_cxl_imb,ret_next,0.007391386859928315
20260324,flash_cxl_imb,ret_skip,0.0014401939888663508
20260324,mean_size,ret_next,-0.0025507688329494196
20260324,mean_size,ret_skip,-0.0026339519020620963
20260325,trd_imb,ret_next,-0.04447210683942664
20260325,trd_imb,ret_skip,-0.011750574869197275
20260325,eat_age_imb,ret_next,-0.05979614807850722
20260325,eat_age_imb,ret_skip,-0.025635283365358825
20260325,eat_age_med,ret_next,0.01858336396132731
20260325,eat_age_med,ret_skip,0.021203153619299784
20260325,old_eat_imb,ret_next,-0.05977593363189811
20260325,old_eat_imb,ret_skip,-0.01618856269590793
20260325,cxl_life_med,ret_next,0.013259706732899503
20260325,cxl_life_med,ret_skip,0.011179031736874892
20260325,flash_cxl_ratio,ret_next,-0.010273799524638274
20260325,flash_cxl_ratio,ret_skip,-0.011254320494788219
20260325,flash_cxl_imb,ret_next,0.012164267633925053
20260325,flash_cxl_imb,ret_skip,0.0022257042942380044
20260325,mean_size,ret_next,0.01116402705400673
20260325,mean_size,ret_skip,0.01015802293713403
20260326,trd_imb,ret_next,-0.05341834118902741
20260326,trd_imb,ret_skip,-0.012275287665320505
20260326,eat_age_imb,ret_next,-0.06632719698209179
20260326,eat_age_imb,ret_skip,-0.022615787764001825
20260326,eat_age_med,ret_next,0.013394460402675059
20260326,eat_age_med,ret_skip,0.01155219125976797
20260326,old_eat_imb,ret_next,-0.07543658267248354
20260326,old_eat_imb,ret_skip,-0.015477459898429472
20260326,cxl_life_med,ret_next,0.007733764418074289
20260326,cxl_life_med,ret_skip,0.007318741209928676
20260326,flash_cxl_ratio,ret_next,-0.004082654022892949
20260326,flash_cxl_ratio,ret_skip,-0.003051772240602967
20260326,flash_cxl_imb,ret_next,0.015445288515819756
20260326,flash_cxl_imb,ret_skip,0.0038944515812162086
20260326,mean_size,ret_next,0.011430521942442241
20260326,mean_size,ret_skip,0.005928356047894672
20260327,trd_imb,ret_next,-0.05356884694045721
20260327,trd_imb,ret_skip,-0.01871414506199868
20260327,eat_age_imb,ret_next,-0.06254995207507587
20260327,eat_age_imb,ret_skip,-0.02784791130512908
20260327,eat_age_med,ret_next,0.01179599624145784
20260327,eat_age_med,ret_skip,0.011365736150597536
20260327,old_eat_imb,ret_next,-0.06957643063518203
20260327,old_eat_imb,ret_skip,-0.02265765100608501
20260327,cxl_life_med,ret_next,0.003236274532399444
20260327,cxl_life_med,ret_skip,0.0046319640689573794
20260327,flash_cxl_ratio,ret_next,-0.0051832327475693964
20260327,flash_cxl_ratio,ret_skip,-0.007798990229750259
20260327,flash_cxl_imb,ret_next,0.018361150071884217
20260327,flash_cxl_imb,ret_skip,-0.001579715732368282
20260327,mean_size,ret_next,-0.0007936282209680007
20260327,mean_size,ret_skip,-0.0019886475474722378
20260330,trd_imb,ret_next,-0.06211378726022303
20260330,trd_imb,ret_skip,-0.015591805457616296
20260330,eat_age_imb,ret_next,-0.06874818400271526
20260330,eat_age_imb,ret_skip,-0.02227897742380733
20260330,eat_age_med,ret_next,0.006329370102385239
20260330,eat_age_med,ret_skip,0.00730463372482089
20260330,old_eat_imb,ret_next,-0.08039520911583024
20260330,old_eat_imb,ret_skip,-0.018621779306571523
20260330,cxl_life_med,ret_next,0.002932130328199293
20260330,cxl_life_med,ret_skip,-2.450790338259051e-05
20260330,flash_cxl_ratio,ret_next,-0.008765312078472292
20260330,flash_cxl_ratio,ret_skip,-0.0058841807337473425
20260330,flash_cxl_imb,ret_next,0.007605666204032881
20260330,flash_cxl_imb,ret_skip,-0.00013475513186304074
20260330,mean_size,ret_next,-0.0007509547723993302
20260330,mean_size,ret_skip,-0.0015367941354789978
20260331,trd_imb,ret_next,-0.0529036649753795
20260331,trd_imb,ret_skip,-0.01063843115461919
20260331,eat_age_imb,ret_next,-0.06866756075560025
20260331,eat_age_imb,ret_skip,-0.021179047687848868
20260331,eat_age_med,ret_next,0.01856676579134818
20260331,eat_age_med,ret_skip,0.01572054324383765
20260331,old_eat_imb,ret_next,-0.07334743695650124
20260331,old_eat_imb,ret_skip,-0.015813217820899915
20260331,cxl_life_med,ret_next,0.0076449060325318036
20260331,cxl_life_med,ret_skip,0.00629193369122836
20260331,flash_cxl_ratio,ret_next,-0.003958091013471358
20260331,flash_cxl_ratio,ret_skip,-0.005321278353848634
20260331,flash_cxl_imb,ret_next,0.015347060527579785
20260331,flash_cxl_imb,ret_skip,-0.00032948092000043043
20260331,mean_size,ret_next,0.010658030993735875
20260331,mean_size,ret_skip,0.004785932491547795
20260401,trd_imb,ret_next,-0.051700550992927585
20260401,trd_imb,ret_skip,-0.00953814537056436
20260401,eat_age_imb,ret_next,-0.05407039409833597
20260401,eat_age_imb,ret_skip,-0.023085421001824164
20260401,eat_age_med,ret_next,0.006595551367731127
20260401,eat_age_med,ret_skip,0.008401137975303114
20260401,old_eat_imb,ret_next,-0.06429295189642648
20260401,old_eat_imb,ret_skip,-0.014590761145087422
20260401,cxl_life_med,ret_next,0.0019627499943137105
20260401,cxl_life_med,ret_skip,0.003919650218381029
20260401,flash_cxl_ratio,ret_next,-0.008640777507322794
20260401,flash_cxl_ratio,ret_skip,-0.0069097961886923276
20260401,flash_cxl_imb,ret_next,0.012617861586030232
20260401,flash_cxl_imb,ret_skip,0.00010018049365775562
20260401,mean_size,ret_next,-0.0011291393013787437
20260401,mean_size,ret_skip,-0.003603173522613638
20260402,trd_imb,ret_next,-0.055905931821096704
20260402,trd_imb,ret_skip,-0.014154384340051434
20260402,eat_age_imb,ret_next,-0.07118276293227051
20260402,eat_age_imb,ret_skip,-0.02389965578007312
20260402,eat_age_med,ret_next,0.014955399747145253
20260402,eat_age_med,ret_skip,0.009459411916722515
20260402,old_eat_imb,ret_next,-0.07680430295784646
20260402,old_eat_imb,ret_skip,-0.019699818645376874
20260402,cxl_life_med,ret_next,0.008159027413336031
20260402,cxl_life_med,ret_skip,0.004473928070413213
20260402,flash_cxl_ratio,ret_next,-0.00787141635385689
20260402,flash_cxl_ratio,ret_skip,-0.004273347226355209
20260402,flash_cxl_imb,ret_next,0.01135552428559104
20260402,flash_cxl_imb,ret_skip,0.00012777936567868526
20260402,mean_size,ret_next,0.009450959638367019
20260402,mean_size,ret_skip,0.004113627535658226
20260403,trd_imb,ret_next,-0.052365846061186515
20260403,trd_imb,ret_skip,-0.009496445353257383
20260403,eat_age_imb,ret_next,-0.06464285161922015
20260403,eat_age_imb,ret_skip,-0.018432551046995926
20260403,eat_age_med,ret_next,0.010146141020255763
20260403,eat_age_med,ret_skip,0.010191272807280037
20260403,old_eat_imb,ret_next,-0.07283719691931541
20260403,old_eat_imb,ret_skip,-0.01476401925679599
20260403,cxl_life_med,ret_next,0.003411032373108408
20260403,cxl_life_med,ret_skip,0.006332916628536507
20260403,flash_cxl_ratio,ret_next,-0.0009493280585907217
20260403,flash_cxl_ratio,ret_skip,-0.005864444610461623
20260403,flash_cxl_imb,ret_next,0.010281499029210663
20260403,flash_cxl_imb,ret_skip,-0.003991476955345904
20260403,mean_size,ret_next,0.007054853136393099
20260403,mean_size,ret_skip,0.0019342686271409833
20260407,trd_imb,ret_next,-0.05454584090485508
20260407,trd_imb,ret_skip,-0.010450781529540883
20260407,eat_age_imb,ret_next,-0.058215420073376746
20260407,eat_age_imb,ret_skip,-0.018705495695903473
20260407,eat_age_med,ret_next,0.013476008632328371
20260407,eat_age_med,ret_skip,0.015854708661764534
20260407,old_eat_imb,ret_next,-0.06908509277010201
20260407,old_eat_imb,ret_skip,-0.013594563242646839
20260407,cxl_life_med,ret_next,0.008012324182565601
20260407,cxl_life_med,ret_skip,0.009038881870797318
20260407,flash_cxl_ratio,ret_next,-0.005672314151871791
20260407,flash_cxl_ratio,ret_skip,-0.005996765876613094
20260407,flash_cxl_imb,ret_next,0.011475045164308561
20260407,flash_cxl_imb,ret_skip,-2.0514231432339642e-05
20260407,mean_size,ret_next,0.011098337228752862
20260407,mean_size,ret_skip,0.01124281538041822
20260408,trd_imb,ret_next,-0.04616186397395506
20260408,trd_imb,ret_skip,-0.01114283190207502
20260408,eat_age_imb,ret_next,-0.05179271386627908
20260408,eat_age_imb,ret_skip,-0.02802875107555385
20260408,eat_age_med,ret_next,-0.004324927294004363
20260408,eat_age_med,ret_skip,0.0036755670989810875
20260408,old_eat_imb,ret_next,-0.06073206136611569
20260408,old_eat_imb,ret_skip,-0.018247517415624318
20260408,cxl_life_med,ret_next,0.004665802826691671
20260408,cxl_life_med,ret_skip,0.00444375983728189
20260408,flash_cxl_ratio,ret_next,-0.004473651673354214
20260408,flash_cxl_ratio,ret_skip,-0.006757478165795898
20260408,flash_cxl_imb,ret_next,0.008450484478140091
20260408,flash_cxl_imb,ret_skip,-0.0009564700355655094
20260408,mean_size,ret_next,-0.005143397719163852
20260408,mean_size,ret_skip,-0.005798243277961103
20260409,trd_imb,ret_next,-0.061449801655198
20260409,trd_imb,ret_skip,-0.011970524027873604
20260409,eat_age_imb,ret_next,-0.05976873245870256
20260409,eat_age_imb,ret_skip,-0.020374378761849204
20260409,eat_age_med,ret_next,0.010747662597360715
20260409,eat_age_med,ret_skip,0.009625163615091815
20260409,old_eat_imb,ret_next,-0.07609878579097709
20260409,old_eat_imb,ret_skip,-0.014698041654933344
20260409,cxl_life_med,ret_next,0.007948082981451976
20260409,cxl_life_med,ret_skip,0.0034561351768694556
20260409,flash_cxl_ratio,ret_next,-0.0069670733761732235
20260409,flash_cxl_ratio,ret_skip,-0.0021711094985259203
20260409,flash_cxl_imb,ret_next,0.006130185180464052
20260409,flash_cxl_imb,ret_skip,-0.0018371238585611401
20260409,mean_size,ret_next,0.00805680477573424
20260409,mean_size,ret_skip,0.001091373405662872
20260410,trd_imb,ret_next,-0.05427878886873041
20260410,trd_imb,ret_skip,-0.01925128491373287
20260410,eat_age_imb,ret_next,-0.04944624917164544
20260410,eat_age_imb,ret_skip,-0.02553056149014467
20260410,eat_age_med,ret_next,0.018631564716103242
20260410,eat_age_med,ret_skip,0.02198502912543372
20260410,old_eat_imb,ret_next,-0.0655089933632712
20260410,old_eat_imb,ret_skip,-0.024472838592001122
20260410,cxl_life_med,ret_next,0.009027907656825174
20260410,cxl_life_med,ret_skip,0.011539026984296178
20260410,flash_cxl_ratio,ret_next,-0.010342657730066223
20260410,flash_cxl_ratio,ret_skip,-0.014418083919040281
20260410,flash_cxl_imb,ret_next,0.016104823857668166
20260410,flash_cxl_imb,ret_skip,-0.0012675411312108296
20260410,mean_size,ret_next,0.008107171345879741
20260410,mean_size,ret_skip,0.004806314332685568
20260413,trd_imb,ret_next,-0.05960386292300676
20260413,trd_imb,ret_skip,-0.014884057228319569
20260413,eat_age_imb,ret_next,-0.0598667376900202
20260413,eat_age_imb,ret_skip,-0.02630434072939289
20260413,eat_age_med,ret_next,0.01752682637624836
20260413,eat_age_med,ret_skip,0.015188854585078862
20260413,old_eat_imb,ret_next,-0.07477090262654319
20260413,old_eat_imb,ret_skip,-0.02010875770426853
20260413,cxl_life_med,ret_next,0.011587918919791789
20260413,cxl_life_med,ret_skip,0.011271540423042061
20260413,flash_cxl_ratio,ret_next,-0.007807315175647123
20260413,flash_cxl_ratio,ret_skip,-0.008395324159845683
20260413,flash_cxl_imb,ret_next,0.007790840076023993
20260413,flash_cxl_imb,ret_skip,-0.008086543803767164
20260413,mean_size,ret_next,0.014930461743224334
20260413,mean_size,ret_skip,0.008200054197568384
20260414,trd_imb,ret_next,-0.05709186831648744
20260414,trd_imb,ret_skip,-0.014237907989538487
20260414,eat_age_imb,ret_next,-0.05826793005612847
20260414,eat_age_imb,ret_skip,-0.02228947731486354
20260414,eat_age_med,ret_next,0.008740471702152124
20260414,eat_age_med,ret_skip,0.009648062056989298
20260414,old_eat_imb,ret_next,-0.06977990455480095
20260414,old_eat_imb,ret_skip,-0.018327346804668118
20260414,cxl_life_med,ret_next,0.005971360490050011
20260414,cxl_life_med,ret_skip,0.006701444656294561
20260414,flash_cxl_ratio,ret_next,-0.006392893580673199
20260414,flash_cxl_ratio,ret_skip,-0.006873566510214491
20260414,flash_cxl_imb,ret_next,0.01394072355871712
20260414,flash_cxl_imb,ret_skip,-0.0028614327290984267
20260414,mean_size,ret_next,0.005339781458166709
20260414,mean_size,ret_skip,-0.0011045138503562475
20260415,trd_imb,ret_next,-0.054558822621736745
20260415,trd_imb,ret_skip,-0.014889866565627411
20260415,eat_age_imb,ret_next,-0.04906977181790266
20260415,eat_age_imb,ret_skip,-0.023561780585088777
20260415,eat_age_med,ret_next,0.023425182869732192
20260415,eat_age_med,ret_skip,0.025462447659245872
20260415,old_eat_imb,ret_next,-0.06738952686301847
20260415,old_eat_imb,ret_skip,-0.019366013326163292
20260415,cxl_life_med,ret_next,0.010837547312538102
20260415,cxl_life_med,ret_skip,0.012531939861315946
20260415,flash_cxl_ratio,ret_next,-0.008416756940512696
20260415,flash_cxl_ratio,ret_skip,-0.01220863998317271
20260415,flash_cxl_imb,ret_next,0.0213825880729353
20260415,flash_cxl_imb,ret_skip,-0.001919572637898709
20260415,mean_size,ret_next,0.015409435048335952
20260415,mean_size,ret_skip,0.009226413113033476
20260416,trd_imb,ret_next,-0.05274290372398807
20260416,trd_imb,ret_skip,-0.017299777478832736
20260416,eat_age_imb,ret_next,-0.05147828460504376
20260416,eat_age_imb,ret_skip,-0.02995500122941019
20260416,eat_age_med,ret_next,0.00966378952317305
20260416,eat_age_med,ret_skip,0.011899960307868915
20260416,old_eat_imb,ret_next,-0.06545458464956007
20260416,old_eat_imb,ret_skip,-0.02167012468685192
20260416,cxl_life_med,ret_next,0.007523712491267401
20260416,cxl_life_med,ret_skip,0.007994193367309997
20260416,flash_cxl_ratio,ret_next,-0.010758789249063089
20260416,flash_cxl_ratio,ret_skip,-0.01024342413604994
20260416,flash_cxl_imb,ret_next,0.006703775807579448
20260416,flash_cxl_imb,ret_skip,-0.0034734804257361227
20260416,mean_size,ret_next,0.0029163774974469126
20260416,mean_size,ret_skip,0.0013278630944192726
20260417,trd_imb,ret_next,-0.048693386808860595
20260417,trd_imb,ret_skip,-0.01680009416576622
20260417,eat_age_imb,ret_next,-0.050051604659185546
20260417,eat_age_imb,ret_skip,-0.027748352450765356
20260417,eat_age_med,ret_next,0.010765192284062707
20260417,eat_age_med,ret_skip,0.012434295377213968
20260417,old_eat_imb,ret_next,-0.060292475045719766
20260417,old_eat_imb,ret_skip,-0.023067687156004497
20260417,cxl_life_med,ret_next,0.00655367437877024
20260417,cxl_life_med,ret_skip,0.006984075213920849
20260417,flash_cxl_ratio,ret_next,-0.006369219702725422
20260417,flash_cxl_ratio,ret_skip,-0.008124480107434771
20260417,flash_cxl_imb,ret_next,0.010472384991755382
20260417,flash_cxl_imb,ret_skip,-0.004077654245476913
20260417,mean_size,ret_next,0.004745648895881518
20260417,mean_size,ret_skip,-0.0009811279987912086
20260420,trd_imb,ret_next,-0.05060396993129625
20260420,trd_imb,ret_skip,-0.012486974380781009
20260420,eat_age_imb,ret_next,-0.047531819308220355
20260420,eat_age_imb,ret_skip,-0.02159365880777398
20260420,eat_age_med,ret_next,0.015695675890734537
20260420,eat_age_med,ret_skip,0.01788725339589163
20260420,old_eat_imb,ret_next,-0.06288178642094046
20260420,old_eat_imb,ret_skip,-0.018407483095654147
20260420,cxl_life_med,ret_next,0.011582415101419169
20260420,cxl_life_med,ret_skip,0.013012375837017448
20260420,flash_cxl_ratio,ret_next,-0.007031666957521506
20260420,flash_cxl_ratio,ret_skip,-0.010253263227508164
20260420,flash_cxl_imb,ret_next,0.013304376138380309
20260420,flash_cxl_imb,ret_skip,-0.0013170849862234556
20260420,mean_size,ret_next,0.010610205188174897
20260420,mean_size,ret_skip,0.005331043770838322
20260421,trd_imb,ret_next,-0.048303346405221353
20260421,trd_imb,ret_skip,-0.011992094422367552
20260421,eat_age_imb,ret_next,-0.04590599755483929
20260421,eat_age_imb,ret_skip,-0.02259121236526787
20260421,eat_age_med,ret_next,0.017056308710058473
20260421,eat_age_med,ret_skip,0.014943120735875257
20260421,old_eat_imb,ret_next,-0.05808371963343044
20260421,old_eat_imb,ret_skip,-0.016029333919855303
20260421,cxl_life_med,ret_next,0.008828247186480937
20260421,cxl_life_med,ret_skip,0.009848349475595252
20260421,flash_cxl_ratio,ret_next,-0.008132980437180774
20260421,flash_cxl_ratio,ret_skip,-0.013498377908017601
20260421,flash_cxl_imb,ret_next,0.016915895384357928
20260421,flash_cxl_imb,ret_skip,-0.0026065438084454345
20260421,mean_size,ret_next,0.007917048140802426
20260421,mean_size,ret_skip,0.003885475047613973
20260422,trd_imb,ret_next,-0.04949328747876359
20260422,trd_imb,ret_skip,-0.013208890459475216
20260422,eat_age_imb,ret_next,-0.046011515044174806
20260422,eat_age_imb,ret_skip,-0.023149134676308462
20260422,eat_age_med,ret_next,0.009193791308826771
20260422,eat_age_med,ret_skip,0.01030207706093743
20260422,old_eat_imb,ret_next,-0.05936488679076508
20260422,old_eat_imb,ret_skip,-0.01763377106492101
20260422,cxl_life_med,ret_next,0.005769130568620249
20260422,cxl_life_med,ret_skip,0.008610416255888141
20260422,flash_cxl_ratio,ret_next,-0.004985103660647798
20260422,flash_cxl_ratio,ret_skip,-0.006595701959000091
20260422,flash_cxl_imb,ret_next,0.014918692388455444
20260422,flash_cxl_imb,ret_skip,-0.003193745209111402
20260422,mean_size,ret_next,0.004134821293457904
20260422,mean_size,ret_skip,0.001888495996228452
20260423,trd_imb,ret_next,-0.040956285367600855
20260423,trd_imb,ret_skip,-0.01072129714759741
20260423,eat_age_imb,ret_next,-0.040935368599020736
20260423,eat_age_imb,ret_skip,-0.020643635087358937
20260423,eat_age_med,ret_next,0.018626860586743524
20260423,eat_age_med,ret_skip,0.021757200212984305
20260423,old_eat_imb,ret_next,-0.0559610012088173
20260423,old_eat_imb,ret_skip,-0.016287408008297446
20260423,cxl_life_med,ret_next,0.013352642755135232
20260423,cxl_life_med,ret_skip,0.01173332478932739
20260423,flash_cxl_ratio,ret_next,-0.008453686386754498
20260423,flash_cxl_ratio,ret_skip,-0.007279165074519849
20260423,flash_cxl_imb,ret_next,0.017402036114514036
20260423,flash_cxl_imb,ret_skip,0.0006330620665074636
20260423,mean_size,ret_next,0.01760032089331517
20260423,mean_size,ret_skip,0.010659433197152061
20260424,trd_imb,ret_next,-0.034185029476979774
20260424,trd_imb,ret_skip,-0.006927924991850247
20260424,eat_age_imb,ret_next,-0.034500080824649795
20260424,eat_age_imb,ret_skip,-0.012337710993502619
20260424,eat_age_med,ret_next,0.014201660857752584
20260424,eat_age_med,ret_skip,0.01592136553137319
20260424,old_eat_imb,ret_next,-0.046643725845857194
20260424,old_eat_imb,ret_skip,-0.012057150443703608
20260424,cxl_life_med,ret_next,0.008476113475278197
20260424,cxl_life_med,ret_skip,0.010765631971144404
20260424,flash_cxl_ratio,ret_next,-0.00626951575638108
20260424,flash_cxl_ratio,ret_skip,-0.00709612018612989
20260424,flash_cxl_imb,ret_next,0.019884523710996554
20260424,flash_cxl_imb,ret_skip,0.0035927922057762936
20260424,mean_size,ret_next,0.009881116956953364
20260424,mean_size,ret_skip,0.006256649636635657
20260427,trd_imb,ret_next,-0.026708165839757356
20260427,trd_imb,ret_skip,-5.943526475184839e-05
20260427,eat_age_imb,ret_next,-0.03099816061857196
20260427,eat_age_imb,ret_skip,-0.010379725467064548
20260427,eat_age_med,ret_next,0.016386538265042334
20260427,eat_age_med,ret_skip,0.01996641943789662
20260427,old_eat_imb,ret_next,-0.037188830204876795
20260427,old_eat_imb,ret_skip,-0.002520108041047793
20260427,cxl_life_med,ret_next,0.008842336774018434
20260427,cxl_life_med,ret_skip,0.0092596794468354
20260427,flash_cxl_ratio,ret_next,-0.010002869006819504
20260427,flash_cxl_ratio,ret_skip,-0.010463429934542863
20260427,flash_cxl_imb,ret_next,0.016975310721414744
20260427,flash_cxl_imb,ret_skip,0.006458032863264142
20260427,mean_size,ret_next,0.007184436961654827
20260427,mean_size,ret_skip,0.0043346699705677895
20260428,trd_imb,ret_next,-0.03092224933703691
20260428,trd_imb,ret_skip,-0.0059844771188160666
20260428,eat_age_imb,ret_next,-0.04006839177025112
20260428,eat_age_imb,ret_skip,-0.016553988311440032
20260428,eat_age_med,ret_next,0.013670351068399611
20260428,eat_age_med,ret_skip,0.016985415573699533
20260428,old_eat_imb,ret_next,-0.04558003757332699
20260428,old_eat_imb,ret_skip,-0.00948090603158744
20260428,cxl_life_med,ret_next,0.00858582662975433
20260428,cxl_life_med,ret_skip,0.011491547013349373
20260428,flash_cxl_ratio,ret_next,-0.005616518091804968
20260428,flash_cxl_ratio,ret_skip,-0.006312776473761621
20260428,flash_cxl_imb,ret_next,0.017977984829799194
20260428,flash_cxl_imb,ret_skip,0.005188144922264713
20260428,mean_size,ret_next,0.013019731470029694
20260428,mean_size,ret_skip,0.00824393400285662
20260429,trd_imb,ret_next,-0.036051609271835074
20260429,trd_imb,ret_skip,-0.01438977382865542
20260429,eat_age_imb,ret_next,-0.03961259861883433
20260429,eat_age_imb,ret_skip,-0.022984058693283224
20260429,eat_age_med,ret_next,0.010496224278455259
20260429,eat_age_med,ret_skip,0.014336191878125832
20260429,old_eat_imb,ret_next,-0.04889364990653619
20260429,old_eat_imb,ret_skip,-0.01848682440851164
20260429,cxl_life_med,ret_next,0.011520871489428864
20260429,cxl_life_med,ret_skip,0.010677794472028882
20260429,flash_cxl_ratio,ret_next,-0.006844211992439561
20260429,flash_cxl_ratio,ret_skip,-0.008428844576877882
20260429,flash_cxl_imb,ret_next,0.012540809410878066
20260429,flash_cxl_imb,ret_skip,-0.0035587909125840175
20260429,mean_size,ret_next,0.009668046084677098
20260429,mean_size,ret_skip,0.006235071827498883
20260430,trd_imb,ret_next,-0.03350275271875626
20260430,trd_imb,ret_skip,-0.016262163008849164
20260430,eat_age_imb,ret_next,-0.03990491205039397
20260430,eat_age_imb,ret_skip,-0.02699349385107742
20260430,eat_age_med,ret_next,0.01096111530968907
20260430,eat_age_med,ret_skip,0.012315060495613596
20260430,old_eat_imb,ret_next,-0.04815046305606319
20260430,old_eat_imb,ret_skip,-0.0219679527910225
20260430,cxl_life_med,ret_next,0.0044803599131234195
20260430,cxl_life_med,ret_skip,0.004227637456561516
20260430,flash_cxl_ratio,ret_next,-0.006449992737430058
20260430,flash_cxl_ratio,ret_skip,-0.007594194027698615
20260430,flash_cxl_imb,ret_next,0.01840212805544462
20260430,flash_cxl_imb,ret_skip,-0.005645051703598614
20260430,mean_size,ret_next,0.0035112277977901426
20260430,mean_size,ret_skip,-0.0002618734351435583
20260506,trd_imb,ret_next,-0.03264730847517122
20260506,trd_imb,ret_skip,-0.013291071811538867
20260506,eat_age_imb,ret_next,-0.042656109041284966
20260506,eat_age_imb,ret_skip,-0.022249850434341238
20260506,eat_age_med,ret_next,0.013569305910258428
20260506,eat_age_med,ret_skip,0.012348052686922824
20260506,old_eat_imb,ret_next,-0.0466960874118392
20260506,old_eat_imb,ret_skip,-0.01815612246735121
20260506,cxl_life_med,ret_next,0.0111840610921529
20260506,cxl_life_med,ret_skip,0.010997784344675814
20260506,flash_cxl_ratio,ret_next,-0.004811460176307925
20260506,flash_cxl_ratio,ret_skip,-0.005632258424579087
20260506,flash_cxl_imb,ret_next,0.010323316606855891
20260506,flash_cxl_imb,ret_skip,-0.0073036534170842615
20260506,mean_size,ret_next,0.01422345208822134
20260506,mean_size,ret_skip,0.010536185543913104
20260507,trd_imb,ret_next,-0.03414901567080127
20260507,trd_imb,ret_skip,-0.010805539617261889
20260507,eat_age_imb,ret_next,-0.040544547348468594
20260507,eat_age_imb,ret_skip,-0.02324185936643387
20260507,eat_age_med,ret_next,0.005651618438576084
20260507,eat_age_med,ret_skip,0.006219043280713114
20260507,old_eat_imb,ret_next,-0.04769331042423551
20260507,old_eat_imb,ret_skip,-0.016387254015546745
20260507,cxl_life_med,ret_next,0.006734387515202524
20260507,cxl_life_med,ret_skip,0.006509031381885971
20260507,flash_cxl_ratio,ret_next,-0.004762031100035607
20260507,flash_cxl_ratio,ret_skip,-0.005744067202409622
20260507,flash_cxl_imb,ret_next,0.013283776011922084
20260507,flash_cxl_imb,ret_skip,-0.0010549947797175267
20260507,mean_size,ret_next,0.002113474655260207
20260507,mean_size,ret_skip,4.186057825370353e-06
20260508,trd_imb,ret_next,-0.03033829081856841
20260508,trd_imb,ret_skip,-0.01078930101188097
20260508,eat_age_imb,ret_next,-0.032306034740160264
20260508,eat_age_imb,ret_skip,-0.024968650790543296
20260508,eat_age_med,ret_next,0.019512219964333034
20260508,eat_age_med,ret_skip,0.02265579348541345
20260508,old_eat_imb,ret_next,-0.042137499407872425
20260508,old_eat_imb,ret_skip,-0.017467083741858996
20260508,cxl_life_med,ret_next,0.010657227207387184
20260508,cxl_life_med,ret_skip,0.010844855085842271
20260508,flash_cxl_ratio,ret_next,-0.013574634910557158
20260508,flash_cxl_ratio,ret_skip,-0.013357355174374788
20260508,flash_cxl_imb,ret_next,0.02486187389970846
20260508,flash_cxl_imb,ret_skip,0.003537781302959245
20260508,mean_size,ret_next,0.009153907052573369
20260508,mean_size,ret_skip,0.006381092158981742
20260511,trd_imb,ret_next,-0.02761039598011822
20260511,trd_imb,ret_skip,-0.014371414609562741
20260511,eat_age_imb,ret_next,-0.038820284197979504
20260511,eat_age_imb,ret_skip,-0.028602693930882814
20260511,eat_age_med,ret_next,0.014624482468733272
20260511,eat_age_med,ret_skip,0.01538706590690219
20260511,old_eat_imb,ret_next,-0.04112557935497179
20260511,old_eat_imb,ret_skip,-0.020401217231648654
20260511,cxl_life_med,ret_next,0.007620108393736595
20260511,cxl_life_med,ret_skip,0.01006107393749446
20260511,flash_cxl_ratio,ret_next,-0.007502314573246748
20260511,flash_cxl_ratio,ret_skip,-0.010175613288755983
20260511,flash_cxl_imb,ret_next,0.02233970332458848
20260511,flash_cxl_imb,ret_skip,-0.0042449421804627765
20260511,mean_size,ret_next,0.007473950215598618
20260511,mean_size,ret_skip,0.0030714668180268296
20260512,trd_imb,ret_next,-0.03702558860875778
20260512,trd_imb,ret_skip,-0.014389777165237058
20260512,eat_age_imb,ret_next,-0.04507692492478119
20260512,eat_age_imb,ret_skip,-0.027672327719007614
20260512,eat_age_med,ret_next,0.015445894001053832
20260512,eat_age_med,ret_skip,0.017356532334444875
20260512,old_eat_imb,ret_next,-0.05189629703079372
20260512,old_eat_imb,ret_skip,-0.0234737723338301
20260512,cxl_life_med,ret_next,0.011405855156290326
20260512,cxl_life_med,ret_skip,0.010864121794715992
20260512,flash_cxl_ratio,ret_next,-0.006212881197129611
20260512,flash_cxl_ratio,ret_skip,-0.003521262001667937
20260512,flash_cxl_imb,ret_next,0.016379433115057157
20260512,flash_cxl_imb,ret_skip,-0.003921435623891163
20260512,mean_size,ret_next,0.013728823510168364
20260512,mean_size,ret_skip,0.00908979816288936
20260513,trd_imb,ret_next,-0.029082291652529426
20260513,trd_imb,ret_skip,-0.008066626703978346
20260513,eat_age_imb,ret_next,-0.03164030135979443
20260513,eat_age_imb,ret_skip,-0.019050575649510442
20260513,eat_age_med,ret_next,0.010263758420150655
20260513,eat_age_med,ret_skip,0.009661955252076354
20260513,old_eat_imb,ret_next,-0.04009869760133278
20260513,old_eat_imb,ret_skip,-0.012984709136368682
20260513,cxl_life_med,ret_next,0.0057624896657048775
20260513,cxl_life_med,ret_skip,0.010718976518572749
20260513,flash_cxl_ratio,ret_next,-0.002906116524831183
20260513,flash_cxl_ratio,ret_skip,-0.00681933573949685
20260513,flash_cxl_imb,ret_next,0.024260024330980578
20260513,flash_cxl_imb,ret_skip,-0.0006864478607365724
20260513,mean_size,ret_next,0.008967920269020692
20260513,mean_size,ret_skip,0.005319097367313973
20260514,trd_imb,ret_next,-0.030077195211978876
20260514,trd_imb,ret_skip,-0.007682418698265301
20260514,eat_age_imb,ret_next,-0.04043088848993952
20260514,eat_age_imb,ret_skip,-0.014647929802323276
20260514,eat_age_med,ret_next,0.020209478962932067
20260514,eat_age_med,ret_skip,0.023615252306956245
20260514,old_eat_imb,ret_next,-0.04700796164368399
20260514,old_eat_imb,ret_skip,-0.012189356249127283
20260514,cxl_life_med,ret_next,0.0075456119927337275
20260514,cxl_life_med,ret_skip,0.010257431857883198
20260514,flash_cxl_ratio,ret_next,-0.008042148722478498
20260514,flash_cxl_ratio,ret_skip,-0.012925777302550793
20260514,flash_cxl_imb,ret_next,0.02372598164171084
20260514,flash_cxl_imb,ret_skip,0.007691773902275044
20260514,mean_size,ret_next,0.010395694563783645
20260514,mean_size,ret_skip,0.007360344337920394
20260515,trd_imb,ret_next,-0.01693946080740919
20260515,trd_imb,ret_skip,-0.006765459722848032
20260515,eat_age_imb,ret_next,-0.04382595959082038
20260515,eat_age_imb,ret_skip,-0.023234747530891293
20260515,eat_age_med,ret_next,0.01736765495382861
20260515,eat_age_med,ret_skip,0.016902432877404595
20260515,old_eat_imb,ret_next,-0.03658418575316451
20260515,old_eat_imb,ret_skip,-0.01377591658112779
20260515,cxl_life_med,ret_next,0.007664904656380751
20260515,cxl_life_med,ret_skip,0.011034066331286889
20260515,flash_cxl_ratio,ret_next,-0.0038958371130439436
20260515,flash_cxl_ratio,ret_skip,-0.008004395192930246
20260515,flash_cxl_imb,ret_next,0.025104902402943045
20260515,flash_cxl_imb,ret_skip,0.0035864214201653624
20260515,mean_size,ret_next,0.009293059741957805
20260515,mean_size,ret_skip,0.006045010199735049
20260518,trd_imb,ret_next,-0.03300426239943968
20260518,trd_imb,ret_skip,-0.0075340088698851206
20260518,eat_age_imb,ret_next,-0.049295881437899786
20260518,eat_age_imb,ret_skip,-0.023175048572927633
20260518,eat_age_med,ret_next,0.014286588848905463
20260518,eat_age_med,ret_skip,0.016194232222229515
20260518,old_eat_imb,ret_next,-0.050486852181430245
20260518,old_eat_imb,ret_skip,-0.01399905347518853
20260518,cxl_life_med,ret_next,0.004945282369863305
20260518,cxl_life_med,ret_skip,0.008676640990021158
20260518,flash_cxl_ratio,ret_next,-0.0048660142129138394
20260518,flash_cxl_ratio,ret_skip,-0.008556061299358276
20260518,flash_cxl_imb,ret_next,0.016366461907739147
20260518,flash_cxl_imb,ret_skip,0.005326632509991197
20260518,mean_size,ret_next,0.008314939948933757
20260518,mean_size,ret_skip,0.0049979301285747344
20260519,trd_imb,ret_next,-0.03130192614655217
20260519,trd_imb,ret_skip,-0.007588813583044161
20260519,eat_age_imb,ret_next,-0.04130821232101408
20260519,eat_age_imb,ret_skip,-0.026938397062465477
20260519,eat_age_med,ret_next,0.004678095634123507
20260519,eat_age_med,ret_skip,0.008345252535698898
20260519,old_eat_imb,ret_next,-0.04287051689630287
20260519,old_eat_imb,ret_skip,-0.011221971927186415
20260519,cxl_life_med,ret_next,0.0022529398239375872
20260519,cxl_life_med,ret_skip,0.0026908823489111165
20260519,flash_cxl_ratio,ret_next,0.0012946495584151049
20260519,flash_cxl_ratio,ret_skip,-0.0009571870207039552
20260519,flash_cxl_imb,ret_next,0.02102528134219593
20260519,flash_cxl_imb,ret_skip,0.0023741144037864137
20260519,mean_size,ret_next,0.007060217468468347
20260519,mean_size,ret_skip,0.003946748198165035
20260520,trd_imb,ret_next,-0.03546898552756299
20260520,trd_imb,ret_skip,-0.005676799739005587
20260520,eat_age_imb,ret_next,-0.04341617893198469
20260520,eat_age_imb,ret_skip,-0.022585207241189845
20260520,eat_age_med,ret_next,0.009172235328942471
20260520,eat_age_med,ret_skip,0.009450077363652741
20260520,old_eat_imb,ret_next,-0.049879406006434396
20260520,old_eat_imb,ret_skip,-0.012945255891323
20260520,cxl_life_med,ret_next,0.0005597899566354835
20260520,cxl_life_med,ret_skip,0.0010881632100341126
20260520,flash_cxl_ratio,ret_next,-0.004200697042978108
20260520,flash_cxl_ratio,ret_skip,-0.0037276486106049404
20260520,flash_cxl_imb,ret_next,0.021389697404023415
20260520,flash_cxl_imb,ret_skip,0.0014512663112327625
20260520,mean_size,ret_next,0.0007179914839912344
20260520,mean_size,ret_skip,-0.0024380991908048246
20260521,trd_imb,ret_next,-0.032583679916435626
20260521,trd_imb,ret_skip,-0.011741192618295745
20260521,eat_age_imb,ret_next,-0.05401095319489245
20260521,eat_age_imb,ret_skip,-0.02373338868065469
20260521,eat_age_med,ret_next,0.03224190641829712
20260521,eat_age_med,ret_skip,0.03437366973494944
20260521,old_eat_imb,ret_next,-0.05116538178969439
20260521,old_eat_imb,ret_skip,-0.01897366164126434
20260521,cxl_life_med,ret_next,0.020742521087631725
20260521,cxl_life_med,ret_skip,0.020058443424002977
20260521,flash_cxl_ratio,ret_next,-0.013695631177006309
20260521,flash_cxl_ratio,ret_skip,-0.013121726041779413
20260521,flash_cxl_imb,ret_next,0.02387164602192549
20260521,flash_cxl_imb,ret_skip,-0.0010591635593018745
20260521,mean_size,ret_next,0.024059999681892458
20260521,mean_size,ret_skip,0.018483896826320224
20260522,trd_imb,ret_next,-0.031204759221631746
20260522,trd_imb,ret_skip,-0.008057262991742363
20260522,eat_age_imb,ret_next,-0.045332853274952976
20260522,eat_age_imb,ret_skip,-0.023555127942322632
20260522,eat_age_med,ret_next,0.00677480221671095
20260522,eat_age_med,ret_skip,0.009841633099924491
20260522,old_eat_imb,ret_next,-0.045332871794075566
20260522,old_eat_imb,ret_skip,-0.014568608975403017
20260522,cxl_life_med,ret_next,0.0007757257485785187
20260522,cxl_life_med,ret_skip,0.006279561254580589
20260522,flash_cxl_ratio,ret_next,0.000355239014720872
20260522,flash_cxl_ratio,ret_skip,-0.005274292700406215
20260522,flash_cxl_imb,ret_next,0.02522939377726427
20260522,flash_cxl_imb,ret_skip,0.0018082537404722516
20260522,mean_size,ret_next,0.005197055141567683
20260522,mean_size,ret_skip,0.002065187736996669
20260525,trd_imb,ret_next,-0.03047825685141114
20260525,trd_imb,ret_skip,-0.011850335480567863
20260525,eat_age_imb,ret_next,-0.03462206403107724
20260525,eat_age_imb,ret_skip,-0.02434080039106335
20260525,eat_age_med,ret_next,0.013084101870436104
20260525,eat_age_med,ret_skip,0.013403903989181244
20260525,old_eat_imb,ret_next,-0.04125896061553895
20260525,old_eat_imb,ret_skip,-0.016365179970433887
20260525,cxl_life_med,ret_next,0.011215910005676009
20260525,cxl_life_med,ret_skip,0.008844897320070405
20260525,flash_cxl_ratio,ret_next,-0.0043062076257410885
20260525,flash_cxl_ratio,ret_skip,-0.004090153046885812
20260525,flash_cxl_imb,ret_next,0.02150781758916291
20260525,flash_cxl_imb,ret_skip,0.0014161486003579072
20260525,mean_size,ret_next,0.013139971335689157
20260525,mean_size,ret_skip,0.007686866887367679
20260526,trd_imb,ret_next,-0.02454583628192822
20260526,trd_imb,ret_skip,-0.010200088907078818
20260526,eat_age_imb,ret_next,-0.03866640514190487
20260526,eat_age_imb,ret_skip,-0.02066605517274852
20260526,eat_age_med,ret_next,0.012211100873391376
20260526,eat_age_med,ret_skip,0.012710357874369933
20260526,old_eat_imb,ret_next,-0.04048336129661917
20260526,old_eat_imb,ret_skip,-0.016116243984487782
20260526,cxl_life_med,ret_next,0.006134467003842176
20260526,cxl_life_med,ret_skip,0.008357170784958767
20260526,flash_cxl_ratio,ret_next,-0.001766226291848102
20260526,flash_cxl_ratio,ret_skip,-0.0031802195233650984
20260526,flash_cxl_imb,ret_next,0.02609722790561329
20260526,flash_cxl_imb,ret_skip,0.0029008987551745373
20260526,mean_size,ret_next,0.015084546557887912
20260526,mean_size,ret_skip,0.012395998571692391
20260527,trd_imb,ret_next,-0.02028278956689415
20260527,trd_imb,ret_skip,-0.0012734228264058465
20260527,eat_age_imb,ret_next,-0.03902616719422141
20260527,eat_age_imb,ret_skip,-0.018827667296259076
20260527,eat_age_med,ret_next,0.02010893713530814
20260527,eat_age_med,ret_skip,0.02068439916221714
20260527,old_eat_imb,ret_next,-0.03899278778046286
20260527,old_eat_imb,ret_skip,-0.009550418792418728
20260527,cxl_life_med,ret_next,0.0073136772696197686
20260527,cxl_life_med,ret_skip,0.007136555926395261
20260527,flash_cxl_ratio,ret_next,-0.006229197355137586
20260527,flash_cxl_ratio,ret_skip,-0.008216592001424303
20260527,flash_cxl_imb,ret_next,0.02711608317440477
20260527,flash_cxl_imb,ret_skip,0.011040325627146068
20260527,mean_size,ret_next,0.01783856998663955
20260527,mean_size,ret_skip,0.012628350254743204
20260528,trd_imb,ret_next,-0.02722451391353136
20260528,trd_imb,ret_skip,-0.007929792805366036
20260528,eat_age_imb,ret_next,-0.047508826813132454
20260528,eat_age_imb,ret_skip,-0.01961583218598289
20260528,eat_age_med,ret_next,0.0012177464703542352
20260528,eat_age_med,ret_skip,0.0024250810585663965
20260528,old_eat_imb,ret_next,-0.044132634378376195
20260528,old_eat_imb,ret_skip,-0.011315135968923149
20260528,cxl_life_med,ret_next,0.00010583981292442991
20260528,cxl_life_med,ret_skip,0.0010323003124567127
20260528,flash_cxl_ratio,ret_next,0.004230796771232074
20260528,flash_cxl_ratio,ret_skip,-0.002050907497753334
20260528,flash_cxl_imb,ret_next,0.026355865454968784
20260528,flash_cxl_imb,ret_skip,0.0013369323683793002
20260528,mean_size,ret_next,0.0062310094816319835
20260528,mean_size,ret_skip,0.0014911423504948324
20260529,trd_imb,ret_next,-0.022872419198981923
20260529,trd_imb,ret_skip,-0.009998492629393342
20260529,eat_age_imb,ret_next,-0.045250669243876565
20260529,eat_age_imb,ret_skip,-0.014573896476496907
20260529,eat_age_med,ret_next,0.02988203758066007
20260529,eat_age_med,ret_skip,0.027190933085997564
20260529,old_eat_imb,ret_next,-0.04484333888830181
20260529,old_eat_imb,ret_skip,-0.013376255064592302
20260529,cxl_life_med,ret_next,0.01910546941986236
20260529,cxl_life_med,ret_skip,0.019224182152238294
20260529,flash_cxl_ratio,ret_next,-0.012840166458486093
20260529,flash_cxl_ratio,ret_skip,-0.013867616007876645
20260529,flash_cxl_imb,ret_next,0.03172009598901515
20260529,flash_cxl_imb,ret_skip,0.006567815754293375
20260529,mean_size,ret_next,0.024781731733880583
20260529,mean_size,ret_skip,0.022409963967268208
20260601,trd_imb,ret_next,-0.024341065492255058
20260601,trd_imb,ret_skip,-0.007775962475740558
20260601,eat_age_imb,ret_next,-0.035998458362706424
20260601,eat_age_imb,ret_skip,-0.018389335121795324
20260601,eat_age_med,ret_next,0.038810151133463686
20260601,eat_age_med,ret_skip,0.040333106371491456
20260601,old_eat_imb,ret_next,-0.038735058227003245
20260601,old_eat_imb,ret_skip,-0.01251865966485876
20260601,cxl_life_med,ret_next,0.021978874863822433
20260601,cxl_life_med,ret_skip,0.02671267712667139
20260601,flash_cxl_ratio,ret_next,-0.014949712486394926
20260601,flash_cxl_ratio,ret_skip,-0.020568852965581204
20260601,flash_cxl_imb,ret_next,0.027458864216980343
20260601,flash_cxl_imb,ret_skip,0.005021412868676337
20260601,mean_size,ret_next,0.0292665764471678
20260601,mean_size,ret_skip,0.026825532193617288
20260602,trd_imb,ret_next,-0.03610430292548636
20260602,trd_imb,ret_skip,-0.007666486237598058
20260602,eat_age_imb,ret_next,-0.04466534695530343
20260602,eat_age_imb,ret_skip,-0.019481633501096746
20260602,eat_age_med,ret_next,0.010249060037338201
20260602,eat_age_med,ret_skip,0.008931492051981635
20260602,old_eat_imb,ret_next,-0.051373152254648474
20260602,old_eat_imb,ret_skip,-0.014656158588939159
20260602,cxl_life_med,ret_next,0.006526673197197625
20260602,cxl_life_med,ret_skip,0.006524094781027322
20260602,flash_cxl_ratio,ret_next,-0.0009663048420705724
20260602,flash_cxl_ratio,ret_skip,-0.00021562746789178903
20260602,flash_cxl_imb,ret_next,0.020741961544508653
20260602,flash_cxl_imb,ret_skip,0.0027996345819348333
20260602,mean_size,ret_next,0.010685039464585065
20260602,mean_size,ret_skip,0.005668972272857167
20260603,trd_imb,ret_next,-0.03369019596645334
20260603,trd_imb,ret_skip,-0.011875707823364676
20260603,eat_age_imb,ret_next,-0.04857092690327597
20260603,eat_age_imb,ret_skip,-0.0217016236825425
20260603,eat_age_med,ret_next,0.015785148184181565
20260603,eat_age_med,ret_skip,0.02008516034041311
20260603,old_eat_imb,ret_next,-0.05034631977942779
20260603,old_eat_imb,ret_skip,-0.0157688999482583
20260603,cxl_life_med,ret_next,0.006310040912265448
20260603,cxl_life_med,ret_skip,0.008916157558811614
20260603,flash_cxl_ratio,ret_next,-0.0033451942399190817
20260603,flash_cxl_ratio,ret_skip,-0.005725043261612072
20260603,flash_cxl_imb,ret_next,0.025946407490668674
20260603,flash_cxl_imb,ret_skip,-0.00034441917122820994
20260603,mean_size,ret_next,0.014696900680457715
20260603,mean_size,ret_skip,0.010050756610626484
20260604,trd_imb,ret_next,-0.040122598828200594
20260604,trd_imb,ret_skip,-0.010560107635606159
20260604,eat_age_imb,ret_next,-0.05521415029056891
20260604,eat_age_imb,ret_skip,-0.024302964317617227
20260604,eat_age_med,ret_next,0.00946860032508545
20260604,eat_age_med,ret_skip,0.008144970115840842
20260604,old_eat_imb,ret_next,-0.055161979973968746
20260604,old_eat_imb,ret_skip,-0.017305670778352582
20260604,cxl_life_med,ret_next,0.0015806137399587445
20260604,cxl_life_med,ret_skip,0.003493090984522237
20260604,flash_cxl_ratio,ret_next,0.0008802434945416433
20260604,flash_cxl_ratio,ret_skip,-0.004143659531930843
20260604,flash_cxl_imb,ret_next,0.021865344513648972
20260604,flash_cxl_imb,ret_skip,0.000996457656002421
20260604,mean_size,ret_next,0.00710127184969977
20260604,mean_size,ret_skip,0.0021951585856023166
20260605,trd_imb,ret_next,-0.02247230946081361
20260605,trd_imb,ret_skip,-0.0050349231620481095
20260605,eat_age_imb,ret_next,-0.042328407585515725
20260605,eat_age_imb,ret_skip,-0.018200247590315334
20260605,eat_age_med,ret_next,0.01242838571125413
20260605,eat_age_med,ret_skip,0.018353828928875524
20260605,old_eat_imb,ret_next,-0.0400147890480737
20260605,old_eat_imb,ret_skip,-0.013298219756354574
20260605,cxl_life_med,ret_next,-0.0039630554468647345
20260605,cxl_life_med,ret_skip,0.00018245074491342084
20260605,flash_cxl_ratio,ret_next,-0.00364320735150518
20260605,flash_cxl_ratio,ret_skip,-0.0074426388107911665
20260605,flash_cxl_imb,ret_next,0.03675284954928613
20260605,flash_cxl_imb,ret_skip,0.007658295433719556
20260605,mean_size,ret_next,0.005937471672282543
20260605,mean_size,ret_skip,0.003585773720132072
20260608,trd_imb,ret_next,-0.03300396233262192
20260608,trd_imb,ret_skip,-0.0181300820438132
20260608,eat_age_imb,ret_next,-0.06280984669899346
20260608,eat_age_imb,ret_skip,-0.021683343097767295
20260608,eat_age_med,ret_next,0.015121458500461862
20260608,eat_age_med,ret_skip,0.015300161174971927
20260608,old_eat_imb,ret_next,-0.05628693936009323
20260608,old_eat_imb,ret_skip,-0.021768663902888598
20260608,cxl_life_med,ret_next,0.0068795320500382685
20260608,cxl_life_med,ret_skip,0.008123073232581017
20260608,flash_cxl_ratio,ret_next,0.0038646560927509182
20260608,flash_cxl_ratio,ret_skip,-0.003044431086007685
20260608,flash_cxl_imb,ret_next,0.027702887950206787
20260608,flash_cxl_imb,ret_skip,-0.003417429530086185
20260608,mean_size,ret_next,0.017697213917400662
20260608,mean_size,ret_skip,0.010074713427981134
20260609,trd_imb,ret_next,-0.03384142396100143
20260609,trd_imb,ret_skip,-0.015055741481991125
20260609,eat_age_imb,ret_next,-0.04776229502647574
20260609,eat_age_imb,ret_skip,-0.027301287029069254
20260609,eat_age_med,ret_next,0.007584774808921704
20260609,eat_age_med,ret_skip,0.010570449830258725
20260609,old_eat_imb,ret_next,-0.04673984376034414
20260609,old_eat_imb,ret_skip,-0.02063823934567273
20260609,cxl_life_med,ret_next,-0.0029088354833159426
20260609,cxl_life_med,ret_skip,0.0043569598098779985
20260609,flash_cxl_ratio,ret_next,0.005033728171552474
20260609,flash_cxl_ratio,ret_skip,0.0010210135197126233
20260609,flash_cxl_imb,ret_next,0.026774647242503603
20260609,flash_cxl_imb,ret_skip,-0.0015432549013665218
20260609,mean_size,ret_next,0.00845211195119436
20260609,mean_size,ret_skip,0.004082031716857138
20260610,trd_imb,ret_next,-0.02796932510442617
20260610,trd_imb,ret_skip,-0.01459421555130296
20260610,eat_age_imb,ret_next,-0.05243153533969296
20260610,eat_age_imb,ret_skip,-0.028200243557194846
20260610,eat_age_med,ret_next,0.014228383803568011
20260610,eat_age_med,ret_skip,0.019422900847343813
20260610,old_eat_imb,ret_next,-0.046028501574719584
20260610,old_eat_imb,ret_skip,-0.021340378218956416
20260610,cxl_life_med,ret_next,0.005998861634731174
20260610,cxl_life_med,ret_skip,0.005753174188405308
20260610,flash_cxl_ratio,ret_next,-0.007214935709436196
20260610,flash_cxl_ratio,ret_skip,-0.006379624147163886
20260610,flash_cxl_imb,ret_next,0.03620393312671413
20260610,flash_cxl_imb,ret_skip,0.0012653483285697679
20260610,mean_size,ret_next,0.007713254818248392
20260610,mean_size,ret_skip,0.004409052000170022
20260611,trd_imb,ret_next,-0.03378010798355385
20260611,trd_imb,ret_skip,-0.011479397478813517
20260611,eat_age_imb,ret_next,-0.053120223552987365
20260611,eat_age_imb,ret_skip,-0.019748778757788812
20260611,eat_age_med,ret_next,0.011638174387566702
20260611,eat_age_med,ret_skip,0.010152569731650239
20260611,old_eat_imb,ret_next,-0.05216465109004401
20260611,old_eat_imb,ret_skip,-0.01679878609402234
20260611,cxl_life_med,ret_next,0.0064806160948516715
20260611,cxl_life_med,ret_skip,0.00511938574680936
20260611,flash_cxl_ratio,ret_next,-0.005031124618072226
20260611,flash_cxl_ratio,ret_skip,-0.005188796090240298
20260611,flash_cxl_imb,ret_next,0.03393422360018559
20260611,flash_cxl_imb,ret_skip,0.0016148316164133895
20260611,mean_size,ret_next,0.008572974780416031
20260611,mean_size,ret_skip,0.0022811075030246502
20260612,trd_imb,ret_next,-0.028386860774199576
20260612,trd_imb,ret_skip,-0.016223483373521058
20260612,eat_age_imb,ret_next,-0.040928477676245335
20260612,eat_age_imb,ret_skip,-0.024582775082846293
20260612,eat_age_med,ret_next,0.027696333013770422
20260612,eat_age_med,ret_skip,0.030256989603650388
20260612,old_eat_imb,ret_next,-0.04141395734299979
20260612,old_eat_imb,ret_skip,-0.02277807728195123
20260612,cxl_life_med,ret_next,0.01509650858311284
20260612,cxl_life_med,ret_skip,0.019853193564798238
20260612,flash_cxl_ratio,ret_next,-0.01240025566688662
20260612,flash_cxl_ratio,ret_skip,-0.014750141084917963
20260612,flash_cxl_imb,ret_next,0.036599247632542006
20260612,flash_cxl_imb,ret_skip,0.0008021014803972446
20260612,mean_size,ret_next,0.01908190848234505
20260612,mean_size,ret_skip,0.019163562638709525
20260615,trd_imb,ret_next,-0.039338981437875925
20260615,trd_imb,ret_skip,-0.017605635742172124
20260615,eat_age_imb,ret_next,-0.04549810485142341
20260615,eat_age_imb,ret_skip,-0.02802981423552488
20260615,eat_age_med,ret_next,-0.0017485076193010146
20260615,eat_age_med,ret_skip,-0.0011620462334908962
20260615,old_eat_imb,ret_next,-0.05259278311181182
20260615,old_eat_imb,ret_skip,-0.021912356846159997
20260615,cxl_life_med,ret_next,0.002897990792565725
20260615,cxl_life_med,ret_skip,0.003780446080701041
20260615,flash_cxl_ratio,ret_next,-6.993111988662104e-06
20260615,flash_cxl_ratio,ret_skip,0.000667621784383854
20260615,flash_cxl_imb,ret_next,0.022301377778617227
20260615,flash_cxl_imb,ret_skip,-0.002465539041874198
20260615,mean_size,ret_next,0.0017197912565772376
20260615,mean_size,ret_skip,-0.003840781377205993
20260616,trd_imb,ret_next,-0.031359000584295686
20260616,trd_imb,ret_skip,-0.012896984269733163
20260616,eat_age_imb,ret_next,-0.04533309273399852
20260616,eat_age_imb,ret_skip,-0.026391118481059014
20260616,eat_age_med,ret_next,0.013410734421222564
20260616,eat_age_med,ret_skip,0.01411573833913783
20260616,old_eat_imb,ret_next,-0.0453212450238873
20260616,old_eat_imb,ret_skip,-0.017148730049733916
20260616,cxl_life_med,ret_next,0.005808146984596949
20260616,cxl_life_med,ret_skip,0.009772224803402781
20260616,flash_cxl_ratio,ret_next,-0.004709889161538135
20260616,flash_cxl_ratio,ret_skip,-0.01018527572297333
20260616,flash_cxl_imb,ret_next,0.03106824656087209
20260616,flash_cxl_imb,ret_skip,-0.0015540802578915954
20260616,mean_size,ret_next,0.006990151352618019
20260616,mean_size,ret_skip,0.003845096647649363
20260617,trd_imb,ret_next,-0.03549557810786316
20260617,trd_imb,ret_skip,-0.015185257575694926
20260617,eat_age_imb,ret_next,-0.04449875719925964
20260617,eat_age_imb,ret_skip,-0.026878846814418694
20260617,eat_age_med,ret_next,0.008217353976366432
20260617,eat_age_med,ret_skip,0.006584764187990999
20260617,old_eat_imb,ret_next,-0.04841056892420294
20260617,old_eat_imb,ret_skip,-0.020202217519676515
20260617,cxl_life_med,ret_next,0.005586566428122515
20260617,cxl_life_med,ret_skip,0.006728669449537602
20260617,flash_cxl_ratio,ret_next,-0.00015008872877380665
20260617,flash_cxl_ratio,ret_skip,-0.003450466275357855
20260617,flash_cxl_imb,ret_next,0.02401747998526186
20260617,flash_cxl_imb,ret_skip,-0.0005302679211848702
20260617,mean_size,ret_next,0.007131160248403248
20260617,mean_size,ret_skip,0.0006985323980028897
20260618,trd_imb,ret_next,-0.0371605963991762
20260618,trd_imb,ret_skip,-0.016198742846965004
20260618,eat_age_imb,ret_next,-0.04705919558563051
20260618,eat_age_imb,ret_skip,-0.030200032161925478
20260618,eat_age_med,ret_next,0.01346508882497306
20260618,eat_age_med,ret_skip,0.013920108972107858
20260618,old_eat_imb,ret_next,-0.05085714288312902
20260618,old_eat_imb,ret_skip,-0.0233233334435561
20260618,cxl_life_med,ret_next,0.005071650535088199
20260618,cxl_life_med,ret_skip,0.006305593081627669
20260618,flash_cxl_ratio,ret_next,-0.005818464177109238
20260618,flash_cxl_ratio,ret_skip,-0.007194924730921004
20260618,flash_cxl_imb,ret_next,0.028041072518563186
20260618,flash_cxl_imb,ret_skip,-0.0002469804882229917
20260618,mean_size,ret_next,0.004409237085588714
20260618,mean_size,ret_skip,-0.0009952268438894213
20260622,trd_imb,ret_next,-0.013048912287299607
20260622,trd_imb,ret_skip,-0.0033404245441285185
20260622,eat_age_imb,ret_next,-0.02946838115516165
20260622,eat_age_imb,ret_skip,-0.01480780881095993
20260622,eat_age_med,ret_next,0.006878332705608017
20260622,eat_age_med,ret_skip,0.013067883291473608
20260622,old_eat_imb,ret_next,-0.027933963587779293
20260622,old_eat_imb,ret_skip,-0.0047885432935971806
20260622,cxl_life_med,ret_next,0.0045636289574361565
20260622,cxl_life_med,ret_skip,0.007684807136582171
20260622,flash_cxl_ratio,ret_next,-0.0006519900690016512
20260622,flash_cxl_ratio,ret_skip,-0.006516521126457959
20260622,flash_cxl_imb,ret_next,0.03509989923616075
20260622,flash_cxl_imb,ret_skip,0.009986890352976117
20260622,mean_size,ret_next,0.012773626567756487
20260622,mean_size,ret_skip,0.008908483056731649
20260623,trd_imb,ret_next,-0.038960926831176336
20260623,trd_imb,ret_skip,-0.016956442665180087
20260623,eat_age_imb,ret_next,-0.04261175600568769
20260623,eat_age_imb,ret_skip,-0.031020183491468085
20260623,eat_age_med,ret_next,0.02712577698651663
20260623,eat_age_med,ret_skip,0.02571646521093837
20260623,old_eat_imb,ret_next,-0.053205800137457425
20260623,old_eat_imb,ret_skip,-0.02353924871959509
20260623,cxl_life_med,ret_next,0.010742188327943445
20260623,cxl_life_med,ret_skip,0.010518205744186528
20260623,flash_cxl_ratio,ret_next,-0.012336716560115682
20260623,flash_cxl_ratio,ret_skip,-0.01221773796233481
20260623,flash_cxl_imb,ret_next,0.025210449913907557
20260623,flash_cxl_imb,ret_skip,-0.0020035747477761883
20260623,mean_size,ret_next,0.012235296004642023
20260623,mean_size,ret_skip,0.008208420135316386
20260624,trd_imb,ret_next,-0.034738578870310975
20260624,trd_imb,ret_skip,-0.011400191290631136
20260624,eat_age_imb,ret_next,-0.05282996773241328
20260624,eat_age_imb,ret_skip,-0.023242740004475862
20260624,eat_age_med,ret_next,-0.0008160217366860527
20260624,eat_age_med,ret_skip,-0.002047884098235952
20260624,old_eat_imb,ret_next,-0.053466567628576246
20260624,old_eat_imb,ret_skip,-0.017306878113084182
20260624,cxl_life_med,ret_next,0.003205543360446443
20260624,cxl_life_med,ret_skip,0.0017921345921871163
20260624,flash_cxl_ratio,ret_next,0.0004795192456908862
20260624,flash_cxl_ratio,ret_skip,0.0012576171401606614
20260624,flash_cxl_imb,ret_next,0.016823165115461343
20260624,flash_cxl_imb,ret_skip,-0.003737449052695774
20260624,mean_size,ret_next,0.004548020624678995
20260624,mean_size,ret_skip,-0.001220768486088777
20260625,trd_imb,ret_next,-0.026711819344642552
20260625,trd_imb,ret_skip,-0.0052818788568321515
20260625,eat_age_imb,ret_next,-0.03922113775065142
20260625,eat_age_imb,ret_skip,-0.019880680747617098
20260625,eat_age_med,ret_next,0.012809769645997966
20260625,eat_age_med,ret_skip,0.00896372322935147
20260625,old_eat_imb,ret_next,-0.039857019617783485
20260625,old_eat_imb,ret_skip,-0.010614759246348415
20260625,cxl_life_med,ret_next,0.008505421768917292
20260625,cxl_life_med,ret_skip,0.010732081104992226
20260625,flash_cxl_ratio,ret_next,-0.004122269357934256
20260625,flash_cxl_ratio,ret_skip,-0.007189119621945747
20260625,flash_cxl_imb,ret_next,0.025929839403326244
20260625,flash_cxl_imb,ret_skip,0.008051302940385132
20260625,mean_size,ret_next,0.009946505174958077
20260625,mean_size,ret_skip,0.005280882026131824
20260626,trd_imb,ret_next,-0.024579049475792425
20260626,trd_imb,ret_skip,-0.010940029414076857
20260626,eat_age_imb,ret_next,-0.04003783984289592
20260626,eat_age_imb,ret_skip,-0.025829966534211993
20260626,eat_age_med,ret_next,0.017584525863613504
20260626,eat_age_med,ret_skip,0.021075577171983023
20260626,old_eat_imb,ret_next,-0.043330090322263946
20260626,old_eat_imb,ret_skip,-0.017327338999041514
20260626,cxl_life_med,ret_next,0.008752592291232921
20260626,cxl_life_med,ret_skip,0.011433508330001594
20260626,flash_cxl_ratio,ret_next,-0.007874956425969418
20260626,flash_cxl_ratio,ret_skip,-0.011110206933042724
20260626,flash_cxl_imb,ret_next,0.0335031128013054
20260626,flash_cxl_imb,ret_skip,0.004409126408707833
20260626,mean_size,ret_next,0.017474427144386035
20260626,mean_size,ret_skip,0.010679732008404299
20260629,trd_imb,ret_next,-0.026905901229664644
20260629,trd_imb,ret_skip,-0.0014789504798762183
20260629,eat_age_imb,ret_next,-0.03259862933950772
20260629,eat_age_imb,ret_skip,-0.009966741605470864
20260629,eat_age_med,ret_next,0.010645233982670161
20260629,eat_age_med,ret_skip,0.015734485055849935
20260629,old_eat_imb,ret_next,-0.042901658811414924
20260629,old_eat_imb,ret_skip,-0.0040347441322282
20260629,cxl_life_med,ret_next,0.004364499187874767
20260629,cxl_life_med,ret_skip,0.008468993563561756
20260629,flash_cxl_ratio,ret_next,-0.00206524499624055
20260629,flash_cxl_ratio,ret_skip,-0.007141487406501104
20260629,flash_cxl_imb,ret_next,0.025545739188516204
20260629,flash_cxl_imb,ret_skip,0.008171059096592175
20260629,mean_size,ret_next,0.01146489370492335
20260629,mean_size,ret_skip,0.006528295151830603
20260630,trd_imb,ret_next,-0.038841313447035807
20260630,trd_imb,ret_skip,-0.008615700397082413
20260630,eat_age_imb,ret_next,-0.04617934472287745
20260630,eat_age_imb,ret_skip,-0.02135199187747021
20260630,eat_age_med,ret_next,0.0007996865305940807
20260630,eat_age_med,ret_skip,0.0029465482215625585
20260630,old_eat_imb,ret_next,-0.05491401966084256
20260630,old_eat_imb,ret_skip,-0.013725715554121455
20260630,cxl_life_med,ret_next,-0.0010456632871346696
20260630,cxl_life_med,ret_skip,0.002847776048087607
20260630,flash_cxl_ratio,ret_next,-0.0012381148494956117
20260630,flash_cxl_ratio,ret_skip,-0.001491066963743681
20260630,flash_cxl_imb,ret_next,0.017687757006057285
20260630,flash_cxl_imb,ret_skip,0.000695455806093136
20260630,mean_size,ret_next,0.00204040299747119
20260630,mean_size,ret_skip,-0.0033315209681989005
20260701,trd_imb,ret_next,-0.0135307774612989
20260701,trd_imb,ret_skip,-0.0025067844589501667
20260701,eat_age_imb,ret_next,-0.02321714968488441
20260701,eat_age_imb,ret_skip,-0.01431222996131641
20260701,eat_age_med,ret_next,0.022440090233376137
20260701,eat_age_med,ret_skip,0.02790708720398064
20260701,old_eat_imb,ret_next,-0.025468596753982924
20260701,old_eat_imb,ret_skip,-0.006083393226210164
20260701,cxl_life_med,ret_next,0.009221957034608009
20260701,cxl_life_med,ret_skip,0.01229487448897818
20260701,flash_cxl_ratio,ret_next,-0.009918859138498898
20260701,flash_cxl_ratio,ret_skip,-0.014507766634777408
20260701,flash_cxl_imb,ret_next,0.03785100399428898
20260701,flash_cxl_imb,ret_skip,0.008025389526735462
20260701,mean_size,ret_next,0.01955630294501207
20260701,mean_size,ret_skip,0.015578919922506117
20260702,trd_imb,ret_next,-0.028222666328717103
20260702,trd_imb,ret_skip,-0.013621510921405922
20260702,eat_age_imb,ret_next,-0.04701025876569317
20260702,eat_age_imb,ret_skip,-0.022379438199328177
20260702,eat_age_med,ret_next,0.03284838778514451
20260702,eat_age_med,ret_skip,0.030168492035169373
20260702,old_eat_imb,ret_next,-0.047513243244042026
20260702,old_eat_imb,ret_skip,-0.019242456641320363
20260702,cxl_life_med,ret_next,0.017033866409396404
20260702,cxl_life_med,ret_skip,0.019827921170473523
20260702,flash_cxl_ratio,ret_next,-0.011272859223506132
20260702,flash_cxl_ratio,ret_skip,-0.015123875781913975
20260702,flash_cxl_imb,ret_next,0.021911317618518337
20260702,flash_cxl_imb,ret_skip,-0.0006690044904277978
20260702,mean_size,ret_next,0.02255736484375911
20260702,mean_size,ret_skip,0.015436440564687959
20260703,trd_imb,ret_next,-0.028800481848566498
20260703,trd_imb,ret_skip,-0.015985369696363983
20260703,eat_age_imb,ret_next,-0.04116088841668628
20260703,eat_age_imb,ret_skip,-0.02458151548776535
20260703,eat_age_med,ret_next,0.022191473984673176
20260703,eat_age_med,ret_skip,0.023201375708721578
20260703,old_eat_imb,ret_next,-0.04377255865953615
20260703,old_eat_imb,ret_skip,-0.02370952293319817
20260703,cxl_life_med,ret_next,0.013057243060087187
20260703,cxl_life_med,ret_skip,0.017430129326687773
20260703,flash_cxl_ratio,ret_next,-0.014158950583452004
20260703,flash_cxl_ratio,ret_skip,-0.016835877941830033
20260703,flash_cxl_imb,ret_next,0.025467130231555387
20260703,flash_cxl_imb,ret_skip,-0.004106815650281428
20260703,mean_size,ret_next,0.013419146391576965
20260703,mean_size,ret_skip,0.00808227380326722
20260706,trd_imb,ret_next,-0.02285156506002994
20260706,trd_imb,ret_skip,-0.01433851495432274
20260706,eat_age_imb,ret_next,-0.03853821450263429
20260706,eat_age_imb,ret_skip,-0.02853199588528705
20260706,eat_age_med,ret_next,0.023602010656950806
20260706,eat_age_med,ret_skip,0.027684813140338545
20260706,old_eat_imb,ret_next,-0.03985585527418823
20260706,old_eat_imb,ret_skip,-0.023615687407056392
20260706,cxl_life_med,ret_next,0.013258443573364448
20260706,cxl_life_med,ret_skip,0.01142649902968137
20260706,flash_cxl_ratio,ret_next,-0.011586578507748961
20260706,flash_cxl_ratio,ret_skip,-0.009154967838307857
20260706,flash_cxl_imb,ret_next,0.031095112426416088
20260706,flash_cxl_imb,ret_skip,-0.0024236370124030315
20260706,mean_size,ret_next,0.017403735295335156
20260706,mean_size,ret_skip,0.013287657679289244
20260707,trd_imb,ret_next,-0.0451620384365978
20260707,trd_imb,ret_skip,-0.025333489616735354
20260707,eat_age_imb,ret_next,-0.06845483601886053
20260707,eat_age_imb,ret_skip,-0.037105752735591246
20260707,eat_age_med,ret_next,0.02097889226600624
20260707,eat_age_med,ret_skip,0.02435733418501586
20260707,old_eat_imb,ret_next,-0.06699926806665264
20260707,old_eat_imb,ret_skip,-0.033173242043133766
20260707,cxl_life_med,ret_next,0.010254483379180486
20260707,cxl_life_med,ret_skip,0.011283449820403281
20260707,flash_cxl_ratio,ret_next,-0.00265561843149512
20260707,flash_cxl_ratio,ret_skip,-0.0054116908234046685
20260707,flash_cxl_imb,ret_next,0.020116116584685748
20260707,flash_cxl_imb,ret_skip,-0.008362868700604867
20260707,mean_size,ret_next,0.021340823053259093
20260707,mean_size,ret_skip,0.014950750671195322
20260708,trd_imb,ret_next,-0.04075821497777562
20260708,trd_imb,ret_skip,-0.023677657332156286
20260708,eat_age_imb,ret_next,-0.05625386404735715
20260708,eat_age_imb,ret_skip,-0.034015275346178216
20260708,eat_age_med,ret_next,0.027658262513504315
20260708,eat_age_med,ret_skip,0.022352550697618566
20260708,old_eat_imb,ret_next,-0.05725453917681047
20260708,old_eat_imb,ret_skip,-0.031105742251374344
20260708,cxl_life_med,ret_next,0.01355148187300632
20260708,cxl_life_med,ret_skip,0.014428203585043592
20260708,flash_cxl_ratio,ret_next,-0.006979103751073796
20260708,flash_cxl_ratio,ret_skip,-0.007407448911979316
20260708,flash_cxl_imb,ret_next,0.028251856467844703
20260708,flash_cxl_imb,ret_skip,-0.00729830002533889
20260708,mean_size,ret_next,0.015803425989891796
20260708,mean_size,ret_skip,0.01352502990013575
20260709,trd_imb,ret_next,-0.03347062683472486
20260709,trd_imb,ret_skip,-0.012509345420871086
20260709,eat_age_imb,ret_next,-0.060811035783678254
20260709,eat_age_imb,ret_skip,-0.024263428414394037
20260709,eat_age_med,ret_next,-0.0029190307616955035
20260709,eat_age_med,ret_skip,-0.0025378361542056104
20260709,old_eat_imb,ret_next,-0.05737034777422532
20260709,old_eat_imb,ret_skip,-0.021350133645568075
20260709,cxl_life_med,ret_next,-0.00226597711809662
20260709,cxl_life_med,ret_skip,-0.0016749734982160116
20260709,flash_cxl_ratio,ret_next,0.005006086299166866
20260709,flash_cxl_ratio,ret_skip,0.006404222940104541
20260709,flash_cxl_imb,ret_next,0.02098420807567281
20260709,flash_cxl_imb,ret_skip,-0.004045852610385145
20260709,mean_size,ret_next,0.002285712810362357
20260709,mean_size,ret_skip,-0.003063746815875487
20260710,trd_imb,ret_next,-0.035032688435625216
20260710,trd_imb,ret_skip,-0.010119640191208118
20260710,eat_age_imb,ret_next,-0.04878478503224173
20260710,eat_age_imb,ret_skip,-0.01753918153332141
20260710,eat_age_med,ret_next,0.03411257642886613
20260710,eat_age_med,ret_skip,0.03607331371412121
20260710,old_eat_imb,ret_next,-0.04968562898042576
20260710,old_eat_imb,ret_skip,-0.013482146306476896
20260710,cxl_life_med,ret_next,0.020372530136930404
20260710,cxl_life_med,ret_skip,0.02301938027204649
20260710,flash_cxl_ratio,ret_next,-0.01606701066423993
20260710,flash_cxl_ratio,ret_skip,-0.016081226284817736
20260710,flash_cxl_imb,ret_next,0.030815803976173506
20260710,flash_cxl_imb,ret_skip,0.008241418390190998
20260710,mean_size,ret_next,0.02694394533843975
20260710,mean_size,ret_skip,0.024434164080825542
