date,sym,side,plan,vwap_twap,fill_twap,vwap_rand,fill_rand,vwap_sig,fill_sig
20260105,002131,1,164200,6.097034104750304,164200.0,6.095438489646773,164200.0,6.09516443361754,164200.0
20260105,002050,2,17900,55.66486368715084,17900.0,55.70256983240223,17900.0,55.75268156424581,17900.0
20260105,000592,1,64000,15.634345000000001,64000.0,15.624018281249999,64000.0,15.623780625,64000.0
20260105,300058,2,82500,12.112495999999998,82500.0,12.109792,82500.0,12.120268242424244,82500.0
20260105,000547,1,30300,32.87026402640264,30300.0,32.8408297029703,30300.0,32.83138514851485,30300.0
20260105,000559,2,59900,16.663355592654423,59900.0,16.680866777963274,59900.0,16.68372587646077,59900.0
20260105,002639,1,51000,19.600786666666664,51000.0,19.591923921568625,51000.0,19.59221450980392,51000.0
20260105,002471,2,134400,7.436384047619047,134400.0,7.444226517857143,134400.0,7.430178921130953,134400.0
20260105,002709,1,21400,46.68075280373832,21400.0,46.688317757009344,21400.0,46.644717757009346,21400.0
20260105,002202,2,44500,22.42570786516854,44500.0,22.428629213483145,44500.0,22.41627146067416,44500.0
20260105,002703,1,44600,22.21953677130045,44600.0,22.23049529147982,44600.0,22.160623094170404,44600.0
20260105,002759,2,21800,45.60155733944954,21800.0,45.64288899082569,21800.0,45.72834770642202,21800.0
20260105,300136,1,15100,66.16900662251656,15100.0,66.16516291390728,15100.0,66.11954370860926,15100.0
20260105,002407,2,29600,33.60814054054054,29600.0,33.59368344594595,29600.0,33.66077432432433,29600.0
20260105,002361,1,73400,13.62520544959128,73400.0,13.611745640326976,73400.0,13.593118937329699,73400.0
20260105,300059,2,42600,23.462840375586854,42600.0,23.481337089201876,42600.0,23.4710103286385,42600.0
20260105,002565,1,57900,17.233801208981003,57900.0,17.238082728842834,57900.0,17.23065233160622,57900.0
20260105,002465,2,61000,16.439725409836065,61000.0,16.452198524590163,61000.0,16.446542459016392,61000.0
20260105,002149,1,21700,45.87005023041475,21700.0,45.830782949308755,21700.0,45.85861612903226,21700.0
20260105,300433,2,30600,32.63107712418301,30600.0,32.633792810457514,30600.0,32.60566307189543,30600.0
20260105,002475,1,16900,59.009939644970416,16900.0,59.023668639053255,16900.0,59.027216568047336,16900.0
20260105,000630,2,173900,5.7373145485911445,173900.0,5.7379413456009205,173900.0,5.736428982173663,173900.0
20260105,300475,1,6300,157.77873015873016,6300.0,157.777126984127,6300.0,158.00698412698412,6300.0
20260105,002792,2,22400,44.63597098214286,22400.0,44.608066071428574,22400.0,44.62409553571428,22400.0
20260105,002600,1,62700,15.94472216905901,62700.0,15.947478468899522,62700.0,15.94346028708134,62700.0
20260105,300346,2,22300,44.75049775784754,22300.0,44.7297269058296,22300.0,44.745382511210764,22300.0
20260105,002837,1,9300,106.72109677419354,9300.0,106.77451612903226,9300.0,106.60529032258064,9300.0
20260105,300762,2,22800,43.96083377192983,22800.0,43.94789210526316,22800.0,43.87513421052632,22800.0
20260105,002716,1,133500,7.504449438202247,133500.0,7.5024419475655435,133500.0,7.4942770786516855,133500.0
20260105,300236,2,13800,72.29079710144927,13800.0,72.1519579710145,13800.0,72.21840724637681,13800.0
20260105,300170,1,50800,19.678583267716537,50800.0,19.669489173228346,50800.0,19.68578779527559,50800.0
20260105,300115,2,22100,45.210906787330316,22100.0,45.20149185520362,22100.0,45.2448850678733,22100.0
20260105,002230,1,19100,52.39523560209424,19100.0,52.4143445026178,19100.0,52.36848219895288,19100.0
20260105,002347,2,76000,13.200473552631578,76000.0,13.210786447368422,76000.0,13.195994999999998,76000.0
20260105,002463,1,13400,74.05514925373134,13400.0,74.08492313432835,13400.0,74.12806268656716,13400.0
20260105,002009,2,45400,22.014006607929513,45400.0,22.019846696035245,45400.0,22.01598964757709,45400.0
20260105,002151,1,21200,47.12490896226415,21200.0,47.108351886792455,21200.0,47.12169811320755,21200.0
20260105,000426,2,26500,37.78294113207547,26500.0,37.80287056603774,26500.0,37.83045433962264,26500.0
20260105,301171,1,25100,39.71549721115538,25100.0,39.67529760956175,25100.0,39.68003824701195,25100.0
20260105,300102,2,37700,26.47482652519894,37700.0,26.496845623342175,37700.0,26.462546419098143,37700.0
20260105,002083,1,78200,12.750411538461538,67600.0,12.755446153846155,68900.0,12.755650384024577,65100.0
20260105,002115,2,77100,12.96469701686122,77100.0,12.966678988326848,77100.0,12.975548249027238,77100.0
20260105,002602,1,54200,18.398723247232475,54200.0,18.403209409594094,54200.0,18.39175184501845,54200.0
20260105,000792,2,32800,30.448838414634142,32800.0,30.442285975609757,32800.0,30.4516125,32800.0
20260105,002788,1,48100,20.676122661122662,48100.0,20.718244074844076,48100.0,20.613978794178795,48100.0
20260105,002414,2,65400,15.284939449541286,65400.0,15.289924159021407,65400.0,15.291558562691131,65400.0
20260105,300450,1,19600,50.966123979591835,19600.0,50.99260102040816,19600.0,50.95576734693878,19600.0
20260105,300300,2,64800,15.389891358024691,64800.0,15.397931327160492,64800.0,15.40096913580247,64800.0
20260105,000021,1,37500,26.594589866666666,37500.0,26.5963184,37500.0,26.582185066666664,37500.0
20260105,002177,2,113600,8.791716602112677,113600.0,8.789533785211267,113600.0,8.799278397887324,113600.0
20260105,000063,1,26200,38.16126145038168,26200.0,38.156146564885496,26200.0,38.15339389312977,26200.0
20260105,001208,2,42500,23.520517411764704,42500.0,23.477457411764703,42500.0,23.50329152941176,42500.0
20260105,000036,1,164200,6.125401887941535,164200.0,6.131406918392205,164200.0,6.12291724725944,164200.0
20260105,300503,2,16300,60.94613496932515,16300.0,60.93944601226995,16300.0,61.013427607361955,16300.0
20260105,002272,1,60200,16.64088023255814,60200.0,16.649868272425252,60200.0,16.64362242524917,60200.0
20260105,002240,2,28900,34.43813287197232,28900.0,34.46844394463668,28900.0,34.41660726643598,28900.0
20260105,002196,1,66200,15.116175830815711,66200.0,15.111480966767372,66200.0,15.116252870090635,66200.0
20260105,300003,2,54800,18.242910583941605,54800.0,18.2593450729927,54800.0,18.27473686131387,54800.0
20260105,300274,1,5700,173.63964912280701,5700.0,173.6340350877193,5700.0,173.66664912280703,5700.0
20260105,002241,2,34100,29.32592609970675,34100.0,29.321318475073312,34100.0,29.34821759530792,34100.0
20260113,002202,1,30100,33.22923588039867,30100.0,33.24528305647841,30100.0,33.21810797342193,30100.0
20260113,002195,2,82300,12.140413365735116,82300.0,12.134654191980559,82300.0,12.142357958687729,82300.0
20260113,300058,1,45400,21.841408810572688,45400.0,21.837798017621147,45400.0,21.763744713656386,45400.0
20260113,002413,2,55000,18.069235636363636,55000.0,18.043602000000003,55000.0,18.053074181818182,55000.0
20260113,000981,1,191500,5.228987154046997,191500.0,5.224741321148825,191500.0,5.220710083550913,191500.0
20260113,002050,2,17100,58.40140701754386,17100.0,58.37537953216374,17100.0,58.43432456140351,17100.0
20260113,300059,1,39700,25.139925944584384,39700.0,25.128663979848866,39700.0,25.12531813602015,39700.0
20260113,002600,2,56800,17.5867786971831,56800.0,17.58477147887324,56800.0,17.608046126760563,56800.0
20260113,002519,1,93900,10.618105750798723,93900.0,10.616867412140575,93900.0,10.58111544195953,93900.0
20260113,300433,2,24900,40.22211927710843,24900.0,40.21172771084338,24900.0,40.19775140562249,24900.0
20260113,300442,1,11700,84.75379180243526,11662.0,84.76521367521367,11700.0,84.7449161044802,11562.0
20260113,300418,2,14900,66.7628187919463,14900.0,66.73221812080537,14900.0,66.82087382550336,14900.0
20260113,002639,1,35400,28.14034293785311,35400.0,28.137515819209042,35400.0,28.07739604519774,35400.0
20260113,301171,2,13600,73.0614705882353,13600.0,73.07794191176471,13600.0,73.10323308823529,13600.0
20260113,300409,1,28200,35.40655886524823,28200.0,35.38673758865248,28200.0,35.42762624113475,28200.0
20260113,002792,2,16000,62.44424875,16000.0,62.402626250000004,16000.0,62.498685625,16000.0
20260113,000559,1,50400,19.8716001984127,50400.0,19.855092063492062,50400.0,19.83128214285714,50400.0
20260113,300253,2,69200,14.447361416184973,69200.0,14.439184826589596,69200.0,14.452329768786127,69200.0
20260113,300136,1,13300,74.96962406015038,13300.0,74.8724060150376,13300.0,74.78405413533834,13300.0
20260113,000592,2,62900,15.90953895071542,62900.0,15.919220985691574,62900.0,15.915262321144674,62900.0
20260113,002230,1,16100,62.09093043478261,16100.0,62.11291925465839,16100.0,62.066832298136646,16100.0
20260113,002361,2,63500,15.699858267716536,63500.0,15.696283622047245,63500.0,15.702410078740158,63500.0
20260113,000063,1,24200,41.305497520661156,24200.0,41.30252148760331,24200.0,41.29909214876033,24200.0
20260113,002475,2,18000,55.42744333333333,18000.0,55.42755888888889,18000.0,55.406887777777776,18000.0
20260113,000969,1,35300,28.387367422096318,35300.0,28.400053824362608,35300.0,28.337108781869688,35300.0
20260113,300015,2,83400,11.981607194244605,83400.0,11.979782973621104,83400.0,11.989782973621104,83400.0
20260113,300170,1,32200,31.109257142857146,32200.0,31.09605155279503,32200.0,31.076647204968946,32200.0
20260113,002460,2,14200,70.20430985915493,14200.0,70.25705774647888,14200.0,70.32574647887324,14200.0
20260113,002173,1,27900,35.671115053763444,27900.0,35.66885806451614,27900.0,35.65480358422939,27900.0
20260113,002512,2,127000,7.880141771653543,127000.0,7.8869920629921255,127000.0,7.885409354330709,127000.0
20260113,000987,1,88700,11.216422096956032,88700.0,11.18840428410372,88700.0,11.217044532130778,88700.0
20260113,000547,2,27700,35.28,27700.0,35.28,27700.0,35.28,27700.0
20260113,002347,1,74000,13.550553513513512,74000.0,13.528319189189189,74000.0,13.570098108108109,74000.0
20260113,300450,2,17500,57.03988685714286,17500.0,57.01565542857143,17500.0,57.011314285714285,17500.0
20260113,002402,1,24400,40.95737704918033,24400.0,40.947418032786885,24400.0,40.95537008196722,24400.0
20260113,002471,2,118300,8.44687235841082,118300.0,8.453829399830939,118300.0,8.450735697379544,118300.0
20260113,002241,1,33500,29.831852537313434,33500.0,29.836358208955225,33500.0,29.854835522388058,33500.0
20260113,002759,2,22300,44.646495515695065,22300.0,44.66796726457399,22300.0,44.644118834080714,22300.0
20260113,300102,1,28100,35.5853384341637,28100.0,35.58900640569395,28100.0,35.556582918149466,28100.0
20260113,300115,2,22200,45.08495315315315,22200.0,45.0330581081081,22200.0,45.0413972972973,22200.0
20260113,002163,1,51900,19.251694412331407,51900.0,19.247781502890174,51900.0,19.251752793834296,51900.0
20260113,300456,2,16900,59.10974792899408,16900.0,59.0465650887574,16900.0,59.10022071005917,16900.0
20260113,002342,1,78100,12.785479897567221,78100.0,12.78881024327785,78100.0,12.760808322663252,78100.0
20260113,300274,2,6100,163.673868852459,6100.0,163.62109836065574,6100.0,163.6738524590164,6100.0
20260113,002716,1,111200,8.964253705035972,111200.0,8.97523376798561,111200.0,8.969855539568345,111200.0
20260113,002837,2,9900,100.27274848484848,9900.0,100.20474848484848,9900.0,100.13595959595959,9900.0
20260113,000988,1,12100,82.44743140495868,12100.0,82.38337851239669,12100.0,82.44982727272726,12100.0
20260113,000792,2,29600,33.67608074324324,29600.0,33.67469358108108,29600.0,33.68284189189189,29600.0
20260113,300118,1,57300,17.53092617801047,57300.0,17.534748516579405,57300.0,17.570033507853402,57300.0
20260113,300204,2,31300,31.830639616613418,31300.0,31.804983706070292,31300.0,31.830800958466455,31300.0
20260113,002463,1,14200,70.4480985915493,14200.0,70.42070563380283,14200.0,70.4385971830986,14200.0
20260113,300364,2,25200,39.55809603174603,25200.0,39.54980476190476,25200.0,39.63802301587302,25200.0
20260113,002466,1,15800,62.843924050632914,15800.0,62.87962405063291,15800.0,62.94962721518988,15800.0
20260113,002261,2,27800,35.943784532374096,27800.0,35.936411151079135,27800.0,35.94576438848921,27800.0
20260113,300346,1,17200,57.831019767441866,17200.0,57.79591569767442,17200.0,57.76933953488372,17200.0
20260113,300065,2,41100,24.293330413625302,41100.0,24.232577615571774,41100.0,24.36325790754258,41100.0
20260113,002602,1,49800,20.101463052208835,49800.0,20.10473674698795,49800.0,20.1190859437751,49800.0
20260113,002555,2,32800,30.399126829268294,32800.0,30.36650548780488,32800.0,30.42846402439024,32800.0
20260113,002156,1,24300,41.21555514403292,24300.0,41.25230288065843,24300.0,41.19238148148148,24300.0
20260113,300383,2,63300,15.799475197472354,63300.0,15.794198262243286,63300.0,15.812997314375988,63300.0
20260121,300058,1,54600,18.089598351648352,54600.0,18.08727106227106,54600.0,17.98472197802198,54600.0
20260121,002195,2,104600,9.569282868068834,104600.0,9.564770439770555,104600.0,9.586826003824092,104600.0
20260121,300136,1,13300,75.36751503759398,13300.0,75.43556090225563,13300.0,75.29052781954887,13300.0
20260121,002050,2,17100,58.32789122807017,17100.0,58.318419298245615,17100.0,58.45134619883041,17100.0
20260121,000981,1,193700,5.165616933402168,193700.0,5.166695921528136,193700.0,5.163159525038719,193700.0
20260121,301171,2,16700,59.357065868263476,16700.0,59.441794610778445,16700.0,59.293950299401196,16700.0
20260121,002044,1,129700,7.677725543562065,129700.0,7.690771171935236,129700.0,7.660902058596761,129700.0
20260121,000021,2,30300,32.8850198019802,30300.0,32.86868316831683,30300.0,32.93116369636964,30300.0
20260121,002202,1,38300,26.06321305483029,38300.0,26.059399738903394,38300.0,26.05600496083551,38300.0
20260121,000559,2,49800,20.077450200803213,49800.0,20.07558353413655,49800.0,20.086205220883535,49800.0
20260121,002185,1,73900,13.507550744248984,73900.0,13.51433193504736,73900.0,13.500433152909338,73900.0
20260121,000547,2,37600,26.5419960106383,37600.0,26.54005159574468,37600.0,26.530343617021277,37600.0
20260121,002465,1,56700,17.59322733686067,56700.0,17.59242962962963,56700.0,17.604428571428574,56700.0
20260121,002400,2,90700,10.978391289966924,90700.0,10.98728643880926,90700.0,11.004488423373761,90700.0
20260121,002413,1,76200,13.119475065616799,76200.0,13.123897637795276,76200.0,13.117437270341206,76200.0
20260121,300170,2,37000,26.84364864864865,37000.0,26.87827027027027,37000.0,26.873864864864863,37000.0
20260121,300063,1,72400,13.694185082872929,72400.0,13.697281906077347,72400.0,13.593602209944752,72400.0
20260121,002181,2,88100,11.397811577752554,88100.0,11.417700681044268,88100.0,11.444235981838819,88100.0
20260121,300766,1,22300,44.69914170403588,22300.0,44.73027085201794,22300.0,44.67681793721973,22300.0
20260121,300830,2,69300,14.383073015873014,69300.0,14.379754112554112,69300.0,14.386722655122655,69300.0
20260121,000592,1,101100,9.91257175074184,101100.0,9.907744460929772,101100.0,9.913253926805142,101100.0
20260121,300253,2,83300,11.946480792316926,83300.0,11.93861968787515,83300.0,11.937493397358944,83300.0
20260121,002131,1,106800,9.36,106800.0,9.36,106800.0,9.36,106800.0
20260121,002759,2,23900,41.77569707112971,23900.0,41.782971129707114,23900.0,41.77494058577406,23900.0
20260121,000630,1,164200,6.101138855054812,164200.0,6.101010962241169,164200.0,6.1005481120584655,164200.0
20260121,002156,2,17800,55.842359550561795,17800.0,55.817022471910114,17800.0,55.5614606741573,17800.0
20260121,002463,1,13600,73.35,13600.0,73.29661470588235,13600.0,73.30338676470589,13600.0
20260121,300450,2,16900,58.72327455621301,16900.0,58.757001775147934,16900.0,58.7343976331361,16900.0
20260121,300342,1,19300,51.79828808290156,19300.0,51.73523834196891,19300.0,51.76984870466322,19300.0
20260121,000657,2,24400,40.86807213114754,24400.0,40.87036967213115,24400.0,40.834013934426224,24400.0
20260121,300442,1,13100,75.64076335877863,13100.0,75.73374045801526,13100.0,75.53396946564885,13100.0
20260121,002546,2,98500,10.127320000000001,98500.0,10.124263959390863,98500.0,10.129968324873097,98500.0
20260121,300244,1,36500,27.275897808219177,36500.0,27.280109315068493,36500.0,27.31583890410959,36500.0
20260121,002460,2,14200,70.20154929577465,14200.0,70.21838169014084,14200.0,70.20014084507042,14200.0
20260121,002165,1,105900,9.454116638338053,105900.0,9.454503956562794,105900.0,9.446883984891407,105900.0
20260121,000338,2,45400,21.9123359030837,45400.0,21.920047136563877,45400.0,21.915594273127752,45400.0
20260121,300418,1,18500,53.94178162162162,18500.0,53.93443135135135,18500.0,53.95216162162162,18500.0
20260121,000063,2,25500,39.03780117647059,25500.0,39.02599843137255,25500.0,39.05858509803922,25500.0
20260121,002415,1,31100,32.10208713826367,31100.0,32.10720610932476,31100.0,32.09324340836013,31100.0
20260121,002230,2,16900,58.88360946745562,16900.0,58.91893431952663,16900.0,58.886210059171596,16900.0
20260121,002361,1,85100,11.681854524089307,85100.0,11.686169800235017,85100.0,11.664545945945946,85100.0
20260121,000792,2,28600,34.89674755244755,28600.0,34.90282972027972,28600.0,34.89905874125874,28600.0
20260121,000681,1,36400,27.29727912087912,36400.0,27.335468131868133,36400.0,27.28646126373626,36400.0
20260121,300390,2,19100,52.30240680628272,19100.0,52.27355811518324,19100.0,52.32434293193717,19100.0
20260121,300226,1,30300,32.37392772277228,30300.0,32.530099669967,30300.0,32.906668316831684,30300.0
20260121,002115,2,73200,13.57560382513661,73200.0,13.583023907103826,73200.0,13.623309562841529,73200.0
20260121,002885,1,33400,29.93119610778443,33400.0,29.943983532934134,33400.0,29.950985928143712,33400.0
20260121,002049,2,11400,86.91745614035088,11400.0,86.91859649122807,11400.0,86.92175701754387,11400.0
20260121,002639,1,47600,20.96401260504202,47600.0,20.963004201680672,47600.0,20.951533613445378,47600.0
20260121,002236,2,48000,20.74796,48000.0,20.737145833333333,48000.0,20.758873333333334,48000.0
20260121,000768,1,32700,30.575903058103975,32700.0,30.556573394495413,32700.0,30.562626911314986,32700.0
20260121,002792,2,21700,45.954189400921656,21700.0,45.94663963133641,21700.0,46.014841013824885,21700.0
20260121,300274,1,6100,163.40344262295082,6100.0,163.40229508196722,6100.0,163.41324590163936,6100.0
20260121,002378,2,49200,20.262419918699187,49200.0,20.27522256097561,49200.0,20.256038414634148,49200.0
20260121,002555,1,36200,27.63873093922652,36200.0,27.640553038674035,36200.0,27.634005524861877,36200.0
20260121,002358,2,130300,7.632962425172678,130300.0,7.636047766692249,130300.0,7.63653871066769,130300.0
20260121,002837,1,10100,98.93237326732672,10100.0,98.92861386138614,10100.0,98.94881782178219,10100.0
20260121,002475,2,17300,57.68739768786127,17300.0,57.6905225433526,17300.0,57.688265317919075,17300.0
20260121,002407,1,31800,31.36584937106918,31800.0,31.36195,31800.0,31.363051886792455,31800.0
20260121,002716,2,73300,13.634542974079126,73300.0,13.636343792633015,73300.0,13.628349249658935,73300.0
20260129,002716,1,50000,19.8067396,50000.0,19.834277999999998,50000.0,19.7352612,50000.0
20260129,300058,2,42100,23.74008218527316,42100.0,23.715184560570073,42100.0,23.70433111638955,42100.0
20260129,000630,1,116600,8.57053180960549,116600.0,8.547564511149227,116600.0,8.558413996569467,116600.0
20260129,002131,2,106700,9.353467516401125,106700.0,9.359334629803186,106700.0,9.354592164948453,106700.0
20260129,002195,1,97500,10.258644512820512,97500.0,10.256153846153847,97500.0,10.264430051282051,97500.0
20260129,002202,2,35500,28.130648450704225,35500.0,28.13549295774648,35500.0,28.13267408450704,35500.0
20260129,300418,1,16900,59.03420236686391,16900.0,59.0226,16900.0,58.997216568047335,16900.0
20260129,002156,2,18800,53.06042606382979,18800.0,53.054205851063834,18800.0,53.06723776595745,18800.0
20260129,002185,1,64800,15.443499537037038,64800.0,15.426572839506173,64800.0,15.440983950617284,64800.0
20260129,000657,2,20500,48.83965512195122,20500.0,48.86531512195122,20500.0,48.95345414634146,20500.0
20260129,000506,1,37300,26.83911528150134,37300.0,26.82399302949062,37300.0,26.70460455764075,37300.0
20260129,002050,2,19700,50.69812385786802,19700.0,50.7062461928934,19700.0,50.71040558375635,19700.0
20260129,300017,1,61200,16.36298104575163,61200.0,16.374978431372547,61200.0,16.340807679738564,61200.0
20260129,300170,2,34900,28.62198395415473,34900.0,28.60504670487106,34900.0,28.65018194842407,34900.0
20260129,002115,1,61900,16.176299353796445,61900.0,16.180289499192245,61900.0,16.16611760904685,61900.0
20260129,000426,2,14800,67.6631081081081,14800.0,67.67722972972973,14800.0,68.18932567567568,14800.0
20260129,000681,1,35400,28.18813418079096,35400.0,28.194434745762713,35400.0,28.158106214689266,35400.0
20260129,002400,2,77100,12.87371102464332,77100.0,12.874449805447473,77100.0,12.881269779507134,77100.0
20260129,300118,1,45600,21.874934649122807,45600.0,21.902721271929824,45600.0,21.88670986842105,45600.0
20260129,002342,2,68700,14.556127802037846,68700.0,14.570238719068415,68700.0,14.546024308588063,68700.0
20260129,000547,1,36600,27.31177650273224,36600.0,27.32734863387978,36600.0,27.30327650273224,36600.0
20260129,300364,2,29000,34.47137931034483,29000.0,34.46331,29000.0,34.48410689655173,29000.0
20260129,000751,1,138500,7.221956779783393,138500.0,7.224534303249097,138500.0,7.208555696750902,138500.0
20260129,002129,2,102500,9.761970595121952,102500.0,9.792458614634146,102500.0,9.771365863414633,102500.0
20260129,002044,1,133600,7.495329094311377,133600.0,7.495598952095809,133600.0,7.490659026946108,133600.0
20260129,301171,2,13800,72.39700869565218,13800.0,72.46917391304349,13800.0,72.34327536231883,13800.0
20260129,001337,1,14600,68.08794520547946,14600.0,68.03911095890412,14600.0,67.65253904109589,14600.0
20260129,002279,2,91300,10.916208105147865,91300.0,10.92094622124863,91300.0,10.943119058050383,91300.0
20260129,002361,1,79100,12.66238786346397,79100.0,12.65235625790139,79100.0,12.652793046776234,79100.0
20260129,300433,2,26100,38.378077011494256,26100.0,38.44164904214559,26100.0,38.41267011494253,26100.0
20260129,300442,1,12000,83.22933666666667,12000.0,83.06784083333334,12000.0,82.92134083333335,12000.0
20260129,000060,2,119400,8.383886097152429,119400.0,8.385695167504188,119400.0,8.412412336683417,119400.0
20260129,300063,1,60000,16.606783333333333,60000.0,16.598397666666667,60000.0,16.62235,60000.0
20260129,002130,2,35800,27.912232402234636,35800.0,27.909217318435754,35800.0,27.928291899441344,35800.0
20260129,300253,1,82800,12.08097391304348,82800.0,12.070908574879226,82800.0,12.07870736714976,82800.0
20260129,300274,2,6700,147.2823880597015,6700.0,147.39685074626865,6700.0,147.2821343283582,6700.0
20260129,000737,1,53500,18.683755514018692,53500.0,18.70917495327103,53500.0,18.63128710280374,53500.0
20260129,300139,2,13100,76.63793893129771,13100.0,76.5733534351145,13100.0,76.30610916030534,13100.0
20260129,300136,1,11900,83.42226890756302,11900.0,83.36260588235294,11900.0,83.39764957983193,11900.0
20260129,300459,2,185800,5.380753562970936,185800.0,5.38141573196986,185800.0,5.382319698600646,185800.0
20260129,002413,1,72200,13.836647645429363,72200.0,13.840594459833795,72200.0,13.82640138504155,72200.0
20260129,000603,2,15000,66.3476,15000.0,66.45587066666667,15000.0,66.63219733333334,15000.0
20260129,002181,1,84600,11.875200354609929,84600.0,11.924268085106384,84600.0,11.903983924349882,84600.0
20260129,002340,2,106700,9.361733833177132,106700.0,9.360234301780693,106700.0,9.361611996251172,106700.0
20260129,300738,1,41100,24.355477615571775,41100.0,24.375745255474456,41100.0,24.31072798053528,41100.0
20260129,002237,2,45500,22.006352967032967,45500.0,22.01268241758242,45500.0,22.041870989010988,45500.0
20260129,000878,1,37500,26.62615946666667,37500.0,26.659193600000002,37500.0,26.575465866666665,37500.0
20260129,300315,2,159700,6.249192229179712,159700.0,6.2541514777708205,159700.0,6.24716991233563,159700.0
20260129,300102,1,23600,42.28529745762712,23600.0,42.24771144067797,23600.0,42.306523305084745,23600.0
20260129,000592,2,92100,10.859152551574377,92100.0,10.858782410423453,92100.0,10.87554907709012,92100.0
20260129,002465,1,57100,17.538685288966725,57100.0,17.534520840630474,57100.0,17.516741681260946,57100.0
20260129,002475,2,19000,52.427104736842104,19000.0,52.43373578947368,19000.0,52.425685263157895,19000.0
20260129,002378,1,41400,24.07785,41400.0,24.079976328502415,41400.0,24.044951449275363,41400.0
20260129,000021,2,31500,31.750475238095238,31500.0,31.727809841269842,31500.0,31.74691968253968,31500.0
20260129,300316,1,21000,47.425716666666666,21000.0,47.43785714285714,21000.0,47.564188095238094,21000.0
20260129,300475,2,5800,171.17344827586206,5800.0,171.28513793103448,5800.0,171.14406896551725,5800.0
20260129,002842,1,36200,27.528311602209943,36200.0,27.49639143646409,36200.0,27.47149033149171,36200.0
20260129,002792,2,19900,50.075329145728645,19900.0,50.113768844221106,19900.0,49.996130653266334,19900.0
20260129,002173,1,33900,29.52743480825959,33900.0,29.51124041297935,33900.0,29.527376401179943,33900.0
20260129,300071,2,128000,7.795562601562501,128000.0,7.8055700703125,128000.0,7.8102501953125,128000.0
20260206,000547,1,32300,30.917678947368422,32300.0,30.920557275541796,32300.0,30.912972136222912,32300.0
20260206,002131,2,119900,8.370150125104253,119900.0,8.379357864887407,119900.0,8.391868323603003,119900.0
20260206,002716,1,76100,13.018802628120893,76100.0,13.039777660972405,76100.0,13.00046123521682,76100.0
20260206,002050,2,19800,50.5879797979798,19800.0,50.629142424242424,19800.0,50.674343434343434,19800.0
20260206,002165,1,74000,13.492662162162162,74000.0,13.492767162162162,74000.0,13.485728783783783,74000.0
20260206,300058,2,52200,19.199135249042147,52200.0,19.187241379310343,52200.0,19.23959808429119,52200.0
20260206,300017,1,56500,17.73396424778761,56500.0,17.732921061946904,56500.0,17.684637522123893,56500.0
20260206,000559,2,58600,17.110717747440273,58600.0,17.15177337883959,58600.0,17.133515358361773,58600.0
20260206,002155,1,29100,34.09625567010309,29100.0,34.08907113402062,29100.0,34.13301134020619,29100.0
20260206,002342,2,49700,20.093926559356138,49700.0,20.09148772635815,49700.0,20.10227203219316,49700.0
20260206,300418,1,18500,53.90859567567568,18500.0,53.95427189189189,18500.0,53.87697027027027,18500.0
20260206,002195,2,104600,9.597772638623328,104600.0,9.6053536042065,104600.0,9.62958912045889,104600.0
20260206,000630,1,138800,7.190158501440922,138800.0,7.1897334293948125,138800.0,7.187053314121037,138800.0
20260206,002407,2,33900,29.33489410029498,33900.0,29.3257209439528,33900.0,29.372658112094395,33900.0
20260206,002413,1,69700,14.335082352941175,69700.0,14.331409325681491,69700.0,14.32590975609756,69700.0
20260206,002759,2,25900,38.81092548262548,25900.0,38.79841544401544,25900.0,38.82054054054054,25900.0
20260206,002202,1,39100,25.53869590792839,39100.0,25.543479283887468,39100.0,25.537009462915602,39100.0
20260206,000592,2,84400,11.827547393364929,84400.0,11.8275009478673,84400.0,11.829619549763033,84400.0
20260206,300102,1,25400,39.31894015748032,25400.0,39.344215748031495,25400.0,39.255199999999995,25400.0
20260206,000657,2,21100,47.164073933649284,21100.0,47.15711184834124,21100.0,47.21398151658768,21100.0
20260206,300164,1,82100,12.084957612667479,82100.0,12.085578075517661,82100.0,12.12265761266748,82100.0
20260206,300136,2,12400,80.42096774193548,12400.0,80.41951935483871,12400.0,80.44822258064517,12400.0
20260206,002009,1,32800,30.355086363636367,24200.0,30.360357489878535,24700.0,30.36777339055794,23300.0
20260206,002709,2,24300,41.07333497942387,24300.0,41.06160740740741,24300.0,41.091068724279836,24300.0
20260206,000533,1,87000,11.478886666666666,87000.0,11.47165091954023,87000.0,11.462358045977012,87000.0
20260206,300139,2,16300,60.85809693251534,16300.0,60.87300245398772,16300.0,60.88356073619632,16300.0
20260206,002471,1,103800,9.61730733140655,103800.0,9.61787556840077,103800.0,9.605520240847783,103800.0
20260206,002463,2,14900,66.89114093959732,14900.0,66.91738187919464,14900.0,66.94288389261744,14900.0
20260206,002400,1,91100,11.02002228320527,91100.0,11.02325993413831,91100.0,11.042305159165752,91100.0
20260206,300444,2,63000,15.865316666666667,63000.0,15.863744444444443,63000.0,15.868219365079364,63000.0
20260206,002361,1,71100,14.058379324894515,71100.0,14.06154500703235,71100.0,14.035363150492264,71100.0
20260206,300065,2,35900,27.844821169916436,35900.0,27.84905626740947,35900.0,27.87437158774373,35900.0
20260206,002378,1,41300,24.15721598062954,41300.0,24.1804602905569,41300.0,24.120534140435836,41300.0
20260206,000426,2,20600,48.22825533980583,20600.0,48.24538737864078,20600.0,48.24596990291262,20600.0
20260206,002196,1,60500,16.480081157024795,60500.0,16.487187107438018,60500.0,16.45279388429752,60500.0
20260206,002149,2,18500,54.000050270270265,18500.0,53.967728648648645,18500.0,54.06508108108108,18500.0
20260206,002185,1,74300,13.496810228802154,74300.0,13.504522880215344,74300.0,13.493192193808884,74300.0
20260206,002498,2,167500,5.9643640835820895,167500.0,5.962250973134328,167500.0,5.966991271641791,167500.0
20260206,300115,1,25300,39.45294720812183,19700.0,39.47029264705882,20400.0,39.43527110091743,21800.0
20260206,002465,2,57200,17.483165559440558,57200.0,17.48450769230769,57200.0,17.472569405594406,57200.0
20260206,300118,1,44700,22.359793288590605,44700.0,22.356755928411637,44700.0,22.327093064876955,44700.0
20260206,002792,2,19800,50.45424545454546,19800.0,50.49197222222222,19800.0,50.48313181818182,19800.0
20260206,002163,1,61500,16.336033658536586,61500.0,16.33453512195122,61500.0,16.316874471544715,61500.0
20260206,300204,2,34400,28.984826162790696,34400.0,28.917847965116277,34400.0,28.996224418604655,34400.0
20260206,300170,1,41800,23.912534928229665,41800.0,23.92590909090909,41800.0,23.901553349282295,41800.0
20260206,000070,2,71300,13.979059747545582,71300.0,13.982238990182328,71300.0,13.982156661991585,71300.0
20260206,002129,1,95500,10.480250366492147,95500.0,10.479421780104712,95500.0,10.48007162303665,95500.0
20260206,002475,2,19500,51.29087076923077,19500.0,51.31102871794872,19500.0,51.334615897435896,19500.0
20260206,002460,1,15600,63.821984615384615,15600.0,63.8898032051282,15600.0,63.86383782051281,15600.0
20260206,002812,2,18300,54.545629508196726,18300.0,54.59842131147541,18300.0,54.620817486338794,18300.0
20260206,002230,1,18300,54.75781530054645,18300.0,54.77486120218579,18300.0,54.788471038251366,18300.0
20260206,300265,2,58200,17.165839003436428,58200.0,17.158693642611684,58200.0,17.165205841924397,58200.0
20260206,002837,1,10000,100.244291,10000.0,100.330978,10000.0,100.22178799999999,10000.0
20260206,002001,2,32900,30.37863130699088,32900.0,30.387992401215804,32900.0,30.386169300911853,32900.0
20260206,002218,1,142600,7.015539915848527,142600.0,7.0155119775596075,142600.0,7.014439109396914,142600.0
20260206,002639,2,47700,20.937964779874214,47700.0,20.94203396226415,47700.0,20.949098742138364,47700.0
20260206,002130,1,37000,27.027729729729728,37000.0,27.05540027027027,37000.0,27.10126945945946,37000.0
20260206,300014,2,15900,62.77968301886792,15900.0,62.77403018867925,15900.0,62.81427672955975,15900.0
20260206,300450,1,17300,57.78029132947977,17300.0,57.81797630057803,17300.0,57.72555202312139,17300.0
20260206,002044,2,146800,6.825149952316076,146800.0,6.813807697547683,146800.0,6.818944264305177,146800.0
20260224,002131,1,111100,9.00952306030603,111100.0,9.009468649864987,111100.0,9.005877353735373,111100.0
20260224,300058,2,53700,18.621951582867784,53700.0,18.620444134078213,53700.0,18.634895158286778,53700.0
20260224,000630,1,134000,7.476701492537313,134000.0,7.476164179104478,134000.0,7.472477611940299,134000.0
20260224,300017,2,48400,20.52811900826446,48400.0,20.54311384297521,48400.0,20.532833471074383,48400.0
20260224,000559,1,51800,19.27677528957529,51800.0,19.283453474903475,51800.0,19.276409073359073,51800.0
20260224,002202,2,37800,26.419103174603176,37800.0,26.416902645502645,37800.0,26.432907142857147,37800.0
20260224,300008,1,103100,9.651231910766246,103100.0,9.660009544131912,103100.0,9.654568525703201,103100.0
20260224,002195,2,98400,10.14616930894309,98400.0,10.146696849593496,98400.0,10.146534552845528,98400.0
20260224,002342,1,64000,15.604686718750001,64000.0,15.60042203125,64000.0,15.611418906249998,64000.0
20260224,002050,2,18900,52.74111322751323,18900.0,52.74095132275132,18900.0,52.73338412698413,18900.0
20260224,000021,1,29900,33.392909698996654,29900.0,33.40060501672241,29900.0,33.37765719063545,29900.0
20260224,300383,2,63600,15.71407531446541,63600.0,15.716189465408805,63600.0,15.72324072327044,63600.0
20260224,002491,1,99100,10.06766897073663,99100.0,10.051371745711402,99100.0,10.05377225025227,99100.0
20260224,300364,2,30400,32.811053618421056,30400.0,32.81519802631579,30400.0,32.81259736842105,30400.0
20260224,000547,1,35500,28.179747605633803,35500.0,28.17588929577465,35500.0,28.161774929577465,35500.0
20260224,000070,2,53800,18.469406319702603,53800.0,18.458587360594795,53800.0,18.475575650557623,53800.0
20260224,002716,1,66400,15.245843373493976,66400.0,15.262665662650603,66400.0,15.269081325301205,66400.0
20260224,300065,2,33600,29.708546726190473,33600.0,29.690000297619047,33600.0,29.723870238095238,33600.0
20260224,002463,1,13800,72.15224637681159,13800.0,72.15877028985507,13800.0,72.16970942028985,13800.0
20260224,002112,2,39300,25.439389058524174,39300.0,25.440532315521626,39300.0,25.45020458015267,39300.0
20260224,300442,1,11400,87.11333333333333,11400.0,87.16508771929824,11400.0,87.13183684210526,11400.0
20260224,002413,2,68900,14.489983164005807,68900.0,14.491642960812772,68900.0,14.489347460087084,68900.0
20260224,301526,1,66200,15.119082779456194,66200.0,15.12357734138973,66200.0,15.156410422960725,66200.0
20260224,300418,2,16700,59.68340958083833,16700.0,59.61825688622755,16700.0,59.65418982035928,16700.0
20260224,000338,1,35400,28.20260988700565,35400.0,28.200408757062146,35400.0,28.19464576271187,35400.0
20260224,300296,2,126500,7.899217501976285,126500.0,7.8951779130434785,126500.0,7.901256916996047,126500.0
20260224,300738,1,42200,23.694736255924173,42200.0,23.6925798578199,42200.0,23.695898815165876,42200.0
20260224,002044,2,151000,6.621761589403974,151000.0,6.616066092715232,151000.0,6.624688582781457,151000.0
20260224,002156,1,20400,48.96161960784314,20400.0,48.960736274509806,20400.0,48.921763235294115,20400.0
20260224,002009,2,29000,34.43196551724138,29000.0,34.401373793103446,29000.0,34.43645,29000.0
20260224,002837,1,9000,109.8812,9000.0,109.87857777777778,9000.0,109.90306666666666,9000.0
20260224,300346,2,18000,55.18689333333334,18000.0,55.19777555555555,18000.0,55.17043722222222,18000.0
20260224,301217,1,22100,45.22240361990951,22100.0,45.30398461538462,22100.0,45.20638416289593,22100.0
20260224,002703,2,41100,24.351724087591236,41100.0,24.347955474452554,41100.0,24.36058491484185,41100.0
20260224,002272,1,56100,17.842227450980392,56100.0,17.835918181818183,56100.0,17.84251140819964,56100.0
20260224,002185,2,68300,14.618872913616398,68300.0,14.617569546120059,68300.0,14.625415812591509,68300.0
20260224,300548,1,5900,166.50406779661017,5900.0,166.57433898305086,5900.0,166.50033898305085,5900.0
20260224,002165,2,81600,12.254436519607843,81600.0,12.25086225490196,81600.0,12.270036397058822,81600.0
20260224,300846,1,28000,35.6332875,28000.0,35.63589535714286,28000.0,35.61338535714286,28000.0
20260224,002436,2,40300,24.799702481389577,40300.0,24.79803598014888,40300.0,24.786992555831265,40300.0
20260224,300265,1,55300,18.08748842676311,55300.0,18.10126636528029,55300.0,18.066116274864378,55300.0
20260224,300139,2,15400,64.62370129870129,15400.0,64.59038831168832,15400.0,64.54818181818182,15400.0
20260224,300182,1,136000,7.360647058823529,136000.0,7.359536764705882,136000.0,7.356507352941176,136000.0
20260224,300223,2,7600,130.74459210526317,7600.0,130.80673684210527,7600.0,130.82056578947368,7600.0
20260224,000831,1,17200,57.75941511627907,17200.0,57.85075465116279,17200.0,57.74558837209303,17200.0
20260224,002354,2,146100,6.827056810403833,146100.0,6.8269267624914445,146100.0,6.827809719370294,146100.0
20260224,000859,1,82500,12.113525818181818,82500.0,12.108557575757576,82500.0,12.105006666666668,82500.0
20260224,002080,2,19400,51.515980412371135,19400.0,51.52340360824743,19400.0,51.53737680412372,19400.0
20260224,002558,1,25600,38.940314843749995,25600.0,38.93839765625,25600.0,38.95405820312501,25600.0
20260224,300285,2,29100,34.17058419243986,29100.0,34.12450481099656,29100.0,34.20168281786942,29100.0
20260224,002812,1,14800,66.9597972972973,14800.0,67.1126364864865,14800.0,66.3198358108108,14800.0
20260224,000592,2,92700,10.783149838187702,92700.0,10.787753613807983,92700.0,10.784498274002157,92700.0
20260224,002241,1,37600,26.577022340425533,37600.0,26.588617021276594,37600.0,26.56574494680851,37600.0
20260224,000681,2,37400,26.704194117647056,37400.0,26.705267914438505,37400.0,26.742917112299466,37400.0
20260224,002281,1,13400,74.35738805970149,13400.0,74.35417462686567,13400.0,74.32119104477611,13400.0
20260224,002155,2,29200,34.11017020547945,29200.0,34.11301335616438,29200.0,34.10579006849315,29200.0
20260224,000039,1,84600,11.823558392434988,84600.0,11.81945744680851,84600.0,11.813002600472814,84600.0
20260224,002624,2,47500,20.980778526315788,47500.0,20.979727789473685,47500.0,21.00324757894737,47500.0
20260224,000737,1,59500,16.80889092436975,59500.0,16.807445042016806,59500.0,16.809242352941176,59500.0
20260224,002400,2,93200,10.720095278969957,93200.0,10.722122746781116,93200.0,10.723184871244635,93200.0
20260304,002506,1,195300,5.128817281105991,195300.0,5.125688489503329,195300.0,5.1299591090629795,195300.0
20260304,002202,2,36400,27.519477747252747,36400.0,27.526344505494503,36400.0,27.517249999999997,36400.0
20260304,000592,1,80700,12.434264312267658,80700.0,12.428165427509294,80700.0,12.41770916976456,80700.0
20260304,002378,2,21900,45.48848904109589,21900.0,45.501091780821916,21900.0,45.537077625570774,21900.0
20260304,002261,1,26300,38.037796197718635,26300.0,38.072090494296575,26300.0,38.011245627376425,26300.0
20260304,300164,2,50500,19.780200396039607,50500.0,19.7971500990099,50500.0,19.780298415841585,50500.0
20260304,002131,1,119600,8.36932279264214,119600.0,8.36988287625418,119600.0,8.367876229096991,119600.0
20260304,000657,2,14700,67.87680272108844,14700.0,67.84360476190476,14700.0,67.8739394557823,14700.0
20260304,002716,1,64700,15.45686228748068,64700.0,15.45518794435858,64700.0,15.463652241112827,64700.0
20260304,002155,2,25100,39.705742629482074,25100.0,39.701321115537844,25100.0,39.70960000000001,25100.0
20260304,002413,1,62100,16.09194847020934,62100.0,16.08658921095008,62100.0,16.088438969404187,62100.0
20260304,002195,2,101200,9.869001976284585,101200.0,9.870780632411067,101200.0,9.869318181818182,101200.0
20260304,001896,1,68700,14.648006986899565,68700.0,14.649619213973798,68700.0,14.649243231441046,68700.0
20260304,000630,2,127200,7.852806627358491,127200.0,7.8522876336478,127200.0,7.852256187106918,127200.0
20260304,002842,1,21300,46.894555399061026,21300.0,46.886950704225356,21300.0,46.866250234741784,21300.0
20260304,002463,2,12900,76.85612403100775,12900.0,76.93713023255813,12900.0,77.01890620155038,12900.0
20260304,000547,1,33400,29.86871676646707,33400.0,29.85859011976048,33400.0,29.860031736526945,33400.0
20260304,002389,2,36600,27.41778989071038,36600.0,27.40565,36600.0,27.473468579234975,36600.0
20260304,002281,1,12500,79.15672,12500.0,79.23831919999999,12500.0,79.2089624,12500.0
20260304,002156,2,20200,49.304878712871286,20200.0,49.27977574257426,20200.0,49.253762376237624,20200.0
20260304,300303,1,100100,9.954216003996004,100100.0,9.961916993006993,100100.0,9.94747042957043,100100.0
20260304,002050,2,21200,47.097925000000004,21200.0,47.10509386792453,21200.0,47.10796981132075,21200.0
20260304,000988,1,9800,101.2019693877551,9800.0,101.21366326530611,9800.0,101.21779591836734,9800.0
20260304,300102,2,29500,33.81033898305085,29500.0,33.81244033898305,29500.0,33.79264610169492,29500.0
20260304,000063,1,26600,37.49390977443609,26600.0,37.50751804511278,26600.0,37.495408270676684,26600.0
20260304,300296,2,123000,8.146024333333333,123000.0,8.145853723577236,123000.0,8.156788593495934,123000.0
20260304,002428,1,21900,45.50858630136987,21900.0,45.51734840182648,21900.0,45.51209726027397,21900.0
20260304,300065,2,35400,28.21623615819209,35400.0,28.205955367231642,35400.0,28.202902824858757,35400.0
20260304,002475,1,21300,46.76600985915493,21300.0,46.74685211267605,21300.0,46.74967605633803,21300.0
20260304,300442,2,10400,96.17846346153847,10400.0,96.16413365384615,10400.0,96.16837019230769,10400.0
20260304,300505,1,28300,35.42784628975265,28300.0,35.40307243816254,28300.0,35.45048975265018,28300.0
20260304,300189,2,112100,8.951159491525424,112100.0,8.946984790365745,112100.0,8.947359322033899,112100.0
20260304,300058,1,60300,16.560364842454394,60300.0,16.559303482587065,60300.0,16.552388059701492,60300.0
20260304,002185,2,69100,14.445570332850941,69100.0,14.43622489146165,69100.0,14.4478998552822,69100.0
20260304,000422,1,54400,18.34641194852941,54400.0,18.33578952205882,54400.0,18.339430330882355,54400.0
20260304,000021,2,31300,31.88306645367412,31300.0,31.889554313099044,31300.0,31.866649201277955,31300.0
20260304,300017,1,55000,18.183578181818184,55000.0,18.17696890909091,55000.0,18.175965454545455,55000.0
20260304,002837,2,9500,104.06430526315789,9500.0,104.18782105263158,9500.0,104.1248,9500.0
20260304,002312,1,74700,13.403520214190095,74700.0,13.408660107095047,74700.0,13.390387684069612,74700.0
20260304,000831,2,16500,60.51169818181818,16500.0,60.474661818181815,16500.0,60.503449696969696,16500.0
20260304,002384,1,10600,93.54669905660377,10600.0,93.58131698113208,10600.0,93.55452830188679,10600.0
20260304,002167,2,62200,15.91548118971061,62200.0,15.946816720257235,62200.0,15.951561254019293,62200.0
20260304,002594,1,10500,95.00019238095238,10500.0,95.00562095238095,10500.0,95.02428476190477,10500.0
20260304,300475,2,6800,145.08266176470588,6800.0,145.21576470588235,6800.0,145.23545588235297,6800.0
20260304,002436,1,39300,25.423815012722645,39300.0,25.425189312977096,39300.0,25.463816284987278,39300.0
20260304,000338,2,37200,26.886314247311827,37200.0,26.883712096774197,37200.0,26.887360215053764,37200.0
20260304,002536,1,28300,35.24476819787986,28300.0,35.238554416961136,28300.0,35.25268233215547,28300.0
20260304,002639,2,45600,21.908816885964914,45600.0,21.910198245614037,45600.0,21.928551535087717,45600.0
20260304,300274,1,6700,149.33076119402986,6700.0,149.28255223880598,6700.0,149.53505970149254,6700.0
20260304,000792,2,27100,36.83147675276753,27100.0,36.82915018450184,27100.0,36.83711402214022,27100.0
20260304,000960,1,22700,43.89206960352423,22700.0,43.858720704845815,22700.0,43.82366079295154,22700.0
20260304,002465,2,58300,17.120788679245283,58300.0,17.12047975986278,58300.0,17.11764665523156,58300.0
20260304,002340,1,106900,9.350056033676333,106900.0,9.350168306828811,106900.0,9.353152478952293,106900.0
20260304,002149,2,20100,49.544081094527364,20100.0,49.500548756218905,20100.0,49.584531840796025,20100.0
20260304,000426,1,18700,53.297595187165776,18700.0,53.29764759358289,18700.0,53.29603957219251,18700.0
20260304,000890,2,116900,8.541616809238667,116900.0,8.54940122326775,116900.0,8.541548622754489,116900.0
20260304,002015,1,67800,14.784222418879056,67800.0,14.790661504424778,67800.0,14.781785250737462,67800.0
20260304,000510,2,47100,21.224164118895967,47100.0,21.215648195329084,47100.0,21.21416518046709,47100.0
20260304,002460,1,14500,68.56889655172414,14500.0,68.53165034482758,14500.0,68.58737517241379,14500.0
20260304,000070,2,53400,18.68852284644195,53400.0,18.67103127340824,53400.0,18.686607677902625,53400.0
20260312,002261,1,24900,40.22568955823293,24900.0,40.2231578313253,24900.0,40.23460642570281,24900.0
20260312,000988,2,7600,131.83419736842106,7600.0,131.44127631578948,7600.0,131.63531578947368,7600.0
20260312,000547,1,31000,32.177677419354836,31000.0,32.19883838709677,31000.0,32.169645161290326,31000.0
20260312,002506,2,172100,5.806263753631609,172100.0,5.805758268448576,172100.0,5.807460778617083,172100.0
20260312,002298,1,76000,13.093616842105263,76000.0,13.074760921052631,76000.0,13.073514999999999,76000.0
20260312,300017,2,50500,19.80441762376238,50500.0,19.790850495049504,50500.0,19.821027326732672,50500.0
20260312,001896,1,59100,16.94424416243655,59100.0,16.936683925549914,59100.0,16.954265482233502,59100.0
20260312,002281,2,10100,98.61415841584159,10100.0,98.55574257425742,10100.0,98.55633663366336,10100.0
20260312,002131,1,123400,8.104359805510535,123400.0,8.104667747163695,123400.0,8.104489465153971,123400.0
20260312,002378,2,24200,41.264203305785124,24200.0,41.22635247933884,24200.0,41.30887314049587,24200.0
20260312,000938,1,37300,26.82946166219839,37300.0,26.837187399463808,37300.0,26.812091152815015,37300.0
20260312,002202,2,33600,29.715505357142856,33600.0,29.708570833333333,33600.0,29.72012023809524,33600.0
20260312,002195,1,96300,10.388899273104881,96300.0,10.39091235721703,96300.0,10.387320976116303,96300.0
20260312,300274,2,5800,170.82741379310346,5800.0,170.78034482758622,5800.0,170.80739655172414,5800.0
20260312,002165,1,82100,12.18403264311815,82100.0,12.182926309378807,82100.0,12.17055018270402,82100.0
20260312,300265,2,48300,20.70387329192547,48300.0,20.715238716356108,48300.0,20.709915942028985,48300.0
20260312,002015,1,46800,21.630214743589743,46800.0,21.60314188034188,46800.0,21.660342735042736,46800.0
20260312,300058,2,62700,15.923332376395534,62700.0,15.92674832535885,62700.0,15.920047368421052,62700.0
20260312,002709,1,20500,48.74370536585366,20500.0,48.731611219512196,20500.0,48.72512146341463,20500.0
20260312,002361,2,74100,13.559256140350877,74100.0,13.556276113360322,74100.0,13.559270580296895,74100.0
20260312,300164,1,49200,20.310222967479675,49200.0,20.324553658536587,49200.0,20.33560914634146,49200.0
20260312,002112,2,37000,27.075914054054053,37000.0,27.073861351351347,37000.0,27.06054054054054,37000.0
20260312,002594,1,10000,99.642979,10000.0,99.6566,10000.0,99.6084,10000.0
20260312,300014,2,14600,68.40157534246575,14600.0,68.35287876712329,14600.0,68.42766986301369,14600.0
20260312,000066,1,57800,17.279220934256056,57800.0,17.281837716262974,57800.0,17.258859342560555,57800.0
20260312,300315,2,178200,5.57551601010101,178200.0,5.580359158249158,178200.0,5.5739787149270486,178200.0
20260312,000977,1,15600,63.855065384615386,15600.0,63.85544871794872,15600.0,63.83531794871794,15600.0
20260312,300438,2,17200,57.73348837209302,17200.0,57.75697848837209,17200.0,57.87656860465116,17200.0
20260312,000533,1,54800,18.25489197080292,54800.0,18.253886313868612,54800.0,18.242369343065693,54800.0
20260312,300170,2,37600,26.588719680851064,37600.0,26.58178085106383,37600.0,26.588907712765955,37600.0
20260312,002549,1,48200,20.585184232365144,48200.0,20.524709543568466,48200.0,20.540164937759336,48200.0
20260312,300207,2,36800,27.118096467391304,36800.0,27.093289130434783,36800.0,27.146957336956522,36800.0
20260312,000422,1,52300,19.079466730401528,52300.0,19.069065583173995,52300.0,19.06944531548757,52300.0
20260312,002025,2,16400,60.34402317073171,16400.0,60.341403658536585,16400.0,60.43536768292683,16400.0
20260312,002413,1,68400,14.631812865497077,68400.0,14.631505847953216,68400.0,14.6271783625731,68400.0
20260312,002407,2,32800,30.36704298780488,32800.0,30.34506737804878,32800.0,30.398384756097563,32800.0
20260312,002463,1,12900,77.12922480620155,12900.0,77.11434341085271,12900.0,77.13604031007752,12900.0
20260312,000815,2,55100,18.13261833030853,55100.0,18.136714882032667,55100.0,18.13449655172414,55100.0
20260312,002648,1,33800,29.536097337278107,33800.0,29.54789822485207,33800.0,29.542837573964498,33800.0
20260312,000657,2,16000,62.357693125000004,16000.0,62.39275562500001,16000.0,62.40575,16000.0
20260312,001267,1,21600,46.3064837962963,21600.0,46.28037175925926,21600.0,46.27190046296297,21600.0
20260312,000600,2,96800,10.311652892561984,96800.0,10.32519617768595,96800.0,10.288480888429751,96800.0
20260312,000859,1,94300,10.627719088016967,94300.0,10.605172534464476,94300.0,10.628304772004242,94300.0
20260312,002384,2,9600,103.53305208333335,9600.0,103.52571875,9600.0,103.63780208333333,9600.0
20260312,300442,1,11000,90.31654545454545,11000.0,90.24091090909091,11000.0,90.21636363636364,11000.0
20260312,002475,2,20000,49.934948999999996,20000.0,49.9360525,20000.0,49.9460995,20000.0
20260312,000063,1,26700,37.47625280898876,26700.0,37.47689176029962,26700.0,37.47325692883895,26700.0
20260312,003035,2,101500,9.862915960591133,101500.0,9.864689773399013,101500.0,9.871191802955664,101500.0
20260312,002600,1,68300,14.651301317715959,68300.0,14.651110980966324,68300.0,14.650114202049782,68300.0
20260312,002050,2,20600,48.374609708737864,20600.0,48.37446650485437,20600.0,48.35946310679611,20600.0
20260312,300763,1,9700,102.96696907216494,9700.0,103.1567731958763,9700.0,103.16295876288659,9700.0
20260312,002156,2,21200,47.13655283018868,21200.0,47.14263773584905,21200.0,47.160140094339624,21200.0
20260312,002471,1,109700,9.129525979945305,109700.0,9.129735642661805,109700.0,9.12721969006381,109700.0
20260312,300383,2,59500,16.801816638655463,59500.0,16.793544873949582,59500.0,16.804789243697478,59500.0
20260312,300450,1,19100,52.36445392670157,19100.0,52.33670680628273,19100.0,52.36224607329842,19100.0
20260312,002716,2,69600,14.35759856321839,69600.0,14.355199425287358,69600.0,14.353723132183909,69600.0
20260312,300113,1,33000,30.255546666666667,33000.0,30.255845151515153,33000.0,30.295759999999998,33000.0
20260312,000807,2,28300,35.33731201413428,28300.0,35.33002826855124,28300.0,35.32233427561837,28300.0
20260312,000021,1,31300,31.91185207667732,31300.0,31.904729712460064,31300.0,31.915691054313097,31300.0
20260312,300846,2,28300,35.24198056537103,28300.0,35.23777597173145,28300.0,35.225512014134274,28300.0
20260320,002506,1,193400,5.191804756980352,193400.0,5.191111489141675,193400.0,5.178055925542917,193400.0
20260320,000547,2,33800,29.490836686390534,33800.0,29.49085946745562,33800.0,29.515836982248523,33800.0
20260320,300274,1,5800,172.28706896551725,5800.0,172.2005517241379,5800.0,172.38262068965517,5800.0
20260320,300827,2,23000,43.26352173913043,23000.0,43.36826260869565,23000.0,43.215169565217394,23000.0
20260320,300059,1,48700,20.535400410677617,48700.0,20.53821067761807,48700.0,20.522032854209446,48700.0
20260320,002261,2,27400,36.40609562043796,27400.0,36.38149562043795,27400.0,36.42011094890511,27400.0
20260320,002131,1,133600,7.5002768937125746,133600.0,7.500449176646707,133600.0,7.498091235029941,133600.0
20260320,000988,2,8000,124.387875,8000.0,124.32303750000001,8000.0,124.33801249999999,8000.0
20260320,002202,1,33700,29.661913056379824,33700.0,29.675237388724035,33700.0,29.622025519287835,33700.0
20260320,002015,2,49900,19.9840498997996,49900.0,19.978033066132266,49900.0,19.99880120240481,49900.0
20260320,002463,1,11400,87.15192894736842,11400.0,87.07763157894736,11400.0,87.23474561403509,11400.0
20260320,000815,2,50700,19.690534911242604,50700.0,19.691875147928993,50700.0,19.703863313609467,50700.0
20260320,300014,1,14100,70.55143971631206,14100.0,70.52994822695035,14100.0,70.5542524822695,14100.0
20260320,002195,2,104200,9.595882898272553,104200.0,9.593579664107486,104200.0,9.601238282149712,104200.0
20260320,002837,1,9300,107.31363440860216,9300.0,107.29333333333334,9300.0,107.30862365591398,9300.0
20260320,001287,2,38100,26.129134120734907,38100.0,26.133309973753278,38100.0,26.129922834645672,38100.0
20260320,300342,1,20700,48.139953623188404,20700.0,48.089178260869566,20700.0,48.00599661835749,20700.0
20260320,000533,2,58000,17.255206896551723,58000.0,17.255228275862066,58000.0,17.268309827586208,58000.0
20260320,300620,1,5800,168.8701724137931,5800.0,169.345,5800.0,168.76708620689655,5800.0
20260320,002565,2,59400,16.828202697841725,55600.0,16.8295359430605,56200.0,16.823703565062388,56100.0
20260320,300724,1,8200,121.46607317073172,8200.0,121.82989024390244,8200.0,121.73963414634146,8200.0
20260320,000670,2,115200,8.683420086805555,115200.0,8.679183888888888,115200.0,8.716831571180556,115200.0
20260320,300418,1,18100,55.069448618784534,18100.0,55.04409060773481,18100.0,55.11828839779005,18100.0
20260320,300017,2,55800,17.90341989247312,55800.0,17.895517921146954,55800.0,17.896473476702507,55800.0
20260320,002498,1,115300,8.682714692107545,115300.0,8.680294882914136,115300.0,8.676061899392888,115300.0
20260320,001896,2,68400,14.576838011695905,68400.0,14.573569444444445,68400.0,14.580964766081872,68400.0
20260320,002709,1,23700,42.18151856540084,23700.0,42.153592827004225,23700.0,42.15404978902954,23700.0
20260320,002183,2,183100,5.445871277990169,183100.0,5.447181736755871,183100.0,5.4502347569634075,183100.0
20260320,300166,1,65500,15.267783358778624,65500.0,15.270504274809161,65500.0,15.262108091603054,65500.0
20260320,002384,2,8400,118.49430952380952,8400.0,118.51942857142856,8400.0,118.55405952380953,8400.0
20260320,002579,1,79300,12.613038839848675,79300.0,12.607907566204288,79300.0,12.622880706179068,79300.0
20260320,002432,2,15900,62.764967295597486,15900.0,62.75892767295597,15900.0,62.65490628930818,15900.0
20260320,300136,1,15400,64.58857272727273,15400.0,64.58928831168832,15400.0,64.57226493506492,15400.0
20260320,300058,2,67900,14.734060824742269,67900.0,14.733891899852726,67900.0,14.730647128129602,67900.0
20260320,002475,1,20300,49.18689458128079,20300.0,49.17571477832512,20300.0,49.20216798029557,20300.0
20260320,000617,2,97200,10.26431059670782,97200.0,10.263073251028807,97200.0,10.268552572016462,97200.0
20260320,000021,1,31200,31.975066025641027,31200.0,31.975001923076924,31200.0,32.01182756410257,31200.0
20260320,300303,2,101700,9.838161002949853,101700.0,9.840776764995084,101700.0,9.837040196656835,101700.0
20260320,000063,1,28600,34.96216643356643,28600.0,34.96048776223776,28600.0,34.96489405594406,28600.0
20260320,002281,2,11500,86.30991304347826,11500.0,86.31713304347826,11500.0,86.27547739130435,11500.0
20260320,300456,1,21200,47.10584952830189,21200.0,47.114337735849055,21200.0,47.09933962264151,21200.0
20260320,300207,2,36300,27.46605730027548,36300.0,27.46344490358127,36300.0,27.482946280991733,36300.0
20260320,300499,1,24400,40.833190573770494,24400.0,40.83639180327869,24400.0,40.85996270491803,24400.0
20260320,300548,2,6500,153.07770769230768,6500.0,153.16804615384615,6500.0,153.0132153846154,6500.0
20260320,300383,1,62300,16.058861637239165,62300.0,16.071105136436596,62300.0,16.05763402889246,62300.0
20260320,300763,2,9100,110.63902197802197,9100.0,110.63962637362638,9100.0,110.739,9100.0
20260320,000338,1,42200,23.6992654028436,42200.0,23.69680260663507,42200.0,23.699502843601895,42200.0
20260320,002594,2,9700,102.59885567010309,9700.0,102.61895876288659,9700.0,102.58327835051547,9700.0
20260320,000592,1,97100,10.296921112255406,97100.0,10.300465190525232,97100.0,10.288430072090629,97100.0
20260320,300432,2,47900,20.876012526096034,47900.0,20.878645929018788,47900.0,20.87081649269311,47900.0
20260320,000630,1,164400,6.087688564476886,164400.0,6.087907542579075,164400.0,6.089349148418491,164400.0
20260320,000966,2,194500,5.132971722365038,194500.0,5.132519280205655,194500.0,5.133362467866324,194500.0
20260320,300316,1,22000,44.88504318181818,22000.0,44.99191590909091,22000.0,44.97977045454545,22000.0
20260320,002716,2,79500,12.567104654088052,79500.0,12.56425182389937,79500.0,12.567950943396228,79500.0
20260320,002413,1,75400,13.264389920424403,75400.0,13.261459416445623,75400.0,13.252880106100795,75400.0
20260320,002156,2,21900,45.60944657534247,21900.0,45.60771598173516,21900.0,45.56332557077626,21900.0
20260320,300438,1,16900,58.994437869822484,16900.0,59.01651775147929,16900.0,59.05367396449704,16900.0
20260320,300570,2,8100,123.33828395061728,8100.0,123.40775308641976,8100.0,123.47906172839507,8100.0
20260320,002342,1,81600,12.251187867647058,81600.0,12.256969607843137,81600.0,12.25260906862745,81600.0
20260320,002149,2,22400,44.60963928571428,22400.0,44.59772455357143,22400.0,44.651783482142854,22400.0
20260330,000592,1,86000,11.662812790697675,86000.0,11.589302558139535,86000.0,11.724976162790696,86000.0
20260330,300300,2,71400,13.975320588235295,71400.0,13.95783025210084,71400.0,13.983838655462186,71400.0
20260330,300274,1,6300,157.1,6300.0,157.00065079365078,6300.0,157.27338095238096,6300.0
20260330,002361,2,67600,14.74826923076923,67600.0,14.7470275147929,67600.0,14.761535946745562,67600.0
20260330,002342,1,77500,12.826913032258064,77500.0,12.811934967741935,77500.0,12.831226064516128,77500.0
20260330,002709,2,21400,46.75986028037383,21400.0,46.700139719626165,21400.0,46.78275373831775,21400.0
20260330,002413,1,77200,12.964985119047618,67200.0,12.961002923076922,65000.0,12.948196721311476,67100.0
20260330,000547,2,35400,28.16836186440678,35400.0,28.175792937853107,35400.0,28.168814124293785,35400.0
20260330,002594,1,9400,106.29690425531915,9400.0,106.29085106382979,9400.0,106.26403191489362,9400.0
20260330,002460,2,12600,79.35079365079365,12600.0,79.33659047619048,12600.0,79.36635555555556,12600.0
20260330,002149,1,19800,50.42732575757576,19800.0,50.41485252525253,19800.0,50.442528282828285,19800.0
20260330,300014,2,14400,69.04416666666667,14400.0,69.05389097222222,14400.0,69.07909583333333,14400.0
20260330,300383,1,58800,16.891641015625,51200.0,16.880295126705654,51300.0,16.90607768595041,48400.0
20260330,002281,2,11500,85.99095565217391,11500.0,86.00669130434783,11500.0,86.01287130434783,11500.0
20260330,002475,1,20400,48.9346568627451,20400.0,48.92637254901961,20400.0,48.94264901960784,20400.0
20260330,002131,2,132900,7.513972761474793,132900.0,7.51170778028593,132900.0,7.51326561324304,132900.0
20260330,000988,1,9400,106.08190425531915,9400.0,106.05118085106383,9400.0,106.11179787234042,9400.0
20260330,002272,2,56700,17.56353298059965,56700.0,17.559518871252205,56700.0,17.571208465608464,56700.0
20260330,001896,1,66800,14.989324251497006,66800.0,14.98107754491018,66800.0,14.980149251497005,66800.0
20260330,002181,2,82200,12.165703163017032,82200.0,12.168829927007298,82200.0,12.170496715328467,82200.0
20260330,002471,1,111900,8.933163297587132,111900.0,8.933056291331546,111900.0,8.923279678284183,111900.0
20260330,002353,2,11100,90.2727936936937,11100.0,90.20387027027027,11100.0,90.17721621621621,11100.0
20260330,000815,1,50700,19.69335285996055,50700.0,19.665440236686393,50700.0,19.737358382643,50700.0
20260330,300475,2,7200,137.12318055555554,7200.0,136.98930555555555,7200.0,136.98775,7200.0
20260330,002466,1,17600,56.816078409090906,17600.0,56.806873295454544,17600.0,56.81227159090909,17600.0
20260330,002192,2,12200,81.5282786885246,12200.0,81.465,12200.0,81.57392868852459,12200.0
20260330,002261,1,29300,34.028191126279864,29300.0,34.02399146757679,29300.0,34.03600546075085,29300.0
20260330,002455,2,68000,14.72075705882353,68000.0,14.722755588235295,68000.0,14.72029838235294,68000.0
20260330,002202,1,36000,27.726583333333334,36000.0,27.732248888888886,36000.0,27.711608333333334,36000.0
20260330,000792,2,25600,38.98652265625,25600.0,38.9892578125,25600.0,38.9913265625,25600.0
20260330,002788,1,68400,14.431652631578947,68400.0,14.403679824561404,68400.0,14.475822368421053,68400.0
20260330,300136,2,15900,62.64666540880503,15900.0,62.64805031446541,15900.0,62.58981006289308,15900.0
20260330,002015,1,60900,16.41415435139573,60900.0,16.418078653530376,60900.0,16.406898193760263,60900.0
20260330,002378,2,31700,31.436023974763405,31700.0,31.44100883280757,31700.0,31.431321766561513,31700.0
20260330,002837,1,11200,88.61241071428572,11200.0,88.63776696428572,11200.0,88.66384375,11200.0
20260330,300390,2,16100,62.15229565217391,16100.0,62.10856956521739,16100.0,62.040432919254656,16100.0
20260330,002407,1,35300,28.378298016997164,35300.0,28.403711614730877,35300.0,28.354869971671388,35300.0
20260330,300054,2,19300,51.57673834196891,19300.0,51.576009844559586,19300.0,51.596686010362696,19300.0
20260330,002491,1,87500,11.442846628571429,87500.0,11.441301142857144,87500.0,11.438686514285715,87500.0
20260330,300017,2,58700,16.961417376490626,58700.0,16.969184497444633,58700.0,16.950826405451448,58700.0
20260330,002240,1,23800,41.93422857142857,23800.0,41.94830378151261,23800.0,41.967679411764706,23800.0
20260330,000933,2,31900,31.32410721003135,31900.0,31.30423793103449,31900.0,31.31112978056426,31900.0
20260330,300342,1,18900,52.70597883597883,18900.0,52.70952380952381,18900.0,52.703913227513226,18900.0
20260330,002050,2,23400,42.576623931623935,23400.0,42.57474401709402,23400.0,42.60440341880342,23400.0
20260330,002463,1,12800,78.038203125,12800.0,78.0030421875,12800.0,78.0378859375,12800.0
20260330,002759,2,27500,36.469271636363636,27500.0,36.462148,27500.0,36.42057781818182,27500.0
20260330,000155,1,59500,16.764337142857144,59500.0,16.765297478991595,59500.0,16.764746050420168,59500.0
20260330,002176,2,94500,10.580453333333333,94500.0,10.582549312169313,94500.0,10.577693121693121,94500.0
20260330,000338,1,41200,24.23415291262136,41200.0,24.238592233009708,41200.0,24.238179611650484,41200.0
20260330,300438,2,17800,55.93145842696629,17800.0,55.90410505617978,17800.0,55.8564084269663,17800.0
20260330,002792,1,24600,40.61693828828829,22200.0,40.62834215246637,22300.0,40.655370454545455,22000.0
20260330,300204,2,34500,28.892640000000004,34500.0,28.895281739130436,34500.0,28.899391014492753,34500.0
20260330,002842,1,30900,32.33589093851133,30900.0,32.334074757281556,30900.0,32.318123624595465,30900.0
20260330,300450,2,20600,48.45456262135922,20600.0,48.449278155339805,20600.0,48.454273300970875,20600.0
20260330,002866,1,43900,22.691635307517082,43900.0,22.712212300683372,43900.0,22.716653986332577,43900.0
20260330,000617,2,95700,10.445862068965518,95700.0,10.443651201671893,95700.0,10.455828108672936,95700.0
20260330,002428,1,18800,53.01293138297872,18800.0,53.01670159574468,18800.0,53.01069734042554,18800.0
20260330,301526,2,87400,11.442649885583524,87400.0,11.446153203661328,87400.0,11.437521624713959,87400.0
20260330,000630,1,172100,5.815421266705404,172100.0,5.814950610110401,172100.0,5.816008134805346,172100.0
20260330,300059,2,52600,18.968701140684413,52600.0,18.969462167300378,52600.0,18.969534790874523,52600.0
20260408,300058,1,63400,15.59048818181818,55000.0,15.575028971962618,53500.0,15.535824338624339,56700.0
20260408,002475,2,19600,50.959489795918365,19600.0,50.986017857142855,19600.0,50.96989897959184,19600.0
20260408,002792,1,20200,49.457822772277225,20200.0,49.43405792079208,20200.0,49.452574257425745,20200.0
20260408,000617,2,94600,10.556341966173362,94600.0,10.554830338266385,94600.0,10.559205073995772,94600.0
20260408,002309,1,198400,5.057273336693549,198400.0,5.0562197580645165,198400.0,5.052767061491935,198400.0
20260408,002463,2,12200,81.93352459016394,12200.0,81.96737459016393,12200.0,81.92598606557377,12200.0
20260408,002202,1,42400,23.534811320754716,42400.0,23.532900943396225,42400.0,23.53254716981132,42400.0
20260408,300017,2,57600,17.354496527777776,57600.0,17.352524305555555,57600.0,17.373371701388887,57600.0
20260408,000988,1,9200,107.8755543478261,9200.0,107.85372826086957,9200.0,107.81445652173913,9200.0
20260408,002281,2,10400,96.47048173076924,10400.0,96.41278942307693,10400.0,96.42798557692308,10400.0
20260408,000547,1,36600,27.277429781420764,36600.0,27.277349726775956,36600.0,27.271339890710383,36600.0
20260408,002565,2,59900,16.70010150250417,59900.0,16.703821368948244,59900.0,16.72964874791319,59900.0
20260408,300418,1,19700,50.51898121827411,19700.0,50.570352284263954,19700.0,50.44278832487309,19700.0
20260408,301171,2,21500,47.14530558139535,21500.0,47.242792558139534,21500.0,46.99479255813954,21500.0
20260408,300364,1,35600,27.963847191011237,35600.0,28.001349438202247,35600.0,27.85281123595506,35600.0
20260408,002428,2,19000,52.4581047368421,19000.0,52.4237347368421,19000.0,52.52162789473684,19000.0
20260408,002471,1,112700,8.886432866015971,112700.0,8.882830629991126,112700.0,8.882307080745342,112700.0
20260408,002594,2,10000,99.660611,10000.0,99.679479,10000.0,99.688312,10000.0
20260408,002131,1,125700,8.11,125700.0,8.11,125700.0,8.11,125700.0
20260408,300136,2,15400,64.56798571428571,15400.0,64.57305324675325,15400.0,64.60454415584415,15400.0
20260408,002050,1,22900,43.50593973799127,22900.0,43.510481222707426,22900.0,43.50624454148472,22900.0
20260408,002261,2,28300,35.261518727915195,28300.0,35.2573148409894,28300.0,35.2647703180212,28300.0
20260408,300274,1,7900,125.29507594936709,7900.0,125.2923670886076,7900.0,125.29111392405063,7900.0
20260408,300063,2,83300,12.011821968787515,83300.0,11.99394849939976,83300.0,12.041750060024011,83300.0
20260408,002195,1,109500,9.138328767123287,109500.0,9.137114155251142,109500.0,9.139561643835616,109500.0
20260408,300986,2,36300,27.63187217630854,36300.0,27.513360606060605,36300.0,27.623303305785125,36300.0
20260408,000592,1,81300,12.3049938499385,81300.0,12.306826568265683,81300.0,12.300381303813039,81300.0
20260408,300475,2,7000,140.99312857142857,7000.0,140.98338571428573,7000.0,140.89214285714286,7000.0
20260408,300456,1,19600,51.06867295918367,19600.0,51.103213775510206,19600.0,51.08903214285714,19600.0
20260408,000657,2,20400,48.920488725490195,20400.0,48.920395098039215,20400.0,48.912747058823534,20400.0
20260408,002015,1,57500,17.391410086956522,57500.0,17.39565460869565,57500.0,17.387668,57500.0
20260408,002639,2,48900,20.39153251533742,48900.0,20.389506748466257,48900.0,20.40557955010225,48900.0
20260408,000720,1,149200,6.7132506836461125,149200.0,6.712975797587131,149200.0,6.708237278820375,149200.0
20260408,002222,2,12400,80.14653225806451,12400.0,80.17475645161291,12400.0,80.21854677419354,12400.0
20260408,300166,1,60600,16.507275412541254,60600.0,16.508332178217824,60600.0,16.482439603960394,60600.0
20260408,002245,2,54600,18.29895677655678,54600.0,18.302140842490843,54600.0,18.295879304029306,54600.0
20260408,300383,1,57900,17.243456649395508,57900.0,17.236183937823835,57900.0,17.242635405872193,57900.0
20260408,002716,2,82200,12.143856447688565,82200.0,12.143065693430657,82200.0,12.14728710462287,82200.0
20260408,002400,1,117300,8.500929104859335,117300.0,8.493273657289002,117300.0,8.481423699914748,117300.0
20260408,000815,2,50300,19.868550497017893,50300.0,19.87719542743539,50300.0,19.870258449304174,50300.0
20260408,000630,1,164700,6.0709653916211295,164700.0,6.07170613236187,164700.0,6.072756527018822,164700.0
20260408,300059,2,52400,19.050973282442747,52400.0,19.051030534351145,52400.0,19.053091603053435,52400.0
20260408,000338,1,39900,25.060101002506265,39900.0,25.058243609022558,39900.0,25.05561528822055,39900.0
20260408,300450,2,20000,49.9785045,20000.0,49.987803,20000.0,49.982801,20000.0
20260408,000938,1,38200,26.118613874345552,38200.0,26.1159167539267,38200.0,26.113321989528796,38200.0
20260408,000070,2,54500,18.32420513761468,54500.0,18.32106733944954,54500.0,18.321658532110092,54500.0
20260408,002149,1,21300,46.83201361502347,21300.0,46.837932863849765,21300.0,46.88665915492958,21300.0
20260408,002560,2,75200,13.272865691489361,75200.0,13.266772340425533,75200.0,13.273811170212767,75200.0
20260408,300014,1,15700,63.33426878980892,15700.0,63.32796050955414,15700.0,63.32344076433121,15700.0
20260408,002001,2,27700,35.989640433213,27700.0,36.00559350180505,27700.0,35.997506498194944,27700.0
20260408,002788,1,53400,18.69470149812734,53400.0,18.707959925093633,53400.0,18.69368595505618,53400.0
20260408,002273,2,37200,26.933604569892477,37200.0,26.90774005376344,37200.0,26.910211827956992,37200.0
20260408,002008,1,14700,67.71421768707484,14700.0,67.73938095238096,14700.0,67.66891496598639,14700.0
20260408,300442,2,11800,84.40084745762712,11800.0,84.37991525423729,11800.0,84.38465847457627,11800.0
20260408,300303,1,104600,9.57036328871893,104600.0,9.57239966539197,104600.0,9.567925430210325,104600.0
20260408,002342,2,74800,13.335641711229947,74800.0,13.338688235294118,74800.0,13.328878743315508,74800.0
20260408,002837,1,11200,88.95696428571429,11200.0,88.98634107142857,11200.0,88.91526607142858,11200.0
20260408,000155,2,61300,16.271680424143558,61300.0,16.280049429037522,61300.0,16.28118955954323,61300.0
20260408,002155,1,32100,31.149783489096574,32100.0,31.148630529595017,32100.0,31.146389719626168,32100.0
20260408,300170,2,50400,19.791429960317465,50400.0,19.794069444444442,50400.0,19.814084325396824,50400.0
20260416,002475,1,16700,59.543649101796404,16700.0,59.60790299401197,16700.0,59.63053892215569,16700.0
20260416,002361,2,52400,19.090248854961832,52400.0,19.09757461832061,52400.0,19.06666030534351,52400.0
20260416,002460,1,11700,85.24803418803418,11700.0,85.23965811965812,11700.0,85.2839282051282,11700.0
20260416,000657,2,21000,47.74871666666667,21000.0,47.91837809523809,21000.0,47.99428238095238,21000.0
20260416,300058,1,58000,17.252248793103448,58000.0,17.24722482758621,58000.0,17.247733103448276,58000.0
20260416,002466,2,15200,65.37934210526316,15200.0,65.35776578947369,15200.0,65.28651842105263,15200.0
20260416,000988,1,8900,111.33516853932585,8900.0,111.34991011235955,8900.0,111.31808988764045,8900.0
20260416,000070,2,50800,19.646736811023622,50800.0,19.630839566929133,50800.0,19.655265748031496,50800.0
20260416,300274,1,7400,134.35228378378378,7400.0,134.23816216216215,7400.0,134.01633783783785,7400.0
20260416,300418,2,19000,52.32389578947369,19000.0,52.378844736842105,19000.0,52.24620947368421,19000.0
20260416,300390,1,11600,86.10034568965517,11600.0,86.10861982758621,11600.0,86.06060603448276,11600.0
20260416,300088,2,128200,7.7751171606864276,128200.0,7.7691965210608425,128200.0,7.787979438377534,128200.0
20260416,002342,1,55100,18.16734736842105,55100.0,18.16492050816697,55100.0,18.1699277676951,55100.0
20260416,002709,2,20200,49.28385445544554,20200.0,49.24301683168317,20200.0,49.2973292079208,20200.0
20260416,002149,1,18900,52.94423386243386,18900.0,53.01603015873016,18900.0,52.903968783068784,18900.0
20260416,000792,2,26000,38.44411807692308,26000.0,38.44961653846154,26000.0,38.42557884615384,26000.0
20260416,002594,1,9500,105.0084,9500.0,105.0184,9500.0,104.9822105263158,9500.0
20260416,300017,2,52500,19.016325714285713,52500.0,19.023638095238095,52500.0,19.010244,52500.0
20260416,300433,1,38600,25.873162953367878,38600.0,25.86066761658031,38600.0,25.862483937823836,38600.0
20260416,300207,2,33600,29.660266666666665,33600.0,29.672681547619046,33600.0,29.654320535714287,33600.0
20260416,002463,1,10600,93.65294716981133,10600.0,93.63389339622641,10600.0,93.60653207547169,10600.0
20260416,002498,2,116600,8.551131989708404,116600.0,8.554228096054889,116600.0,8.555111758147513,116600.0
20260416,000547,1,37000,27.023943783783782,37000.0,27.03162243243243,37000.0,27.013970540540537,37000.0
20260416,300014,2,13900,71.85726618705036,13900.0,71.72007410071943,13900.0,71.78640143884891,13900.0
20260416,002703,1,48600,20.54639958847736,48600.0,20.55127057613169,48600.0,20.549942386831276,48600.0
20260416,002131,2,126500,7.905264822134387,126500.0,7.905833992094862,126500.0,7.90598418972332,126500.0
20260416,300383,1,53600,18.660557835820892,53600.0,18.662612313432835,53600.0,18.681327985074624,53600.0
20260416,300322,2,32200,30.980714285714285,32200.0,30.977079192546586,32200.0,30.910460559006207,32200.0
20260416,000938,1,35400,28.209860451977402,35400.0,28.214804519774013,35400.0,28.208898587570623,35400.0
20260416,002407,2,32900,30.326807598784193,32900.0,30.32693161094225,32900.0,30.334770212765957,32900.0
20260416,002050,1,21800,45.82279816513761,21800.0,45.815733944954125,21800.0,45.79862385321101,21800.0
20260416,002565,2,57100,17.509354465849384,57100.0,17.518616637478107,57100.0,17.544558844133103,57100.0
20260416,001896,1,58400,17.113519006849316,58400.0,17.11891455479452,58400.0,17.11921883561644,58400.0
20260416,300059,2,49800,20.050501004016063,49800.0,20.050883534136545,49800.0,20.050381927710845,49800.0
20260416,300166,1,58900,17.015484380305605,58900.0,17.02784431239389,58900.0,17.040153650254666,58900.0
20260416,002074,2,25300,39.464947035573125,25300.0,39.431347430830044,25300.0,39.448108695652174,25300.0
20260416,002015,1,54100,18.484436229205176,54100.0,18.492553604436228,54100.0,18.482219593345658,54100.0
20260416,002491,2,68400,14.613958333333331,68400.0,14.619939473684209,68400.0,14.619984795321637,68400.0
20260416,002240,1,19600,51.23658010204081,19600.0,51.26561326530612,19600.0,51.32336530612245,19600.0
20260416,300442,2,10600,93.79122735849057,10600.0,93.84226603773585,10600.0,93.7888679245283,10600.0
20260416,002245,1,50500,19.815786336633664,50500.0,19.807307326732673,50500.0,19.79681207920792,50500.0
20260416,002213,2,26000,38.257421538461536,26000.0,38.25300230769231,26000.0,38.219496923076925,26000.0
20260416,002202,1,40000,24.954048999999998,40000.0,24.95527775,40000.0,24.944698,40000.0
20260416,000157,2,121500,8.222181185185185,121500.0,8.217645810699588,121500.0,8.225917530864198,121500.0
20260416,002364,1,23300,42.80141716738198,23300.0,42.78110987124463,23300.0,42.78660686695279,23300.0
20260416,300438,2,15000,66.34453333333333,15000.0,66.34426133333334,15000.0,66.368928,15000.0
20260416,300475,1,6400,154.960171875,6400.0,154.950796875,6400.0,154.940484375,6400.0
20260416,300136,2,14400,69.03569444444445,14400.0,69.08027708333333,14400.0,69.11396458333333,14400.0
20260416,002384,1,6800,146.13279411764705,6800.0,146.1449705882353,6800.0,146.1536176470588,6800.0
20260416,002222,2,11500,86.26931652173913,11500.0,86.25670608695653,11500.0,86.3842652173913,11500.0
20260416,002759,1,27300,36.57395860805861,27300.0,36.588495604395604,27300.0,36.546335897435895,27300.0
20260416,000155,2,59100,16.88974771573604,59100.0,16.892569712351946,59100.0,16.910218274111674,59100.0
20260416,000762,1,27900,35.79602329749104,27900.0,35.74713440860215,27900.0,35.711290322580645,27900.0
20260416,002192,2,12400,80.11524193548387,12400.0,80.16677258064516,12400.0,80.17209677419355,12400.0
20260416,002536,1,27600,36.07999927536232,27600.0,36.09554347826087,27600.0,36.10079927536232,27600.0
20260416,300450,2,18500,53.781892972972976,18500.0,53.791508108108104,18500.0,53.77031891891891,18500.0
20260416,000636,1,45700,21.891948796498905,45700.0,21.893088840262582,45700.0,21.889691903719914,45700.0
20260416,002176,2,88900,11.223353205849268,88900.0,11.21847244094488,88900.0,11.209728121484813,88900.0
20260416,300738,1,40800,24.46710882352941,40800.0,24.479413970588237,40800.0,24.470321078431372,40800.0
20260416,002797,2,125100,7.987857729816147,125100.0,7.989024908073541,125100.0,7.987977681854517,125100.0
20260424,002361,1,45000,22.11934,45000.0,22.125202666666667,45000.0,22.04555911111111,45000.0
20260424,002475,2,15100,65.91271523178808,15100.0,65.92139006622517,15100.0,65.901259602649,15100.0
20260424,002580,1,35900,27.844862395543178,35900.0,27.855171587743733,35900.0,27.8441782729805,35900.0
20260424,300017,2,59000,16.96022033898305,59000.0,16.962198983050847,59000.0,16.943879152542372,59000.0
20260424,300475,1,6000,165.9255,6000.0,165.99815,6000.0,165.87081666666668,6000.0
20260424,300058,2,57100,17.505884413309982,57100.0,17.502556917688267,57100.0,17.51969877408056,57100.0
20260424,002131,1,137100,7.281568198395332,137100.0,7.284303428154631,137100.0,7.2758570386579136,137100.0
20260424,002565,2,52900,18.87047561436673,52900.0,18.86720189035917,52900.0,18.86924291115312,52900.0
20260424,002281,1,8000,124.8810625,8000.0,124.82552500000001,8000.0,124.7610625,8000.0
20260424,002202,2,39300,25.438495674300256,39300.0,25.44122086513995,39300.0,25.45180916030534,39300.0
20260424,002463,1,9700,102.9979587628866,9700.0,102.998,9700.0,103.02310309278351,9700.0
20260424,000938,2,32300,30.924706191950463,32300.0,30.920903405572755,32300.0,30.96173343653251,32300.0
20260424,002149,1,16800,59.518573809523815,16800.0,59.49012142857143,16800.0,59.44452142857143,16800.0
20260424,300015,2,89800,11.09089008908686,89800.0,11.087272160356347,89800.0,11.09022316258352,89800.0
20260424,002428,1,12500,79.56248,12500.0,79.5839992,12500.0,79.4567976,12500.0
20260424,002384,2,5200,188.84673076923076,5200.0,188.50540384615385,5200.0,188.78442307692308,5200.0
20260424,300136,1,11500,86.32304347826087,11500.0,86.32495391304347,11500.0,86.21608695652174,11500.0
20260424,002837,2,10500,94.54913904761905,10500.0,94.54533333333333,10500.0,94.57581333333334,10500.0
20260424,002407,1,32800,30.40151904761905,23100.0,30.41244131455399,21300.0,30.423686666666665,22500.0
20260424,000988,2,8700,114.04370114942529,8700.0,114.04332183908045,8700.0,114.0405632183908,8700.0
20260424,300390,1,11500,86.80678260869566,11500.0,86.84512782608695,11500.0,86.8383452173913,11500.0
20260424,000063,2,27600,36.12452608695652,27600.0,36.12021739130435,27600.0,36.1305097826087,27600.0
20260424,002261,1,26700,37.32270074906367,26700.0,37.334421348314606,26700.0,37.339893632958805,26700.0
20260424,002156,2,20500,48.69556195121951,20500.0,48.697950731707316,20500.0,48.6905843902439,20500.0
20260424,300207,1,36400,27.410685714285712,36400.0,27.414418956043953,36400.0,27.40591043956044,36400.0
20260424,002709,2,20300,49.19547093596059,20300.0,49.26591231527094,20300.0,49.201773399014776,20300.0
20260424,002342,1,53700,18.6286417132216,53700.0,18.62048398510242,53700.0,18.626890875232775,53700.0
20260424,000066,2,59200,16.829138513513513,59200.0,16.835069087837837,59200.0,16.824546790540538,59200.0
20260424,002050,1,22500,44.457505777777776,22500.0,44.452977777777775,22500.0,44.45448666666667,22500.0
20260424,002491,2,62200,16.063276045016078,62200.0,16.070949196141477,62200.0,16.068784565916395,62200.0
20260424,002466,1,14400,69.06138888888889,14400.0,69.07152708333334,14400.0,69.06402291666666,14400.0
20260424,000977,2,13800,72.48927536231884,13800.0,72.46086594202899,13800.0,72.50420507246378,13800.0
20260424,002297,1,45900,21.727189324618735,45900.0,21.7323045751634,45900.0,21.732332461873636,45900.0
20260424,300342,2,13800,72.17355072463768,13800.0,72.27622753623189,13800.0,72.40688405797101,13800.0
20260424,002015,1,49000,20.403491836734695,49000.0,20.387470612244897,49000.0,20.39316693877551,49000.0
20260424,002413,2,73000,13.689436712328767,73000.0,13.69119397260274,73000.0,13.691638219178083,73000.0
20260424,000657,1,18200,54.8589021978022,18200.0,54.86142857142857,18200.0,54.82983791208792,18200.0
20260424,000815,2,52000,19.196078076923076,52000.0,19.2100575,52000.0,19.2062325,52000.0
20260424,300821,1,67200,14.899421726190477,67200.0,14.898540773809524,67200.0,14.891698660714287,67200.0
20260424,000890,2,60900,16.534911658456487,60900.0,16.555249753694582,60900.0,16.517685550082103,60900.0
20260424,002938,1,13800,72.28543478260869,13800.0,72.21007173913043,13800.0,72.2342036231884,13800.0
20260424,300274,2,7400,133.42674324324324,7400.0,133.40002702702702,7400.0,133.35687837837838,7400.0
20260424,000070,1,50200,19.948758565737048,50200.0,19.94420816733068,50200.0,19.927544023904385,50200.0
20260424,002436,2,35900,27.83660250696379,35900.0,27.847047075208913,35900.0,27.840279665738162,35900.0
20260424,002008,1,9800,102.1380918367347,9800.0,102.02413265306123,9800.0,102.05511224489796,9800.0
20260424,000547,2,38100,26.1918375328084,38100.0,26.192338320209974,38100.0,26.205433858267718,38100.0
20260424,002165,1,109500,9.149433789954339,109500.0,9.140913242009132,109500.0,9.153707433789954,109500.0
20260424,002792,2,21500,46.509862790697674,21500.0,46.45827906976744,21500.0,46.49004465116279,21500.0
20260424,002176,1,76300,13.135396854521625,76300.0,13.135163958060287,76300.0,13.116964613368285,76300.0
20260424,002460,2,12300,80.82349593495935,12300.0,80.80471544715448,12300.0,80.7873268292683,12300.0
20260424,300166,1,65500,15.250045496183207,65500.0,15.25264030534351,65500.0,15.25183038167939,65500.0
20260424,300383,2,60600,16.461732673267328,60600.0,16.448978217821782,60600.0,16.462573432343234,60600.0
20260424,301526,1,69000,14.457786666666665,69000.0,14.457911304347826,69000.0,14.48837507246377,69000.0
20260424,300442,2,11000,90.2879990909091,11000.0,90.28536636363637,11000.0,90.2956409090909,11000.0
20260424,002364,1,23600,42.21025974576271,23600.0,42.17745762711864,23600.0,42.21177966101695,23600.0
20260424,001896,2,57900,17.283282901554404,57900.0,17.285665630397236,57900.0,17.28813402417962,57900.0
20260424,300450,1,17800,55.944717977528086,17800.0,55.94415674157303,17800.0,55.97376516853933,17800.0
20260424,002273,2,31100,32.11736398713826,31100.0,32.10132250803859,31100.0,32.1037,31100.0
20260424,002201,1,66600,14.965283633633636,66600.0,14.961586036036037,66600.0,14.96647087087087,66600.0
20260424,002195,2,112300,8.8929918254675,112300.0,8.892671308993767,112300.0,8.893125440783615,112300.0
20260507,002050,1,20000,49.956098499999996,20000.0,49.9503485,20000.0,49.94555,20000.0
20260507,000988,2,7800,127.17784615384615,7800.0,127.41829487179487,7800.0,127.27039743589744,7800.0
20260507,300058,1,55200,18.116722101449277,55200.0,18.11213804347826,55200.0,18.101758333333333,55200.0
20260507,002709,2,16200,61.64164814814814,16200.0,61.61899444444444,16200.0,61.637206172839505,16200.0
20260507,002156,1,17100,58.24297777777778,17100.0,58.2624567251462,17100.0,58.20964678362573,17100.0
20260507,002281,2,6200,159.49854838709678,6200.0,159.55161290322582,6200.0,159.25612903225806,6200.0
20260507,002407,1,26900,37.03108289962825,26900.0,37.01922230483272,26900.0,37.0199312267658,26900.0
20260507,000066,2,42400,23.49735754716981,42400.0,23.49572995283019,42400.0,23.50835070754717,42400.0
20260507,002176,1,66300,15.138597888386123,66300.0,15.1223641025641,66300.0,15.13252141779789,66300.0
20260507,002466,2,12700,78.3576377952756,12700.0,78.32527480314961,12700.0,78.37771653543307,12700.0
20260507,300014,1,13700,72.75671532846715,13700.0,72.76474233576643,13700.0,72.72912700729927,13700.0
20260507,002202,2,35700,27.962799999999998,35700.0,27.96890588235294,35700.0,27.960025210084034,35700.0
20260507,002081,1,141000,7.102539,141000.0,7.095780141843972,141000.0,7.098035460992908,141000.0
20260507,002475,2,14900,66.78107382550336,14900.0,66.80174362416108,14900.0,66.758322147651,14900.0
20260507,002837,1,9900,100.59348484848485,9900.0,100.64424242424242,9900.0,100.72865656565658,9900.0
20260507,002131,2,144900,6.87848171152519,144900.0,6.880545203588682,144900.0,6.882139406487233,144900.0
20260507,002149,1,13800,72.38528985507246,13800.0,72.36136956521739,13800.0,72.36528623188406,13800.0
20260507,000338,2,28800,34.612430555555555,28800.0,34.60135243055555,28800.0,34.62350590277778,28800.0
20260507,000792,1,25800,38.777596511627905,25800.0,38.75988410852713,25800.0,38.77011627906977,25800.0
20260507,002378,2,28900,34.5967830449827,28900.0,34.57034948096886,28900.0,34.6260186851211,28900.0
20260507,001896,1,60700,16.560841350906095,60700.0,16.55467792421746,60700.0,16.56207298187809,60700.0
20260507,002297,2,40400,24.7319952970297,40400.0,24.72151707920792,40400.0,24.73037821782178,40400.0
20260507,000063,1,25900,38.56787644787645,25900.0,38.563626640926636,25900.0,38.55393474903475,25900.0
20260507,002361,2,46700,21.375953319057817,46700.0,21.356165524625265,46700.0,21.3733,46700.0
20260507,002463,1,9400,106.27137234042553,9400.0,106.4639255319149,9400.0,106.38572340425533,9400.0
20260507,002015,2,48700,20.513040657084186,48700.0,20.51538069815195,48700.0,20.522380082135523,48700.0
20260507,000815,1,44500,22.536831460674158,44500.0,22.520943370786515,44500.0,22.53231550561798,44500.0
20260507,002195,2,110900,9.0090261496844,110900.0,9.009044183949504,110900.0,9.009296663660956,110900.0
20260507,002460,1,11300,88.27513274336283,11300.0,88.2549557522124,11300.0,88.25487256637169,11300.0
20260507,002428,2,12900,77.27457364341085,12900.0,77.28317519379844,12900.0,77.1991503875969,12900.0
20260507,300274,1,7200,138.94426388888888,7200.0,138.91373611111112,7200.0,138.8311111111111,7200.0
20260507,002436,2,31700,31.467638170347005,31700.0,31.474831545741328,31700.0,31.46955741324921,31700.0
20260507,300390,1,9100,108.85184615384614,9100.0,108.86037362637362,9100.0,108.86353846153847,9100.0
20260507,002580,2,33600,29.798244642857142,33600.0,29.774909226190474,33600.0,29.810890476190472,33600.0
20260507,300136,1,10000,100.096829,10000.0,100.057261,10000.0,99.996359,10000.0
20260507,300209,2,41900,24.104678616352203,31800.0,24.052699090909094,33000.0,24.164701408450707,35500.0
20260507,002240,1,17000,58.90070705882353,17000.0,58.881944705882354,17000.0,58.91440823529411,17000.0
20260507,300166,2,53800,18.565542007434942,53800.0,18.56197434944238,53800.0,18.564328810408924,53800.0
20260507,300083,1,98200,10.099908360488797,98200.0,10.098156476578412,98200.0,10.112975692464358,98200.0
20260507,000657,2,16100,61.94794223602485,16100.0,61.95533105590062,16100.0,61.93805465838509,16100.0
20260507,300418,1,18600,53.542899999999996,18600.0,53.553709677419356,18600.0,53.51591451612903,18600.0
20260507,000070,2,51400,19.485607392996112,51400.0,19.486616926070038,51400.0,19.446577626459145,51400.0
20260507,300131,1,57500,17.40015860869565,57500.0,17.388108869565215,57500.0,17.402193565217388,57500.0
20260507,000060,2,130700,7.649946442234124,130700.0,7.649097169089518,130700.0,7.65061973986228,130700.0
20260507,000967,1,65300,15.318971822358346,65300.0,15.326444869831548,65300.0,15.306247779479326,65300.0
20260507,300184,2,67400,14.838970326409495,67400.0,14.82921869436202,67400.0,14.847879376854598,67400.0
20260507,300475,1,5100,192.60039215686274,5100.0,192.40745098039216,5100.0,192.5349019607843,5100.0
20260507,000670,2,121800,8.233602684729064,121800.0,8.236484417077175,121800.0,8.245096945812808,121800.0
20260507,002008,1,8900,111.2866404494382,8900.0,111.25926966292135,8900.0,111.25060674157304,8900.0
20260507,000858,2,10600,93.51047075471698,10600.0,93.5036783018868,10600.0,93.48122547169811,10600.0
20260507,002342,1,49400,20.244432995951417,49400.0,20.2265971659919,49400.0,20.215405465587047,49400.0
20260507,300769,2,12400,80.2025,12400.0,80.2211314516129,12400.0,80.25056048387097,12400.0
20260507,002759,1,25600,39.0925390625,25600.0,39.073786328124996,25600.0,39.096133984375,25600.0
20260507,300124,2,13300,75.08015037593985,13300.0,75.05654511278196,13300.0,75.0512045112782,13300.0
20260507,002565,1,51700,19.349149516441003,51700.0,19.346514506769825,51700.0,19.321413926499034,51700.0
20260507,002185,2,73000,13.691232876712329,73000.0,13.69302794520548,73000.0,13.691013698630137,73000.0
20260507,000938,1,31200,31.938141666666667,31200.0,31.93407275641026,31200.0,31.93317820512821,31200.0
20260507,002594,2,9900,100.23181818181818,9900.0,100.20456565656565,9900.0,100.23910101010101,9900.0
20260507,002261,1,26600,37.50300751879699,26600.0,37.50135338345865,26600.0,37.47827218045113,26600.0
20260507,002273,2,28800,34.57982777777778,28800.0,34.52528263888889,28800.0,34.496181944444444,28800.0
20260515,002600,1,57200,17.363074475524474,57200.0,17.336080244755244,57200.0,17.390330944055943,57200.0
20260515,300058,2,55000,18.100763636363638,55000.0,18.120234181818184,55000.0,18.121709454545456,55000.0
20260515,002031,1,123600,8.105723748953976,119500.0,8.11159844387755,117600.0,8.100600790123456,121500.0
20260515,002281,2,5200,191.12634615384616,5200.0,192.12598076923078,5200.0,191.2461923076923,5200.0
20260515,000938,1,29900,33.161872909699,29900.0,33.12421605351171,29900.0,33.27418093645485,29900.0
20260515,000066,2,47900,20.829001252609604,47900.0,20.820041962421712,47900.0,20.854259707724427,47900.0
20260515,002050,1,19800,50.2652005050505,19800.0,50.27722171717172,19800.0,50.234190404040405,19800.0
20260515,002361,2,52600,18.986851711026613,52600.0,18.99801482889734,52600.0,18.986969011406842,52600.0
20260515,002475,1,13300,74.58195488721805,13300.0,74.58473458646617,13300.0,74.57135187969925,13300.0
20260515,301171,2,22400,44.374484374999994,22400.0,44.478642410714286,22400.0,44.303014732142856,22400.0
20260515,002081,1,121800,8.224474474548439,121800.0,8.22219197044335,121800.0,8.215936067323481,121800.0
20260515,002156,2,17600,56.56670681818182,17600.0,56.685967613636365,17600.0,56.592389204545455,17600.0
20260515,000988,1,7300,134.68187671232877,7300.0,134.91987671232877,7300.0,134.8675205479452,7300.0
20260515,002009,2,34500,28.8913568115942,34500.0,28.91668927536232,34500.0,28.885417681159417,34500.0
20260515,300059,1,50200,19.921435059760956,50200.0,19.917410358565736,50200.0,19.912131474103585,50200.0
20260515,002015,2,46200,21.54190865800866,46200.0,21.546580086580086,46200.0,21.57922207792208,46200.0
20260515,300017,1,50700,19.71938402366864,50700.0,19.71461301775148,50700.0,19.700888757396452,50700.0
20260515,300390,2,10400,96.62452115384616,10400.0,96.32509903846154,10400.0,96.61279038461538,10400.0
20260515,002202,1,39800,25.10203768844221,39800.0,25.110401005025125,39800.0,25.07798768844221,39800.0
20260515,002428,2,10800,91.77659814814815,10800.0,91.85465092592592,10800.0,91.91353796296296,10800.0
20260515,002131,1,150800,6.628348806366048,150800.0,6.627400530503979,150800.0,6.622619363395225,150800.0
20260515,300136,2,9800,100.91123469387755,9800.0,101.10670408163264,9800.0,100.95524489795919,9800.0
20260515,000977,1,14000,71.21078571428572,14000.0,71.26549857142857,14000.0,71.11786000000001,14000.0
20260515,300442,2,9200,107.53979347826086,9200.0,107.53501086956521,9200.0,107.58627173913042,9200.0
20260515,002008,1,6900,142.75478260869565,6900.0,143.12162318840578,6900.0,143.26476811594202,6900.0
20260515,002580,2,35200,28.40196335227273,35200.0,28.403719602272727,35200.0,28.413126420454546,35200.0
20260515,301217,1,11800,84.37457627118644,11800.0,84.37949237288136,11800.0,84.43169491525424,11800.0
20260515,002709,2,17300,57.46526011560694,17300.0,57.43080867052023,17300.0,57.484243352601155,17300.0
20260515,002185,1,70900,14.089238363892807,70900.0,14.107466149506347,70900.0,14.090026939351198,70900.0
20260515,002241,2,39000,25.575103333333335,39000.0,25.586128717948718,39000.0,25.587668205128207,39000.0
20260515,002491,1,43700,22.854256064073226,43700.0,22.867659496567505,43700.0,22.82954599542334,43700.0
20260515,000630,2,157200,6.35523536259542,157200.0,6.352035687022901,157200.0,6.358340025445292,157200.0
20260515,000815,1,45800,21.75803537117904,45800.0,21.758580349344978,45800.0,21.706857205240176,45800.0
20260515,002149,2,14500,68.64144827586207,14500.0,68.60938206896552,14500.0,68.67337862068966,14500.0
20260515,000021,1,29700,33.45724006734007,29700.0,33.52002996632997,29700.0,33.47969528619529,29700.0
20260515,002463,2,9500,104.18144210526316,9500.0,104.33984210526316,9500.0,104.41104210526316,9500.0
20260515,000063,1,26800,37.14556231343284,26800.0,37.155414179104476,26800.0,37.170219402985076,26800.0
20260515,300274,2,7500,131.75348,7500.0,131.73976,7500.0,131.78241333333332,7500.0
20260515,300323,1,63600,15.599355308641975,40500.0,15.61232474747475,39600.0,15.570182474226806,38800.0
20260515,000338,2,28400,35.08918908450704,28400.0,35.092392253521126,28400.0,35.06190316901409,28400.0
20260515,300475,1,5200,191.22634615384615,5200.0,191.23211538461538,5200.0,191.28825,5200.0
20260515,002245,2,38400,25.99348984375,38400.0,25.991273437500002,38400.0,25.999346874999997,38400.0
20260515,000547,1,39200,25.458548979591836,39200.0,25.460027295918366,39200.0,25.45884948979592,39200.0
20260515,002400,2,109200,9.120888113553114,109200.0,9.120631868131868,109200.0,9.115741556776557,109200.0
20260515,002460,1,12700,78.8023622047244,12700.0,78.74425196850393,12700.0,78.74826771653544,12700.0
20260515,002837,2,9700,101.6668350515464,9700.0,101.75021649484536,9700.0,101.95384536082474,9700.0
20260515,300083,1,90400,11.03679203539823,90400.0,11.048413938053097,90400.0,11.022479756637168,90400.0
20260515,002466,2,14300,69.74076923076923,14300.0,69.73720699300699,14300.0,69.78762167832168,14300.0
20260515,000426,1,22500,44.40035644444445,22500.0,44.40586622222222,22500.0,44.383951999999994,22500.0
20260515,002594,2,10300,96.43155339805826,10300.0,96.4398077669903,10300.0,96.43621359223302,10300.0
20260515,300433,1,29500,33.77349186440678,29500.0,33.77108338983051,29500.0,33.778509491525426,29500.0
20260515,000060,2,132200,7.559652102874432,132200.0,7.560885,132200.0,7.562738116490166,132200.0
20260515,002498,1,104200,9.590498982725528,104200.0,9.594232284069097,104200.0,9.579875671785029,104200.0
20260515,300738,2,34900,28.59392464183381,34900.0,28.605497421203438,34900.0,28.626216045845272,34900.0
20260515,002716,1,90100,11.093861265260822,90100.0,11.090123307436182,90100.0,11.09032075471698,90100.0
20260515,002436,2,30800,32.28493506493506,30800.0,32.26893214285714,30800.0,32.322725649350645,30800.0
20260515,301511,1,10900,91.02733944954129,10900.0,91.14963211009174,10900.0,90.97687522935779,10900.0
20260515,301526,2,51400,19.400621011673152,51400.0,19.402236575875488,51400.0,19.44577217898833,51400.0
20260515,002240,1,19000,52.67910263157894,19000.0,52.6517347368421,19000.0,52.64431526315789,19000.0
20260515,000657,2,17300,57.35826705202312,17300.0,57.40294913294798,17300.0,57.388674566473995,17300.0
20260525,000725,1,191200,5.230585774058578,191200.0,5.230669456066946,191200.0,5.22645920502092,191200.0
20260525,002156,2,15000,66.4844,15000.0,66.50860133333333,15000.0,66.462,15000.0
20260525,000988,1,6000,162.949,6000.0,163.13983333333334,6000.0,163.11828333333335,6000.0
20260525,002407,2,25800,38.73320852713179,25800.0,38.729450775193804,25800.0,38.78038333333334,25800.0
20260525,000066,1,49400,20.258098178137654,49400.0,20.278967611336032,49400.0,20.239438259109313,49400.0
20260525,002463,2,8200,120.56045121951219,8200.0,120.73325609756098,8200.0,120.66671951219513,8200.0
20260525,002050,1,18600,53.55214838709677,18600.0,53.543225806451616,18600.0,53.557203225806454,18600.0
20260525,002361,2,56500,17.69658601769912,56500.0,17.74348336283186,56500.0,17.722374336283185,56500.0
20260525,002475,1,13800,72.43130434782609,13800.0,72.44543043478261,13800.0,72.44072246376811,13800.0
20260525,300136,2,8400,117.53320238095237,8400.0,117.55784523809524,8400.0,117.51832142857143,8400.0
20260525,000630,1,147400,6.790596852103121,147400.0,6.790915929443691,147400.0,6.790142462686568,147400.0
20260525,300184,2,60100,16.551913477537436,60100.0,16.565989184692178,60100.0,16.51161381031614,60100.0
20260525,000021,1,25300,39.46667984189723,25300.0,39.46221462450593,25300.0,39.48450909090909,25300.0
20260525,002245,2,50300,19.791653081510937,50300.0,19.819684890656067,50300.0,19.866858648111332,50300.0
20260525,002131,1,156200,6.4039500896286805,156200.0,6.405339308578745,156200.0,6.399097368758003,156200.0
20260525,300274,2,6000,163.9715,6000.0,164.133,6000.0,164.18081666666666,6000.0
20260525,001896,1,61800,16.18620566343042,61800.0,16.20457006472492,61800.0,16.199641747572816,61800.0
20260525,300059,2,50800,19.665964566929134,50800.0,19.666555118110235,50800.0,19.66986220472441,50800.0
20260525,002436,1,26600,37.51432255639098,26600.0,37.446466917293236,26600.0,37.56905902255639,26600.0
20260525,300475,2,5100,193.64960784313726,5100.0,194.2062549019608,5100.0,194.14531372549018,5100.0
20260525,000657,1,15600,63.689808974358975,15600.0,63.68615320512821,15600.0,63.712885897435896,15600.0
20260525,002428,2,11000,90.34327363636363,11000.0,90.3650890909091,11000.0,90.26772727272727,11000.0
20260525,000938,1,32600,30.68021472392638,32600.0,30.665521472392637,32600.0,30.67334355828221,32600.0
20260525,002600,2,63200,15.78577658227848,63200.0,15.785981645569619,63200.0,15.783560759493671,63200.0
20260525,002465,1,59200,16.935236486486488,59200.0,16.943123648648648,59200.0,16.968041891891893,59200.0
20260525,002709,2,18400,54.111846739130435,18400.0,54.13261086956522,18400.0,54.128422826086954,18400.0
20260525,300058,1,59500,16.813546218487396,59500.0,16.80687394957983,59500.0,16.796873949579833,59500.0
20260525,002703,2,45800,21.905217248908297,45800.0,21.913168777292576,45800.0,21.91379825327511,45800.0
20260525,300408,1,8600,116.14039534883722,8600.0,116.0365,8600.0,116.06753488372092,8600.0
20260525,002617,2,105000,9.518343,105000.0,9.512799885714285,105000.0,9.515914285714286,105000.0
20260525,002273,1,25600,39.063162890625,25600.0,39.05823828125,25600.0,39.009695703125,25600.0
20260525,300975,2,38000,26.432684210526315,38000.0,26.452845263157894,38000.0,26.53044789473684,38000.0
20260525,000859,1,91300,11.009812486308872,91300.0,11.010534939759037,91300.0,11.00979364731654,91300.0
20260525,000977,2,14400,69.00944444444444,14400.0,69.04826597222223,14400.0,69.01888819444444,14400.0
20260525,002456,1,109500,9.07129695890411,109500.0,9.071725835616437,109500.0,9.076027369863013,109500.0
20260525,000060,2,131700,7.58342451025057,131700.0,7.582277706909643,131700.0,7.583469924069856,131700.0
20260525,002222,1,9000,109.96976666666666,9000.0,109.9942,9000.0,110.12653333333333,9000.0
20260525,300433,2,25400,39.34129763779527,25400.0,39.35212598425197,25400.0,39.338344094488185,25400.0
20260525,300285,1,19300,51.626995336787566,19300.0,51.612693264248705,19300.0,51.60192227979275,19300.0
20260525,000670,2,107600,9.374526031598513,107600.0,9.399897481412639,107600.0,9.39389409851301,107600.0
20260525,300657,1,20400,48.923674019607844,20400.0,48.925290686274515,20400.0,48.95014950980392,20400.0
20260525,002342,2,78800,12.663540228426395,78800.0,12.669720939086295,78800.0,12.675153299492385,78800.0
20260525,002015,1,44600,22.38119058295964,44600.0,22.385066367713005,44600.0,22.371637219730943,44600.0
20260525,002202,2,40400,24.698935148514853,40400.0,24.704210396039603,40400.0,24.703836633663364,40400.0
20260525,002149,1,14200,70.06169014084507,14200.0,70.08838169014085,14200.0,70.05049366197183,14200.0
20260525,002297,2,34400,28.969855523255816,34400.0,28.982559593023257,34400.0,28.995554360465118,34400.0
20260525,002049,1,11800,84.21042372881357,11800.0,84.2355093220339,11800.0,84.20821440677966,11800.0
20260525,300179,2,29100,34.22763127147766,29100.0,34.19023917525774,29100.0,34.252095532646045,29100.0
20260525,301171,1,24100,41.46746887966805,24100.0,41.506708298755186,24100.0,41.43970954356846,24100.0
20260525,002008,2,7000,142.2750142857143,7000.0,142.27925714285715,7000.0,142.28385714285713,7000.0
20260525,301526,1,48100,20.781328066528065,48100.0,20.776923492723494,48100.0,20.747734303534305,48100.0
20260525,002837,2,9600,103.64191666666666,9600.0,103.58864583333333,9600.0,103.59131250000002,9600.0
20260525,002929,1,11700,85.08854700854701,11700.0,85.10871538461538,11700.0,85.08649487179487,11700.0
20260525,000063,2,27600,36.11061413043478,27600.0,36.106414130434786,27600.0,36.107497826086956,27600.0
20260525,002208,1,50200,19.92712908366534,50200.0,19.935159960159364,50200.0,19.91972390438247,50200.0
20260525,002261,2,31200,31.979354166666667,31200.0,31.98913076923077,31200.0,31.99255641025641,31200.0
20260525,000967,1,77100,12.956369130998704,77100.0,12.946554215304799,77100.0,12.966731647211414,77100.0
20260525,000062,2,28300,35.039928621908125,28300.0,35.03434628975265,28300.0,35.133851236749116,28300.0
20260525,300346,1,16900,59.06532544378698,16900.0,59.06574082840237,16900.0,59.03834142011834,16900.0
20260525,300395,2,6600,149.94893939393938,6600.0,149.78116666666665,6600.0,149.92416666666668,6600.0
20260602,000725,1,191500,5.2328617441253265,191500.0,5.228172323759791,191500.0,5.220966057441253,191500.0
20260602,002436,2,25100,39.64103585657371,25100.0,39.65242908366534,25100.0,39.83394422310757,25100.0
20260602,002185,1,55700,17.88612351885099,55700.0,17.88781328545781,55700.0,17.892620466786354,55700.0
20260602,300058,2,59300,16.83150084317032,59300.0,16.82797689713322,59300.0,16.84790910623946,59300.0
20260602,000636,1,16700,59.34401437125749,16700.0,59.39610718562874,16700.0,59.38766347305389,16700.0
20260602,002463,2,7900,125.42291139240507,7900.0,125.70331645569621,7900.0,125.7771012658228,7900.0
20260602,002491,1,41900,23.82713937947494,41900.0,23.828663245823392,41900.0,23.8608553699284,41900.0
20260602,002938,2,9200,108.06599999999999,9200.0,108.00491304347825,9200.0,108.02695652173914,9200.0
20260602,002050,1,22200,44.85617387387388,22200.0,44.88220720720721,22200.0,44.88616891891892,22200.0
20260602,002475,2,14400,69.46576388888889,14400.0,69.50187777777778,14400.0,69.38103888888888,14400.0
20260602,300274,1,5900,168.85762711864407,5900.0,168.86371186440678,5900.0,168.83881355932203,5900.0
20260602,002580,2,36000,27.768583333333332,36000.0,27.779005277777777,36000.0,27.751056666666667,36000.0
20260602,002081,1,138100,7.250180839971036,138100.0,7.248623924692252,138100.0,7.247183432295438,138100.0
20260602,002241,2,37200,26.785159677419358,37200.0,26.793224731182796,37200.0,26.795081720430108,37200.0
20260602,300136,1,11000,90.501,11000.0,90.5252709090909,11000.0,90.56718181818182,11000.0
20260602,000539,2,109100,9.178881429880844,109100.0,9.189184051329056,109100.0,9.15705751604033,109100.0
20260602,002156,1,16400,60.555057317073164,16400.0,60.64457865853659,16400.0,60.551400609756094,16400.0
20260602,000601,2,116800,8.660667705479453,116800.0,8.691806506849314,116800.0,8.65060801369863,116800.0
20260602,000338,1,32400,30.85670185185185,32400.0,30.89901388888889,32400.0,30.829877777777778,32400.0
20260602,002131,2,174800,5.718775743707094,174800.0,5.720955377574371,174800.0,5.727431350114417,174800.0
20260602,000630,1,144000,6.945222,144000.0,6.943992902777778,144000.0,6.9350281111111105,144000.0
20260602,000988,2,6900,143.94233333333332,6900.0,144.1495652173913,6900.0,143.95914492753622,6900.0
20260602,000767,1,157700,6.348858516169943,157700.0,6.348173696892834,157700.0,6.367907545973368,157700.0
20260602,000063,2,28400,35.15975352112676,28400.0,35.143203873239436,28400.0,35.1631338028169,28400.0
20260602,300975,1,24600,40.372470202020196,19800.0,40.37961868131868,18200.0,40.52654536082474,19400.0
20260602,000960,2,23900,41.71869958158996,23900.0,41.72673054393305,23900.0,41.74447071129707,23900.0
20260602,301526,1,45200,22.123494469026546,45200.0,22.14689867256637,45200.0,22.140907300884955,45200.0
20260602,000066,2,55900,17.857725223613592,55900.0,17.86027495527728,55900.0,17.871342754919503,55900.0
20260602,300408,1,7500,131.01732,7500.0,131.29082666666665,7500.0,131.06013333333334,7500.0
20260602,000625,2,117600,8.493783886054421,117600.0,8.493732729591837,117600.0,8.494745,117600.0
20260602,002428,1,12400,80.16516129032259,12400.0,80.18773790322581,12400.0,80.24911048387096,12400.0
20260602,300433,2,23800,41.87857016806723,23800.0,41.87411806722689,23800.0,41.903447899159666,23800.0
20260602,002202,1,44200,22.632918778280544,44200.0,22.623619004524887,44200.0,22.643779864253393,44200.0
20260602,001896,2,58800,16.982397108843536,58800.0,16.975562074829934,58800.0,16.986685034013608,58800.0
20260602,300184,1,60800,16.521906743421052,60800.0,16.53874884868421,60800.0,16.54434375,60800.0
20260602,000021,2,27900,35.731969175627235,27900.0,35.73566666666667,27900.0,35.74293799283154,27900.0
20260602,300285,1,17200,57.94186046511628,17200.0,58.019190697674425,17200.0,58.08819941860465,17200.0
20260602,301171,2,22600,44.24593230088496,22600.0,44.200629646017696,22600.0,44.286731415929204,22600.0
20260602,000977,1,15500,64.37064387096774,15500.0,64.38613096774193,15500.0,64.41264451612903,15500.0
20260602,002407,2,30700,32.5057671009772,30700.0,32.49651172638436,30700.0,32.50921824104235,30700.0
20260602,002484,1,11900,83.39470672268908,11900.0,83.3239512605042,11900.0,83.44546554621849,11900.0
20260602,002709,2,19300,51.54906735751295,19300.0,51.531603108808284,19300.0,51.54305284974093,19300.0
20260602,000938,1,35700,27.930673389355743,35700.0,27.92910112044818,35700.0,27.960418767507,35700.0
20260602,301511,2,8200,120.74818292682926,8200.0,120.65217073170733,8200.0,120.81534146341464,8200.0
20260602,000657,1,16000,62.3945,16000.0,62.4651225,16000.0,62.40531812500001,16000.0
20260602,300014,2,15600,63.74073846153846,15600.0,63.76201474358974,15600.0,63.714661538461534,15600.0
20260602,000967,1,91900,10.87792274211099,91900.0,10.873558215451578,91900.0,10.866879434167574,91900.0
20260602,000681,2,42700,23.364700468384076,42700.0,23.367446604215456,42700.0,23.365007025761127,42700.0
20260602,002466,1,16700,59.74844431137725,16700.0,59.75383532934132,16700.0,59.73868622754491,16700.0
20260602,002594,2,10500,95.13752476190476,10500.0,95.16285619047619,10500.0,95.11876,10500.0
20260602,300450,1,21000,47.37819,21000.0,47.392381904761905,21000.0,47.37719523809524,21000.0
20260602,000426,2,24600,40.383217886178855,24600.0,40.37240325203252,24600.0,40.361542682926824,24600.0
20260602,300179,1,21100,47.17170616113744,21100.0,47.12881800947868,21100.0,47.209711374407576,21100.0
20260602,000547,2,52000,19.194578653846154,52000.0,19.200521153846154,52000.0,19.21253923076923,52000.0
20260602,300390,1,12600,78.90619047619047,12600.0,78.93920396825396,12600.0,78.89571428571429,12600.0
20260602,002460,2,14700,67.64469387755102,14700.0,67.64843809523809,14700.0,67.6762537414966,14700.0
20260602,002600,1,68600,14.572154664723032,68600.0,14.578266180758016,68600.0,14.575593877551018,68600.0
20260602,002080,2,16000,62.01956375,16000.0,61.996123125,16000.0,62.181871875,16000.0
20260602,002015,1,45800,21.720762882096068,45800.0,21.718866375545854,45800.0,21.726027292576422,45800.0
20260602,002129,2,110300,9.060462547597462,110300.0,9.066237760652765,110300.0,9.053671668177698,110300.0
20260610,000725,1,165000,6.072666666666667,165000.0,6.07489696969697,165000.0,6.071242424242424,165000.0
20260610,002407,2,28700,34.797456097560975,28700.0,34.81066411149826,28700.0,34.782574564459935,28700.0
20260610,000063,1,25500,39.183373333333336,25500.0,39.19474823529412,25500.0,39.178939607843134,25500.0
20260610,000636,2,16500,60.23575515151515,16500.0,60.25466606060606,16500.0,60.19970242424243,16500.0
20260610,001896,1,46000,21.80619586956522,46000.0,21.79580543478261,46000.0,21.79480543478261,46000.0
20260610,002463,2,7500,133.26796,7500.0,133.02410666666668,7500.0,133.32161333333332,7500.0
20260610,002185,1,58200,17.21755859106529,58200.0,17.215842439862545,58200.0,17.22027731958763,58200.0
20260610,002361,2,57100,17.607130122591943,57100.0,17.628129246935206,57100.0,17.62995078809107,57100.0
20260610,002600,1,70600,14.168322804532577,70600.0,14.163767705382437,70600.0,14.167834419263455,70600.0
20260610,002475,2,15000,66.53606666666667,15000.0,66.52600133333334,15000.0,66.57680066666667,15000.0
20260610,002436,1,26100,38.307562851342915,25616.0,38.36518684028045,25958.0,38.26578942967051,23916.0
20260610,002156,2,16100,62.15484596273292,16100.0,62.138506832298134,16100.0,62.12080745341615,16100.0
20260610,002747,1,26900,37.07903568773234,26900.0,37.085467286245354,26900.0,37.06658178438662,26900.0
20260610,002050,2,21700,45.97193963133641,21700.0,45.97825115207373,21700.0,45.974238709677415,21700.0
20260610,300274,1,6800,145.79795588235294,6800.0,145.77535294117646,6800.0,145.72857352941176,6800.0
20260610,300285,2,16100,62.03901180124224,16100.0,62.01788881987578,16100.0,62.141491304347824,16100.0
20260610,300398,1,22100,45.21878009049774,22100.0,45.19891266968326,22100.0,45.181128506787324,22100.0
20260610,000338,2,35200,28.30093778409091,35200.0,28.31565284090909,35200.0,28.30721448863636,35200.0
20260610,002837,1,14100,70.63397730496455,14100.0,70.65154468085106,14100.0,70.68645886524823,14100.0
20260610,002421,2,183100,5.460065821955216,183100.0,5.459000415073731,183100.0,5.4660293555434185,183100.0
20260610,002491,1,40600,24.65889039408867,40600.0,24.67667463054187,40600.0,24.63613300492611,40600.0
20260610,000657,2,13600,73.13352941176471,13600.0,73.13897647058825,13600.0,73.03265073529413,13600.0
20260610,002460,1,14600,68.5554109589041,14600.0,68.57390616438356,14600.0,68.59416986301369,14600.0
20260610,300433,2,23400,42.609019230769235,23400.0,42.60030213675214,23400.0,42.684739743589745,23400.0
20260610,301526,1,39400,25.295381218274112,39400.0,25.305891370558374,39400.0,25.250964213197967,39400.0
20260610,000066,2,60300,16.568358208955225,60300.0,16.565737976782753,60300.0,16.56726368159204,60300.0
20260610,300136,1,10100,98.95970198019802,10100.0,98.8889099009901,10100.0,98.80049306930692,10100.0
20260610,002709,2,20900,47.66196507177034,20900.0,47.656647846889946,20900.0,47.64349282296651,20900.0
20260610,002364,1,19500,51.318516410256414,19500.0,51.37133282051282,19500.0,51.50974512820513,19500.0
20260610,300395,2,8100,123.00692592592593,8100.0,122.92048148148149,8100.0,122.85295061728395,8100.0
20260610,002181,1,61300,16.30567634584013,61300.0,16.2952396411093,61300.0,16.291236867862967,61300.0
20260610,300346,2,16200,61.707677777777775,16200.0,61.68200679012346,16200.0,61.692746913580244,16200.0
20260610,300390,1,11200,88.85258928571429,11200.0,88.84705,11200.0,88.81062678571429,11200.0
20260610,000988,2,6600,151.32213636363636,6600.0,151.1921212121212,6600.0,151.23271212121213,6600.0
20260610,000630,1,158200,6.331586561314791,158200.0,6.332793975979772,158200.0,6.330657560050569,158200.0
20260610,002938,2,9100,109.27527472527474,9100.0,109.34121978021979,9100.0,109.32638461538461,9100.0
20260610,300975,1,24600,40.7204081300813,24600.0,40.696526016260165,24600.0,40.70244024390244,24600.0
20260610,002080,2,15500,64.33251612903226,15500.0,64.31232451612904,15500.0,64.35522967741936,15500.0
20260610,000592,1,128800,7.800403726708074,128800.0,7.810248447204969,128800.0,7.8314518633540375,128800.0
20260610,002466,2,16700,59.96293173652695,16700.0,59.93880119760479,16700.0,59.9537125748503,16700.0
20260610,300058,1,66200,15.109713595166165,66200.0,15.112295317220543,66200.0,15.119351963746222,66200.0
20260610,300408,2,7400,133.61797297297298,7400.0,133.5675945945946,7400.0,133.5504054054054,7400.0
20260610,002896,1,10900,90.61467889908256,10900.0,90.7412871559633,10900.0,90.55963119266055,10900.0
20260610,002428,2,12300,81.03325203252032,12300.0,80.98788780487806,12300.0,81.0508138211382,12300.0
20260610,002240,1,20600,48.43679368932039,20600.0,48.46810873786408,20600.0,48.39018786407767,20600.0
20260610,002129,2,98100,10.181447094801223,98100.0,10.176958817533128,98100.0,10.187747196738023,98100.0
20260610,000977,1,16500,60.49109090909091,16500.0,60.52884363636363,16500.0,60.45030545454546,16500.0
20260610,300059,2,56100,17.804277005347593,56100.0,17.801890196078432,56100.0,17.79495276292335,56100.0
20260610,002176,1,89000,11.241011235955057,89000.0,11.239337528089887,89000.0,11.244805280898875,89000.0
20260610,002149,2,17200,57.8956988372093,17200.0,57.869297674418604,17200.0,58.02336976744186,17200.0
20260610,000681,1,41100,24.387740632603407,41100.0,24.374696350364964,41100.0,24.386376399026762,41100.0
20260610,300475,2,5600,178.35339285714286,5600.0,178.29855357142858,5600.0,178.415875,5600.0
20260610,300001,1,27100,36.89826863468635,27100.0,36.91040701107011,27100.0,36.88468191881919,27100.0
20260610,002241,2,43400,22.99624539170507,43400.0,22.99518202764977,43400.0,23.004218202764978,43400.0
20260610,002342,1,97400,10.30975277207392,97400.0,10.318243942505132,97400.0,10.291682648870637,97400.0
20260610,002125,2,58000,17.26329103448276,58000.0,17.255534310344828,58000.0,17.364686896551724,58000.0
20260610,002851,1,6600,149.83318181818183,6600.0,149.85301515151517,6600.0,149.8043181818182,6600.0
20260610,300323,2,64000,15.61617640625,64000.0,15.617430625,64000.0,15.618912968750001,64000.0
20260610,002456,1,110200,9.064573312159709,110200.0,9.063502722323049,110200.0,9.056116152450091,110200.0
20260610,002031,2,160000,6.230343425,160000.0,6.239643743749999,160000.0,6.24695625,160000.0
20260618,000725,1,149000,6.721248322147651,149000.0,6.722637583892618,149000.0,6.712523489932886,149000.0
20260618,002185,2,51100,19.543835225048923,51100.0,19.56182035225049,51100.0,19.571682974559685,51100.0
20260618,000630,1,128700,7.767878787878788,128700.0,7.769813519813519,128700.0,7.7634887334887335,128700.0
20260618,002354,2,140800,7.292812876420455,140800.0,7.290845390625001,140800.0,7.2735722869318185,140800.0
20260618,000100,1,195300,5.12099846390169,195300.0,5.120174091141833,195300.0,5.1170506912442395,195300.0
20260618,300088,2,92800,10.748180495689656,92800.0,10.744667780172414,92800.0,10.74662834051724,92800.0
20260618,000066,1,56400,17.737676063829785,56400.0,17.741771631205673,56400.0,17.72170390070922,56400.0
20260618,300418,2,23000,43.49717304347826,23000.0,43.483824347826086,23000.0,43.498693913043475,23000.0
20260618,300136,1,9200,107.77479347826088,9200.0,107.76058695652173,9200.0,107.73736956521739,9200.0
20260618,002050,2,22100,45.12800904977376,22100.0,45.163529411764706,22100.0,45.13117647058824,22100.0
20260618,001896,1,48300,20.715381366459624,48300.0,20.716688198757765,48300.0,20.71248695652174,48300.0
20260618,300058,2,65400,15.26900366972477,65400.0,15.269176758409785,65400.0,15.270123394495414,65400.0
20260618,002475,1,14400,69.25729166666666,14400.0,69.25007083333334,14400.0,69.28055625,14400.0
20260618,002600,2,59100,16.841710321489003,59100.0,16.846275296108292,59100.0,16.851707614213197,59100.0
20260618,300433,1,17900,55.73787597765363,17900.0,55.80195251396648,17900.0,55.683296648044696,17900.0
20260618,002156,2,14700,67.97231292517007,14700.0,67.94734081632653,14700.0,67.94095102040816,14700.0
20260618,000636,1,13400,74.13723880597014,13400.0,74.13536940298508,13400.0,74.08283507462687,13400.0
20260618,002230,2,23300,42.86669141630901,23300.0,42.87489012875536,23300.0,42.87896738197425,23300.0
20260618,000988,1,5700,174.2657894736842,5700.0,174.3940350877193,5700.0,174.40724561403508,5700.0
20260618,002463,2,6800,147.1097205882353,6800.0,147.1427794117647,6800.0,147.24263235294117,6800.0
20260618,002709,1,19100,52.358432460732985,19100.0,52.325706282722514,19100.0,52.318584816753926,19100.0
20260618,002008,2,7600,131.2458947368421,7600.0,131.23244736842105,7600.0,131.15117105263158,7600.0
20260618,301526,1,24600,40.49072845528455,24600.0,40.48699349593496,24600.0,40.47252195121951,24600.0
20260618,002436,2,21100,47.22616350710901,21100.0,47.23743933649289,21100.0,47.26364644549763,21100.0
20260618,002428,1,9800,101.55437755102041,9800.0,101.4759081632653,9800.0,101.37419387755102,9800.0
20260618,002407,2,26200,38.07854656488549,26200.0,38.0565248091603,26200.0,38.111187022900765,26200.0
20260618,000063,1,26400,37.80553143939394,26400.0,37.81700757575758,26400.0,37.800720075757575,26400.0
20260618,000657,2,10700,92.86822523364486,10700.0,92.87317570093458,10700.0,92.75841121495327,10700.0
20260618,300166,1,59700,16.622833333333332,48000.0,16.59525793814433,48500.0,16.632549134199134,46200.0
20260618,300285,2,11400,87.29377280701755,11400.0,87.41649561403509,11400.0,87.30675877192982,11400.0
20260618,300319,1,39700,25.197690680100756,39700.0,25.190770025188918,39700.0,25.209318387909324,39700.0
20260618,000021,2,23300,42.922144635193135,23300.0,42.91737854077253,23300.0,42.962872961373385,23300.0
20260618,300059,1,52800,18.939261363636362,52800.0,18.941363636363636,52800.0,18.940568181818183,52800.0
20260618,002044,2,174800,5.700617688787186,174800.0,5.703249256292906,174800.0,5.695171613272311,174800.0
20260618,300014,1,14900,66.98852348993289,14900.0,66.96785100671141,14900.0,66.96335167785234,14900.0
20260618,002202,2,44100,22.63042811791383,44100.0,22.630021768707483,44100.0,22.63009501133787,44100.0
20260618,002585,1,67400,14.856747922848667,67400.0,14.85155415430267,67400.0,14.841535459940655,67400.0
20260618,300975,2,23500,42.35199829787234,23500.0,42.35352978723404,23500.0,42.37106382978723,23500.0
20260618,002245,1,50800,19.72153031496063,50800.0,19.729180511811023,50800.0,19.726385433070863,50800.0
20260618,002472,2,23100,43.265113419913426,23100.0,43.256541125541126,23100.0,43.26865411255411,23100.0
20260618,300442,1,11800,84.56177966101694,11800.0,84.55669576271187,11800.0,84.62457288135593,11800.0
20260618,002741,2,25100,39.8049780876494,25100.0,39.80262549800797,25100.0,39.80302470119521,25100.0
20260618,300274,1,6700,147.73655223880598,6700.0,147.70164179104478,6700.0,147.70149253731344,6700.0
20260618,002361,2,65100,15.325207987711215,65100.0,15.334145161290325,65100.0,15.313100460829492,65100.0
20260618,002080,1,12400,80.57701612903226,12400.0,80.61362741935484,12400.0,80.56459677419355,12400.0
20260618,002261,2,33000,30.220239999999997,33000.0,30.220666666666666,33000.0,30.220575454545454,33000.0
20260618,000960,1,23600,42.44966101694915,23600.0,42.44364618644068,23600.0,42.469321610169494,23600.0
20260618,002179,2,24600,40.51069268292683,24600.0,40.47426747967479,24600.0,40.541911382113824,24600.0
20260618,002747,1,27300,36.45091831501832,27300.0,36.36937509157509,27300.0,36.644870329670326,27300.0
20260618,000831,2,16100,62.19453416149069,16100.0,62.146149689440996,16100.0,62.08925279503105,16100.0
20260618,301171,1,26000,38.389301153846155,26000.0,38.39722576923077,26000.0,38.412848461538466,26000.0
20260618,002938,2,8400,117.72105952380952,8400.0,117.75941666666667,8400.0,117.73620238095239,8400.0
20260618,000681,1,46700,21.365544967880084,46700.0,21.380195717344755,46700.0,21.41915653104925,46700.0
20260618,002208,2,55100,18.15787731397459,55100.0,18.141431941923774,55100.0,18.168295825771327,55100.0
20260618,300450,1,21100,47.43777440758294,21100.0,47.45199478672986,21100.0,47.39009099526066,21100.0
20260618,002837,2,13400,74.57634328358209,13400.0,74.57626791044775,13400.0,74.57447014925373,13400.0
20260618,002378,1,28700,34.848361672473864,28700.0,34.80686898954704,28700.0,34.77613101045296,28700.0
20260618,002119,2,30000,33.47756666666667,30000.0,33.47140399999999,30000.0,33.51106633333333,30000.0
20260618,300179,1,20600,48.51485388349514,20600.0,48.49966067961165,20600.0,48.342226699029126,20600.0
20260618,000539,2,127800,7.816760602503912,127800.0,7.812636838810642,127800.0,7.817566486697966,127800.0
20260629,000725,1,129300,7.718221276102088,129300.0,7.712026241299304,129300.0,7.709087486465584,129300.0
20260629,002185,2,46900,21.4686763326226,46900.0,21.422860554371002,46900.0,21.452452665245204,46900.0
20260629,000021,1,17500,57.053029714285714,17500.0,57.06428342857143,17500.0,57.04462857142857,17500.0
20260629,002156,2,14400,69.51777777777778,14400.0,69.45145277777777,14400.0,69.5582625,14400.0
20260629,000100,1,188300,5.320355815188529,188300.0,5.3198194370685075,188300.0,5.317174721189591,188300.0
20260629,300059,2,49200,20.310468292682927,49200.0,20.31308943089431,49200.0,20.31152520325203,49200.0
20260629,000988,1,5600,176.47875,5600.0,176.1000535714286,5600.0,176.79839285714286,5600.0
20260629,002600,2,63000,15.910620000000002,63000.0,15.934791587301588,63000.0,15.877492698412697,63000.0
20260629,002475,1,15600,64.30365512820514,15600.0,64.2843641025641,15600.0,64.24275448717948,15600.0
20260629,002463,2,7100,140.40026760563381,7100.0,140.17604225352113,7100.0,139.89491549295775,7100.0
20260629,300433,1,19100,52.39047120418848,19100.0,52.41680890052356,19100.0,52.249738219895285,19100.0
20260629,002436,2,20300,49.624925615763544,20300.0,49.49428866995074,20300.0,49.69423152709359,20300.0
20260629,001399,1,27800,36.03266223021583,27800.0,36.02219316546763,27800.0,35.967842446043164,27800.0
20260629,300285,2,9500,104.95020000000001,9500.0,105.04464210526315,9500.0,104.73113684210527,9500.0
20260629,301526,1,21300,46.9133779342723,21300.0,46.92178544600939,21300.0,46.84962159624413,21300.0
20260629,000636,2,12600,79.095,12600.0,78.8977007936508,12600.0,79.08674920634921,12600.0
20260629,002050,1,24200,41.33339173553719,24200.0,41.3581,24200.0,41.31855537190083,24200.0
20260629,000657,2,10500,95.64561809523809,10500.0,95.56542857142857,10500.0,95.50542666666666,10500.0
20260629,000066,1,53300,18.769208630393994,53300.0,18.774951969981238,53300.0,18.765196247654785,53300.0
20260629,300136,2,8300,121.14224096385543,8300.0,121.04175903614457,8300.0,121.13248192771086,8300.0
20260629,002129,1,87900,11.369644823663254,87900.0,11.376296814562002,87900.0,11.356036973833902,87900.0
20260629,002008,2,6900,146.19620289855072,6900.0,145.58210144927537,6900.0,146.3338695652174,6900.0
20260629,002491,1,30300,33.135379537953796,30300.0,33.124424422442246,30300.0,33.0586399339934,30300.0
20260629,300319,2,33900,29.543066076696167,33900.0,29.519734218289084,33900.0,29.594425663716812,33900.0
20260629,002428,1,8600,116.45953488372095,8600.0,116.4216046511628,8600.0,116.34161627906977,8600.0
20260629,002354,2,107000,9.335753158878505,107000.0,9.335939607476636,107000.0,9.327538205607476,107000.0
20260629,002938,1,9900,101.18913030303031,9900.0,101.03730202020202,9900.0,100.96201010101011,9900.0
20260629,000977,2,15100,66.3830463576159,15100.0,66.36648741721854,15100.0,66.36715165562914,15100.0
20260629,300395,1,7700,129.91716883116882,7700.0,129.60936363636364,7700.0,129.7757142857143,7700.0
20260629,002080,2,11100,90.17153333333333,11100.0,90.20531171171172,11100.0,90.4071108108108,11100.0
20260629,300408,1,6000,165.73166666666665,6000.0,165.85833333333332,6000.0,165.67968333333332,6000.0
20260629,002361,2,70400,14.126184090909092,70400.0,14.140971306818182,70400.0,14.156821590909091,70400.0
20260629,300346,1,11400,87.78280701754386,11400.0,87.68578771929825,11400.0,87.75245877192982,11400.0
20260629,002714,2,28700,34.833691289198605,28700.0,34.77268292682927,28700.0,34.845122648083624,28700.0
20260629,002273,1,30500,32.79380327868852,30500.0,32.764558688524595,30500.0,32.7927868852459,30500.0
20260629,002594,2,12500,79.56192,12500.0,79.6531184,12500.0,79.6479224,12500.0
20260629,300088,1,90800,11.036406387665199,90800.0,11.033182158590307,90800.0,11.022625110132159,90800.0
20260629,002202,2,45700,21.834377461706783,45700.0,21.836695842450766,45700.0,21.84995623632385,45700.0
20260629,300398,1,17200,58.03982790697675,17200.0,58.021975581395346,17200.0,57.98471046511628,17200.0
20260629,002837,2,12700,78.71897637795276,12700.0,78.53472362204724,12700.0,78.66764173228347,12700.0
20260629,301217,1,6300,159.2474603174603,6300.0,159.0987142857143,6300.0,158.9392380952381,6300.0
20260629,300014,2,15900,62.70276729559748,15900.0,62.69345597484276,15900.0,62.68823710691824,15900.0
20260629,002709,1,19800,50.39858838383839,19800.0,50.461262626262624,19800.0,50.4379297979798,19800.0
20260629,002119,2,29000,34.7594824137931,29000.0,34.6033075862069,29000.0,34.692785862068966,29000.0
20260629,002558,1,35900,27.67075320334262,35900.0,27.650333704735374,35900.0,27.581222841225625,35900.0
20260629,000858,2,13400,73.91827985074626,13400.0,73.94417910447761,13400.0,73.85342985074627,13400.0
20260629,301511,1,7100,140.65281690140844,7100.0,140.27169014084507,7100.0,139.76857746478873,7100.0
20260629,002617,2,104600,9.579799244741874,104600.0,9.578881606118546,104600.0,9.59919705544933,104600.0
20260629,002297,1,34300,29.123733819241984,34300.0,29.101919825072887,34300.0,29.063554810495624,34300.0
20260629,002466,2,16900,58.99502840236686,16900.0,59.01798994082841,16900.0,59.07661952662721,16900.0
20260629,300759,1,34500,28.84622579710145,34500.0,28.840118840579713,34500.0,28.852205797101448,34500.0
20260629,000960,2,22300,44.68083542600897,22300.0,44.677108520179374,22300.0,44.68323228699552,22300.0
20260629,000630,1,158900,6.295714436752674,158900.0,6.29431076148521,158900.0,6.295878130899937,158900.0
20260629,300458,2,26600,37.71536654135338,26600.0,37.73905789473684,26600.0,37.74387067669173,26600.0
20260629,300054,1,10400,96.37836826923078,10400.0,96.31730865384615,10400.0,96.27625192307693,10400.0
20260629,000063,2,28400,35.16503521126761,28400.0,35.16067394366197,28400.0,35.18123415492958,28400.0
20260629,000776,1,42700,23.42449320843091,42700.0,23.41557634660421,42700.0,23.40546955503513,42700.0
20260629,300274,2,6500,152.17586153846153,6500.0,152.00543076923077,6500.0,151.9936923076923,6500.0
20260629,300166,1,60800,16.466003289473683,60800.0,16.44935625,60800.0,16.444247368421053,60800.0
20260629,002138,2,13200,75.22378787878787,13200.0,75.06666515151515,13200.0,75.04712121212121,13200.0
