sym,activity,informed,size,cxl,px,logact,logsize,cluster
000001,375.626582278481,0.08220469402866477,2960.5729946583824,0.24059477946379432,11.1,2.5747563187601012,4.3185850100788254,3
000002,349.6666666666667,0.07652804956510673,5244.077620967742,0.2600746162389998,4.88,2.5436542334738954,4.3185850100788254,3
000004,20.83050847457627,0.09737007153803903,2096.470588235294,0.287632153045813,10.61,1.3186998712443099,4.3185850100788254,2
000005,8.836909871244636,0.07762326378163208,10176.923076923076,0.3333333333333333,1.41,0.9463004255920124,4.3185850100788254,2
000006,142.7299578059072,0.08887584729881048,2150.606033717835,0.2390342439399769,8.645,2.1545151374054816,4.3185850100788254,1
000007,59.654008438818565,0.12072268277648115,1491.186396677051,0.2826086956521739,11.295,1.7756396313151763,4.3185850100788254,2
000008,105.46835443037975,0.07276186159179861,5486.666666666667,0.2830188679245283,2.71,2.0231221699852666,4.3185850100788254,3
000009,144.64556962025316,0.08663108275994304,1857.8956873510078,0.23164313222079586,9.355,2.1603051360901673,4.3185850100788254,1
000010,67.21097046413502,0.08380495530337358,3845.8333333333335,0.2758620689655172,3.29,1.8274401662559483,4.3185850100788254,1
000011,53.10126582278481,0.10475732113057412,1118.7423500611994,0.24037037037037035,8.614999999999998,1.7251048738742776,4.3185850100788254,1
000012,99.42405063291139,0.08665129014185853,2771.282169825859,0.2528669410150891,4.7,1.9974914527447027,4.3185850100788254,1
000014,79.48523206751055,0.09770952341996883,1158.6618876941457,0.26220238095238096,12.405000000000001,1.900286446551292,4.3185850100788254,1
000016,91.88185654008439,0.07950186822231038,3832.692307692308,0.2727272727272727,3.78,1.9632297618491557,4.3185850100788254,1
000017,85.60759493670886,0.09115016698166609,1393.9108187134505,0.24053571428571424,6.49,1.9325122961349013,4.3185850100788254,1
000019,76.31223628691984,0.09816551468966202,1504.4590643274855,0.2285714285714285,7.075,1.8825941804950719,4.3185850100788254,1
000020,65.5717299578059,0.09956955719606833,828.763440860215,0.2784237726098191,13.99,1.816716641668927,4.3185850100788254,2
000021,734.373417721519,0.08487031598959843,1081.4268764830772,0.2269818149717514,26.064999999999998,2.865916948223417,4.3185850100788254,3
000023,7.175877734650671,0.1324209850150677,2265.625,0.25,6.24,0.8558750304235913,4.3185850100788254,0
000025,66.80801687763713,0.09394337510845749,1111.0449002217294,0.25,16.55,1.824828580391902,4.3185850100788254,1
000026,64.41983122362869,0.10420580943455784,923.7639553429027,0.25460191981931113,15.190000000000001,1.8090195826577993,4.3185850100788254,1
000027,126.44092827004219,0.08740922289694335,2463.4571204234157,0.2222222222222222,6.6850000000000005,2.101887675565812,4.3185850100788254,1
000028,64.39451476793249,0.09631664429416895,618.6625529166965,0.25238988653622796,25.58,1.808848875007698,4.3185850100788254,1
000029,78.68565400843883,0.10979180356988759,717.1831637372803,0.26946386946386947,20.845,1.8958955588787503,4.3185850100788254,2
000030,89.58227848101265,0.0948726527140979,1513.392857142857,0.21439423924006995,5.29,1.9522221043148165,4.3185850100788254,1
000031,106.36286919831224,0.08786563667824157,2766.8026517083117,0.32247453310696095,2.94,2.0267900441558395,4.3185850100788254,2
000032,265.31434599156114,0.08773151989113967,1038.5304988282558,0.2383705918078633,19.605,2.4237607336480878,4.3185850100788254,3
000034,334.91139240506334,0.08685239517318157,805.9644206165468,0.23314966245591406,35.379999999999995,2.5249299208289187,4.3185850100788254,3
000035,151.76582278481013,0.08977192811406953,2549.6799191374666,0.2244897959183673,5.61,2.181173980735117,4.3185850100788254,1
000036,145.79957805907173,0.09397628242952029,2286.285046728972,0.2272727272727272,4.83,2.1637562671446307,4.3185850100788254,1
000037,100.53586497890296,0.08965243811182833,1598.2855107855107,0.25,9.105,2.002321018809549,4.3185850100788254,1
000038,10.752073946935564,0.09047209735374889,4458.279220779221,0.3333333333333333,4.105,1.0314922425620225,4.3185850100788254,2
000039,289.4388185654009,0.08382742644860677,1620.8757126701473,0.2011071798938571,9.280000000000001,2.4615567768112943,4.3185850100788254,3
000040,56.81856540084388,0.07781535795999805,4601.731601731602,0.3009433962264151,3.745,1.7544902641218227,4.3185850100788254,2
000042,49.9170778802832,0.11344164918400879,1438.0221653878943,0.2506038647342995,8.184999999999999,1.6982491540459057,4.3185850100788254,2
000045,71.68776371308017,0.10159752392611199,1186.842105263158,0.25,11.78,1.8554450328589418,4.3185850100788254,1
000046,69.22362869198312,0.06527605135509958,13518.181818181818,0.4137931034482758,1.16,1.8402543612048485,4.3185850100788254,2
000048,105.81434599156117,0.09884203068806638,957.5971143174252,0.2526744778400407,16.93,2.024544552033807,4.3185850100788254,1
000049,130.32489451476792,0.09162987513559011,663.84,0.2472989195678271,26.54,2.115027382080371,4.3185850100788254,1
000050,173.73839662447256,0.08814588170456823,1558.7268518518517,0.21285845134925663,8.92,2.239895809232009,4.3185850100788254,3
000055,50.49367088607595,0.09524994049198975,2258.8976750473103,0.241901776384535,3.995,1.703236945019398,4.3185850100788254,1
000056,84.57383966244726,0.08046376467005018,6088.135593220339,0.2982456140350877,2.1,1.9272360480603352,4.3185850100788254,2
000058,84.67510548523207,0.097762300444782,1262.3737373737372,0.23042886317222594,8.03,1.92775574634561,4.3185850100788254,1
000059,122.27004219409282,0.09179492443735876,2051.1097659402744,0.2185389914108342,5.29,2.0873200620768393,4.3185850100788254,1
000060,364.7721518987342,0.0824514308072117,3066.3904276693456,0.21682534333136733,5.975,2.5620216752200817,4.3185850100788254,3
000061,90.78481012658227,0.09891050351009727,1706.8365180467092,0.2409428197293758,6.905,1.9580131895997037,4.3185850100788254,1
000062,188.22362869198312,0.08772553069462526,868.8921063921064,0.24618305820351855,25.305,2.274674141760774,4.3185850100788254,3
000063,1049.7805907172997,0.08237827089145301,1051.8101574695177,0.22185306471040223,36.510000000000005,3.021098538881447,4.3185850100788254,3
000065,171.85443037974682,0.08803245841710822,1541.7921434785517,0.23424615697851975,12.305,2.2351607326598906,4.3185850100788254,3
000066,579.879746835443,0.07973123814686625,1584.4970047510842,0.23942356850715746,15.1,2.763337940630936,4.3185850100788254,3
000068,65.43037974683544,0.09402935472878107,2613.6923076923076,0.2404454722492697,3.42,1.8157794408772494,4.3185850100788254,1
000069,98.55696202531647,0.0808894646415499,7009.782608695652,0.2677868391451068,2.48,1.9936873080917017,4.3185850100788254,1
000070,518.7088607594937,0.08146813076389073,1595.2941176470588,0.25,12.34,2.714923666821589,4.3185850100788254,3
000078,144.86919831223628,0.0743104046890132,3941.034482758621,0.2857142857142857,3.09,2.160976056796095,4.3185850100788254,3
000088,94.66033755274262,0.08420553019078739,2622.5518082080453,0.24735788185560126,4.56,1.9761680488012345,4.3185850100788254,1
000089,73.34810126582278,0.09289775183566841,1633.7816807469985,0.2222222222222222,6.93,1.86538887591006,4.3185850100788254,1
000090,87.70886075949367,0.08696311086440395,3178.3805309734516,0.2354216252975178,3.8,1.9430434700429675,4.3185850100788254,1
000096,49.29535864978902,0.10414829858967817,1542.9102344196685,0.2727272727272727,10.2,1.6928060306833996,4.3185850100788254,2
000099,119.12447257383965,0.0865537903294371,1184.173669467787,0.25,17.814999999999998,2.0760009908024952,4.3185850100788254,1
000100,718.704641350211,0.07727935121125468,6143.799367046879,0.25525601363722455,4.465,2.8565504495127607,4.3185850100788254,3
000150,28.70464135021097,0.054584312303864485,12224.489795918367,0.391304347826087,1.09,1.4579521249504634,4.3185850100788254,2
000151,76.96624472573839,0.09626630794281296,1139.0625,0.25,12.36,1.8863002973341212,4.3185850100788254,1
000155,245.61814345991561,0.08490074383391591,1611.5048089767565,0.23931485164589839,12.75,2.390260444364445,4.3185850100788254,3
000156,86.64767932489451,0.09423929147782636,1527.2169059011164,0.2325581395348837,7.56,1.9377569355451563,4.3185850100788254,1
000157,304.8333333333333,0.07972352947582304,2424.9769585253453,0.21183498116760824,7.87,2.484062455092773,4.3185850100788254,3
000158,370.0632911392405,0.07843600694933216,1281.5043959622274,0.26759193776520507,17.63,2.5682760068828614,4.3185850100788254,3
000159,86.85654008438819,0.09884776243993026,2037.2487872487873,0.238095238095238,6.375,1.938802525323401,4.3185850100788254,1
000166,224.17299578059072,0.08348941132335155,4700.169983416252,0.2370295698924731,4.73,2.3505832956370876,4.3185850100788254,3
000301,185.21097046413502,0.08769405294441773,1421.3028169014085,0.2244285160790391,11.28,2.2676667073509456,4.3185850100788254,3
000333,519.0717299578059,0.07326506993771109,591.4884633609954,0.2048543416974066,77.065,2.715227376677625,4.3185850100788254,3
000338,705.4789029535865,0.07478809240409055,1294.4035545994675,0.19202632865423558,18.08,2.848484030892864,4.3185850100788254,3
000400,247.5042194092827,0.08443311328018711,961.1297588127744,0.23061899038461536,26.04,2.3935826071101873,4.3185850100788254,3
000401,66.03375527426161,0.0918658224558761,2300.0,0.2522130826478652,4.76,1.8197659958723635,4.3185850100788254,1
000402,74.41139240506328,0.08666802476793924,4810.101010101011,0.2692307692307692,2.825,1.8716394312433424,4.3185850100788254,1
000403,76.75105485232066,0.09604323302600279,1406.5992144808743,0.25543735224586284,14.125,1.8850843530533796,4.3185850100788254,1
000404,86.02531645569621,0.0951728133294801,1762.420814479638,0.21352583586626134,7.04,1.9346262789065667,4.3185850100788254,1
000407,74.10548523206751,0.08546320976582689,3218.1673837328417,0.27165775401069514,4.275,1.8698503553187635,4.3185850100788254,1
000408,315.1181434599156,0.09118555945352115,487.8116343490305,0.2394366197183098,73.24,2.498473409132993,4.3185850100788254,3
000409,90.10126582278481,0.0910340397786414,1443.1552461311437,0.24519052904180536,10.155000000000001,1.9547308923773856,4.3185850100788254,1
000410,88.23839662447257,0.09025987164968043,2625.8071025020176,0.2372881355932203,6.859999999999999,1.9456576079603471,4.3185850100788254,1
000411,50.9746835443038,0.0984625542165344,1181.5113871635613,0.24357284113381672,11.465,1.7073545383169901,4.3185850100788254,1
000413,91.43459915611814,0.06676925005206766,7305.555555555556,0.2903225806451613,1.82,1.961110565309714,4.3185850100788254,3
000415,241.98101265822785,0.08546708814266153,3519.7682306387787,0.22190504446279796,4.07,2.3837812898594835,4.3185850100788254,3
000416,22.212499106057354,0.08848711033179746,8135.416666666667,0.30942091616248923,2.17,1.3465974233351647,4.3185850100788254,2
000417,108.22995780590716,0.09019845235771745,2406.5488565488567,0.2495733788395904,6.8149999999999995,2.034347489134594,4.3185850100788254,1
000419,57.24683544303798,0.10031577521064605,1700.6802721088434,0.2369395711500974,5.78,1.75775148424141,4.3185850100788254,1
000420,237.8776371308017,0.08037058807688376,3697.5467434100183,0.23701562834510803,4.23,2.376353615945657,4.3185850100788254,3
000421,89.17721518987342,0.09389687193412749,1459.2725901549431,0.22365994815058232,6.24,1.9502539061549338,4.3185850100788254,1
000422,270.9810126582279,0.08420314481454128,1480.493455694298,0.23144322007958365,14.25,2.4329388614033784,4.3185850100788254,3
000423,150.626582278481,0.08616004451583817,404.61100569259963,0.25150309460654285,50.825,2.1779016220514174,4.3185850100788254,3
000425,407.80168776371306,0.07951910939960256,2490.2874696329945,0.20768825553632386,9.61,2.6104490188549474,4.3185850100788254,3
000426,653.9746835443038,0.08517669818291791,991.6132808797042,0.2140398241043113,35.315,2.815560936382645,4.3185850100788254,3
000428,84.14767932489451,0.09148540467851428,2541.5702479338843,0.2592592592592592,3.59,1.9250421432436298,4.3185850100788254,1
000429,88.65189873417722,0.096027482410016,830.4150278041503,0.2127659574468085,12.28,1.9476880416960456,4.3185850100788254,1
000430,27.345991561181435,0.09842923282138215,2988.8888888888887,0.2666666666666666,7.42,1.4368936754430472,4.3185850100788254,2
000488,31.746835443037973,0.07548159920367034,8364.08088235294,0.3076923076923077,2.375,1.5017004408682375,4.3185850100788254,2
000498,68.9282700421941,0.08958198402606421,1993.691008445107,0.23979166666666663,5.895,1.8383973787327312,4.3185850100788254,1
000501,53.99789029535865,0.09952075821883427,1900.0,0.260643115942029,8.76,1.732376792212179,4.3185850100788254,2
000503,87.71308016877637,0.09773472468291744,1667.7083333333335,0.25,9.165,1.943064362140718,4.3185850100788254,1
000504,15.460294276749973,0.12599024181690258,2231.445374800638,0.2857142857142857,9.254999999999999,1.1892177561768944,4.3185850100788254,0
000505,66.2679950654366,0.09607823968494505,2012.6190476190477,0.25,6.87,1.8213038312340835,4.3185850100788254,1
000506,294.9324894514768,0.08119988276052591,1242.857142857143,0.2436974789915966,13.29,2.4697226166084176,4.3185850100788254,3
000507,51.04430379746836,0.09383370007658025,2708.689839572193,0.25,5.31,1.7079472847705577,4.3185850100788254,1
000509,98.12658227848101,0.09010703969299699,2522.4557522123896,0.24067112225006954,3.545,1.9917866727522675,4.3185850100788254,1
000510,392.44725738396625,0.08509770213173293,1438.1406787998033,0.2222222222222222,13.059999999999999,2.5937812983647355,4.3185850100788254,3
000513,100.14978902953587,0.08648010233770584,587.241124260355,0.24781910810244956,34.94,2.0006500387678385,4.3185850100788254,1
000514,74.20253164556962,0.09227996687386472,2313.790820829656,0.2608695652173913,4.71,1.8704187228119753,4.3185850100788254,1
000516,103.25105485232068,0.07963600559829458,3197.6094276094273,0.25,4.92,2.013894497269862,4.3185850100788254,1
000517,80.76160337552741,0.0927055464837174,4414.323725055432,0.28880908248378123,2.01,1.9072049324884377,4.3185850100788254,2
000518,29.717299578059073,0.08879528816232189,6911.666666666666,0.2727272727272727,2.79,1.4730093423822275,4.3185850100788254,2
000519,294.09493670886076,0.08120546799665532,1242.4603174603176,0.22133733337457084,17.935000000000002,2.468487547532125,4.3185850100788254,3
000520,80.29324894514768,0.0880131706896154,3118.6858656074146,0.2727272727272727,4.21,1.9046790313418827,4.3185850100788254,1
000521,65.72995780590716,0.08535894185703219,2201.470588235294,0.25,6.52,1.8177633534933972,4.3185850100788254,1
000523,91.88396624472574,0.08284581109187071,3249.230945821855,0.25859383392415936,3.32,1.963239733595483,4.3185850100788254,1
000524,87.57383966244726,0.0908321202446975,1368.2114926895615,0.2650060024009604,10.875,1.9423743917044343,4.3185850100788254,1
000525,53.312236286919834,0.08570293945423184,3749.253731343284,0.2803738317757009,5.92,1.7268269002458296,4.3185850100788254,2
000526,53.71308016877637,0.10767329476215817,521.4860139860141,0.310727969348659,36.52,1.7300800576435515,4.3185850100788254,2
000528,190.9451476793249,0.08341898769554429,1736.7822966507176,0.22462069705861298,9.77,2.280908626506826,4.3185850100788254,3
000529,42.14978902953587,0.1072039162673474,1710.5128205128203,0.25,6.02,1.6247954052113491,4.3185850100788254,2
000530,109.03375527426161,0.08729723726061395,2231.1422413793102,0.25,5.96,2.03756097004973,4.3185850100788254,1
000531,73.34388185654008,0.09921996734393954,1872.5459258037017,0.23019576293912575,6.61,1.8653638920475495,4.3185850100788254,1
000532,86.0886075949367,0.09424063478715713,968.7033582089553,0.2307692307692307,13.41,1.9349456835557384,4.3185850100788254,1
000533,255.36497890295357,0.08164121463111851,1510.169630036074,0.2382186035035775,8.75,2.407161337281064,4.3185850100788254,3
000534,261.48523206751054,0.09511434842165645,697.5842397800621,0.23562458691341698,23.14,2.417447166194889,4.3185850100788254,3
000536,221.5379746835443,0.06995582251240327,4036.734242227282,0.3081531954887218,4.26,2.3454481810418826,4.3185850100788254,3
000537,104.12447257383965,0.08830555380433035,1853.3148148148148,0.22587393710352272,9.125,2.017552814569935,4.3185850100788254,1
000538,158.55274261603375,0.07873972187031396,498.7805837745028,0.2176065432630219,55.275,2.2001737587737518,4.3185850100788254,3
000539,164.94936708860757,0.08027865953284512,2440.3501829182496,0.25,5.199999999999999,2.217350653494866,4.3185850100788254,3
000540,109.43459915611814,0.05833321352183082,11225.0,0.3,1.24,2.0391546514943357,4.3185850100788254,3
000541,61.219409282700425,0.09447772484813835,1988.095238095238,0.238095238095238,5.695,1.7868891346944866,4.3185850100788254,1
000543,188.6476793248945,0.08457443200247222,2207.0287075778706,0.2176065432630219,8.09,2.2756514670371906,4.3185850100788254,3
000544,48.91772151898734,0.10642184514668515,1185.5654761904761,0.217391304347826,8.26,1.6894662203434858,4.3185850100788254,1
000545,128.26371308016877,0.08199160536859199,3708.072916666667,0.2606122974015951,2.91,2.108103808065915,4.3185850100788254,1
000546,159.957805907173,0.08430166562437531,2284.3478260869565,0.2423312883435582,6.14,2.204005438416331,4.3185850100788254,3
000547,1163.7194092827003,0.08580918357286935,1164.3073901069565,0.25706556743526987,19.755000000000003,3.0658482778310012,4.3185850100788254,3
000548,60.643459915611814,0.10274539125349597,1544.7318311647095,0.2222222222222222,5.25,1.7827839713079086,4.3185850100788254,1
000550,79.45991561181435,0.09332970501380736,695.0477769536193,0.25371584699453553,18.365000000000002,1.9001480994892557,4.3185850100788254,1
000551,114.83755274261603,0.09386998119479674,1022.5450263868435,0.22732829517670589,13.489999999999998,2.0600839288462174,4.3185850100788254,1
000552,118.63924050632912,0.08421149140045617,5261.135450894488,0.2727272727272727,2.64,2.074228357803147,4.3185850100788254,1
000553,73.06751054852322,0.10124977000502719,1165.6036217303822,0.2222222222222222,6.17,1.8637243109382524,4.3185850100788254,1
000554,99.00210970464136,0.09145184361583153,1863.6494252873563,0.2372685185185185,6.5,1.995644449378578,4.3185850100788254,1
000555,243.63291139240505,0.08375414644925532,1134.9708768174114,0.22042627623736716,13.7,2.386735955022668,4.3185850100788254,3
000557,54.57594936708861,0.10353328185335947,1984.8076923076922,0.2323504983388704,4.9350000000000005,1.7370012991462116,4.3185850100788254,1
000558,114.73206751054852,0.07881080429043988,3839.888539207973,0.2941176470588235,3.9699999999999998,2.0596848197882958,4.3185850100788254,1
000559,499.7552742616034,0.08130174852416854,1460.096930533118,0.2372881355932203,13.11,2.698757386223118,4.3185850100788254,3
000560,174.4409282700422,0.07724807016647879,7272.252747252747,0.30604629911666154,2.9450000000000003,2.2416483890624095,4.3185850100788254,3
000561,106.37763713080169,0.08795897808111755,1490.909090909091,0.25443510737628383,9.434999999999999,2.0268503395054207,4.3185850100788254,1
000563,122.78059071729959,0.08110552679646504,4881.9334049409235,0.25652371227592463,3.36,2.089129718510368,4.3185850100788254,1
000564,262.9704641350211,0.06548484748259853,12308.727604591957,0.36032734486939266,1.89,2.41990697288707,4.3185850100788254,3
000565,86.88396624472574,0.09901192708006283,1307.277331065409,0.2448979591836734,7.19,1.9389396381987458,4.3185850100788254,1
000566,148.60970464135022,0.08036612664441117,2533.5349901896666,0.25747767857142856,5.18,2.1720471710300018,4.3185850100788254,3
000567,98.25105485232068,0.09455055497893872,1847.101556708673,0.2313266443701226,6.16,1.992337221786221,4.3185850100788254,1
000568,281.84388185654007,0.08266602641071585,361.43162393162396,0.2637899559723663,117.77,2.45000861178426,4.3185850100788254,3
000570,75.69831223628691,0.10030354877835834,1845.1305970149256,0.2302494802494802,5.63,1.8790861966118482,4.3185850100788254,1
000571,100.63080168776372,0.09726915942800646,2654.67032967033,0.2413793103448276,5.59,2.0027309325644707,4.3185850100788254,1
000572,237.46835443037975,0.07912582209926912,2423.4704404772583,0.2622950819672131,5.245,2.3756057427526045,4.3185850100788254,3
000573,90.96413502109704,0.09461495845775698,2441.688311688312,0.2409545624532535,4.16,1.958870194160192,4.3185850100788254,1
000576,83.23417721518987,0.09832563866725659,1091.0817975258774,0.22947271307927042,9.48,1.9203016908120112,4.3185850100788254,1
000581,119.1139240506329,0.08643097533579588,898.0461650308978,0.23138461538461536,19.755000000000003,2.0759625321368156,4.3185850100788254,1
000582,177.91139240506328,0.08784424636634217,1742.633928666263,0.2222222222222222,9.54,2.250203758653018,4.3185850100788254,3
000584,32.39662447257384,0.08539984983732507,5594.117647058823,0.3204954954954955,3.4050000000000002,1.5104997617712823,4.3185850100788254,2
000586,98.0379746835443,0.09632085823996642,839.1275167785235,0.25094447346363624,13.795,1.9913943308047835,4.3185850100788254,1
000589,136.7721518987342,0.0858618524010643,2230.0986842105262,0.2262232213700079,5.0,2.1359976799288187,4.3185850100788254,1
000590,50.88607594936708,0.11435587894635973,979.2586304470856,0.25797314476402344,10.365,1.7065989617940285,4.3185850100788254,2
000591,195.50632911392404,0.0782433480906031,3787.537993920973,0.2597402597402597,5.25,2.291160821347028,4.3185850100788254,3
000592,734.9789029535865,0.07445265655764924,2224.783563873068,0.2868217054263566,8.88,2.866274873149039,4.3185850100788254,3
000593,165.68987341772151,0.0922775374215263,1251.8361292962359,0.2352941176470588,13.03,2.219295966155024,4.3185850100788254,1
000595,35.9789029535865,0.08852115309409576,4708.333333333333,0.2857142857142857,6.12,1.5560479169731964,4.3185850100788254,2
000596,113.18143459915612,0.09624000219598702,279.60829493087556,0.3391661594643943,135.74,2.05377519441066,4.3185850100788254,2
000597,88.50210970464136,0.09375394335691614,1851.7679900744415,0.229337431693989,5.22,1.946953623490634,4.3185850100788254,1
000598,128.3776371308017,0.08950190548834766,1801.7857142857144,0.21342260751646647,6.91,2.1084893779653493,4.3185850100788254,1
000599,102.0126582278481,0.09069769873362392,1778.571428571429,0.2363636363636363,5.31,2.0086540644817115,4.3185850100788254,1
000600,188.13713080168776,0.08476544846443007,1776.5164723197101,0.2241379310344827,8.465,2.2744745165014164,4.3185850100788254,3
000601,100.4873417721519,0.08530201326778974,2353.9834748332323,0.2450980392156862,5.11,2.0021113578287486,4.3185850100788254,1
000603,327.11392405063293,0.08846109219165646,826.072607260726,0.2377622377622377,27.79,2.514699030855802,4.3185850100788254,3
000605,48.50632911392405,0.10828380455988279,1216.896551724138,0.2307692307692307,6.74,1.6857984091160654,4.3185850100788254,1
000606,6.009975502408238,0.07852085262587163,6025.833333333333,0.2,2.04,0.7788727017547187,4.3185850100788254,1
000607,91.4915611814346,0.09725004920614655,1987.3307705164634,0.2442533777855764,4.17,1.961381038313979,4.3185850100788254,1
000608,35.0084388185654,0.09120890635321562,6428.303225806452,0.27447384107478556,3.1950000000000003,1.5441727440812318,4.3185850100788254,2
000609,40.19409282700422,0.09991138662191798,2966.6666666666665,0.3090909090909091,8.93,1.6041622311654677,4.3185850100788254,2
000610,79.41350210970464,0.08859068364668096,1489.7297297297298,0.2692307692307692,12.3,1.8998943486892215,4.3185850100788254,1
000612,240.9662447257384,0.08639201758564491,1866.871165644172,0.2253521126760563,10.51,2.3819562095620532,4.3185850100788254,3
000615,14.608510638297872,0.09576590647032725,7316.428571428572,0.2857142857142857,3.36,1.164605941154014,4.3185850100788254,2
000616,12.588983050847459,0.08223673949384078,11389.62962962963,0.3571428571428571,1.53,1.0999906488335576,4.3185850100788254,2
000617,380.5506329113924,0.07770987935584836,3054.684732809733,0.25406164924914376,8.54,2.580412448573291,4.3185850100788254,3
000619,67.87130801687763,0.10194378384092861,1275.1102941176468,0.2222222222222222,6.155,1.8316862190019616,4.3185850100788254,1
000620,329.83544303797464,0.07096075834827906,6183.850931677019,0.322792110423315,2.88,2.518297321680723,4.3185850100788254,3
000622,36.666666666666664,0.09999239692743293,3200.0,0.2608695652173913,2.99,1.5642714304385625,4.3185850100788254,2
000623,113.23628691983123,0.08840319801909517,1037.6324085750316,0.20816666666666664,17.8,2.0539856201714617,4.3185850100788254,1
000625,392.04852320675104,0.07355938177356235,2521.074091093391,0.270697461886761,11.7,2.5933398222673314,4.3185850100788254,3
000626,73.85021097046413,0.09863329971196397,1267.7083333333335,0.2368421052631578,7.74,1.8683517403138796,4.3185850100788254,1
000627,127.18776371308016,0.08458349312767208,3888.5164835164833,0.2637159783635271,3.145,2.1044453313791562,4.3185850100788254,1
000628,221.81856540084388,0.0940528601516954,582.5051047330626,0.28234779925956394,50.24,2.3459978921905797,4.3185850100788254,3
000629,268.9324894514768,0.08150541488785865,5042.058570198105,0.24867042615134216,3.375,2.429643272052813,4.3185850100788254,3
000630,913.1772151898734,0.07763564899171507,4192.716139020735,0.2507055923689999,5.82,2.9605550668121117,4.3185850100788254,3
000631,75.33966244725738,0.09304261622459892,2998.0072463768115,0.26598639455782314,3.29,1.8770236700533136,4.3185850100788254,1
000632,89.81012658227849,0.08943033103763395,2414.9732620320856,0.248780487804878,4.39,1.9533253085030513,4.3185850100788254,1
000633,80.8860759493671,0.09444349046292912,1537.5398089171974,0.238095238095238,6.785,1.9078737668679588,4.3185850100788254,1
000635,70.02742616033755,0.10640114019389421,1096.936782058295,0.2358637069516762,8.6,1.8452681642616748,4.3185850100788254,1
000636,299.9789029535865,0.08754579614991836,1102.3047517036325,0.2163697982345523,17.43,2.4770907125429273,4.3185850100788254,3
000637,64.89662447257385,0.10029373089687074,1926.8634836927517,0.2327380952380952,4.34,1.8122221080321177,4.3185850100788254,1
000638,37.21097046413502,0.08767357046519417,2672.043010752688,0.2972972972972973,4.68,1.5706709965929593,4.3185850100788254,2
000639,108.64135021097046,0.08162306233909306,4018.571428571429,0.2524752475247525,3.08,2.0359951544468275,4.3185850100788254,1
000650,95.55907172995781,0.08719447949443299,2184.0476190476193,0.23909383691992386,5.875,1.9802719223198335,4.3185850100788254,1
000651,434.0232067510549,0.07462825555078831,873.8887975851083,0.19710841694537345,38.760000000000005,2.6375129513891844,4.3185850100788254,3
000652,59.01898734177215,0.09189868758712855,3475.322580645161,0.2666666666666666,4.12,1.7709917535263027,4.3185850100788254,1
000655,74.5253164556962,0.10430214644300162,1047.4547023295945,0.2164414414414414,7.58,1.872303828846511,4.3185850100788254,1
000656,45.59704641350211,0.05457732630384326,21824.095141700403,0.3636363636363636,1.44,1.658936711790273,4.3185850100788254,2
000657,863.5527426160338,0.08684312876488424,965.3963770361488,0.21943060043448886,31.84,2.9362888678184618,4.3185850100788254,3
000659,82.24261603375527,0.09658039414120986,4258.702147525677,0.24606639756157833,3.285,1.9150969162299307,4.3185850100788254,1
000661,157.8945147679325,0.08577588366250763,411.120198074419,0.2689437428243398,94.055,2.198367042944348,4.3185850100788254,3
000663,71.5084388185654,0.10498457789966742,1329.2889463477698,0.24257134451309204,6.890000000000001,1.8543572965713762,4.3185850100788254,1
000665,82.32911392405063,0.08140133308945871,3240.79,0.28,4.995,1.9155534412955704,4.3185850100788254,1
000666,54.65822784810126,0.09478277231472104,1710.2049910873438,0.23496549457771934,9.655000000000001,1.7376555467077706,4.3185850100788254,1
000667,68.49789029535864,0.042851169270361505,6532.009345794393,0.33030303030303027,1.31,1.8356771956209827,4.3185850100788254,3
000668,16.093138502946097,0.1510818377040783,1963.3333333333335,0.3,12.467500000000001,1.2066407489835531,4.3185850100788254,0
000669,13.042020381539391,0.09645501705583621,7866.666666666667,0.3150375939849624,3.03,1.1153448745697365,4.3185850100788254,2
000670,224.27426160337552,0.07713972395387868,2166.7563930013457,0.275,7.65,2.3507794354865985,4.3185850100788254,3
000671,90.05485232067511,0.047167206616645904,9171.42857142857,0.3333333333333333,1.71,1.9545071183695337,4.3185850100788254,3
000672,128.02742616033754,0.09450327278525589,1166.6666666666667,0.2295081967213114,12.665,2.1073030146026106,4.3185850100788254,1
000676,179.25527426160338,0.08444888752857754,2239.2420327304053,0.2427521008403361,7.665,2.2534719428559438,4.3185850100788254,3
000677,85.43037974683544,0.0821651347204421,3242.285714285714,0.2727272727272727,4.0,1.9316123368509475,4.3185850100788254,1
000678,132.0632911392405,0.0820460643789124,1507.4746376811595,0.27196464620761024,11.8,2.120782116091627,4.3185850100788254,1
000679,54.0675105485232,0.10780060897931153,1572.4292101341282,0.26858761746821447,6.67,1.732936373645738,4.3185850100788254,2
000680,164.5337552742616,0.09080809244508395,1459.0692640692641,0.23868829745434988,10.69,2.2162550100396103,4.3185850100788254,1
000681,373.93037974683546,0.08192179857852705,1082.305310788283,0.22811219770054175,21.015,2.572790750579302,4.3185850100788254,3
000682,162.56962025316454,0.09045097429917055,1443.6584249084249,0.22026123464468975,11.99,2.2110393912635304,4.3185850100788254,1
000683,226.45358649789029,0.0892563624848918,2120.1768274521482,0.20775772088168476,7.24,2.354979203287506,4.3185850100788254,3
000685,110.69198312236287,0.09084764588929771,1421.5929487179487,0.21694307485432535,11.125,2.0441161681976245,4.3185850100788254,1
000686,124.64978902953587,0.08527353092239318,2360.0,0.2295081967213114,8.274999999999999,2.095691547794578,4.3185850100788254,1
000688,324.62025316455697,0.08929656574871633,768.8955273147385,0.2352941176470588,27.384999999999998,2.511375612111331,4.3185850100788254,3
000690,165.92405063291142,0.08568891885917174,3879.382877721395,0.2528980679546968,4.725,2.2199093414198967,4.3185850100788254,3
000691,35.0253164556962,0.10503165758153118,2859.090909090909,0.2941176470588235,8.16,1.5443820678505105,4.3185850100788254,2
000692,56.71308016877637,0.0957664484913337,3025.0,0.2580645161290322,3.73,1.7536832350831428,4.3185850100788254,1
000695,108.0379746835443,0.09914067693169443,1101.8181818181818,0.2616822429906542,12.98,2.033576434160311,4.3185850100788254,1
000697,27.554852320675103,0.10309644058393043,3134.313725490196,0.2666666666666666,8.83,1.4401980877807325,4.3185850100788254,2
000698,15.839662447257385,0.0994063604756133,5687.5,0.2857142857142857,3.7725,1.1997459222752238,4.3185850100788254,2
000700,283.53164556962025,0.08595752886829877,1607.0351846977273,0.21989010989010985,11.27,2.4526015384644237,4.3185850100788254,3
000701,107.84599156118144,0.09127358494106479,1837.2688477951638,0.2345679012345679,6.02,2.0328040078047063,4.3185850100788254,1
000702,60.542194092827,0.1041548180525636,1354.4726930320153,0.2448979591836734,6.635,1.7820581560513564,4.3185850100788254,1
000703,238.43881856540085,0.08821746700762037,1600.484464707869,0.2156279251714936,10.555,2.377376961287794,4.3185850100788254,3
000705,57.26371308016878,0.1036754080543062,1379.4745484400655,0.2465650291737248,8.535,1.757879505018903,4.3185850100788254,1
000707,53.80590717299578,0.0999973806173258,1808.7619047619048,0.2352941176470588,6.365,1.7308299580419333,4.3185850100788254,1
000708,167.4746835443038,0.08315710058006051,821.5948002536461,0.2142857142857142,15.295,2.223949165832641,4.3185850100788254,3
000709,157.1476793248945,0.08273494252906025,6551.261203585147,0.28468888149450966,2.29,2.1963079719661707,4.3185850100788254,3
000710,92.59071729957806,0.09280468680401902,1084.039046653144,0.24456264775413705,10.93,1.9665674485863691,4.3185850100788254,1
000711,32.13502109704641,0.07305842253171864,9700.666666666668,0.3333333333333333,1.975,1.5069785893663141,4.3185850100788254,2
000712,142.9198312236287,0.08712338709368227,1573.3477011494251,0.2365228131357163,12.08,2.155092494665233,4.3185850100788254,1
000713,47.447257383966246,0.0911387207777234,2271.428571428572,0.2608695652173913,6.79,1.6762111137615472,4.3185850100788254,1
000715,76.72362869198312,0.0973598286582279,1984.4268476621414,0.2445002391200382,6.21,1.884929134877377,4.3185850100788254,1
000716,96.02742616033754,0.07818637921125814,2707.6585179526355,0.2928931875525651,6.05,1.982395288549904,4.3185850100788254,1
000717,76.89029535864978,0.08566949043491665,3969.2822384428223,0.2709306853582554,2.5549999999999997,1.8858715291622679,4.3185850100788254,1
000718,78.47257383966245,0.0868139449095073,5405.831881533101,0.27887914601601216,2.26,1.894717897365582,4.3185850100788254,1
000719,91.90084388185653,0.08976009352820506,920.5263157894738,0.2352941176470588,12.225000000000001,1.9633194993246423,4.3185850100788254,1
000720,91.65822784810126,0.08548323717165301,2723.6478889265723,0.25298765009554774,3.8499999999999996,1.9621714561901242,4.3185850100788254,1
000721,95.60126582278481,0.08542001804563812,1966.6655274550012,0.2777777777777778,8.735,1.9804636426548765,4.3185850100788254,1
000722,102.45358649789029,0.08626819791560159,1576.1300309597523,0.2666666666666666,12.52,2.0105271659483424,4.3185850100788254,1
000723,196.30801687763713,0.07807313136660174,4056.565656565657,0.25,4.79,2.2929380357927007,4.3185850100788254,3
000725,798.6434599156119,0.08041702511384638,8553.01997841528,0.2646174702345868,4.19,2.902352939577301,4.3185850100788254,3
000726,55.244725738396625,0.10429750674496126,1517.7083333333335,0.2186507936507936,6.755,1.7422908218675748,4.3185850100788254,1
000727,199.62447257383968,0.08022100458917882,6008.54357588813,0.28189565408012274,2.63,2.300213781702213,4.3185850100788254,3
000728,127.05907172995781,0.0846211128257059,2867.08697889861,0.2236199554635308,7.585,2.1040056781357954,4.3185850100788254,1
000729,217.21308016877637,0.08233664996782925,1108.5370518482455,0.20554346434515425,12.155000000000001,2.3368859741123873,4.3185850100788254,3
000731,44.46624472573839,0.1001600556628387,2128.8311688311687,0.25,6.91,1.6480304538529311,4.3185850100788254,1
000732,26.38818565400844,0.06571943263070906,16650.0,0.4210526315789473,1.17,1.4214095308968107,4.3185850100788254,2
000733,205.1054852320675,0.08633084947326045,640.332512315271,0.23279569892473115,50.84,2.3119772750644385,4.3185850100788254,3
000735,136.74261603375527,0.0862015308824899,2126.4995406221287,0.24401694721172562,6.65,2.135903884165428,4.3185850100788254,1
000736,29.270042194092827,0.09238724797368028,4472.115384615385,0.2928571428571428,5.47,1.4664233484894282,4.3185850100788254,2
000737,347.1518987341772,0.08134504018955839,1455.9706695516288,0.2313546532518864,13.665,2.5405195449563074,4.3185850100788254,3
000738,189.07383966244726,0.08820325360133935,1023.1988517100876,0.2333333333333333,21.11,2.2766314438308455,4.3185850100788254,3
000739,119.16033755274262,0.09483034215717044,789.7073799986422,0.2307692307692307,16.855,2.0761317247971673,4.3185850100788254,1
000750,124.20675105485233,0.0821320536325483,5158.974358974359,0.2698899600740091,3.87,2.0941452018485114,4.3185850100788254,1
000751,234.6856540084388,0.08054438322920085,2572.4501440596578,0.24592386152504453,4.29,2.3704865426220447,4.3185850100788254,3
000752,12.588983050847459,0.11092507036118472,2934.9137931034484,0.2727272727272727,9.06,1.0999906488335576,4.3185850100788254,2
000753,110.084388185654,0.08509347941221466,2410.2921168467387,0.2588577302367414,5.76,2.041725733090117,4.3185850100788254,1
000755,51.69409282700422,0.09345768603801244,1733.0649970184854,0.24,5.09,1.7134409183510126,4.3185850100788254,1
000756,99.0464135021097,0.0855587443849317,1157.9102899091704,0.25403320084171144,15.55,1.9958387542365723,4.3185850100788254,1
000757,67.11603375527426,0.09676421171071636,1888.5290148448041,0.2272727272727272,4.67,1.8268262837995821,4.3185850100788254,1
000758,206.22151898734177,0.08508770473465788,2411.203422774249,0.23085805649316035,6.3,2.3143339814607926,4.3185850100788254,3
000759,142.8565400843882,0.07862677586174077,2475.4483837330554,0.2760007395765924,5.88,2.1549001275157087,4.3185850100788254,3
000761,92.9873417721519,0.0945808931013505,1766.950369155045,0.2448979591836734,3.315,1.9684238327188335,4.3185850100788254,1
000762,291.79113924050637,0.08813833652762315,814.1428571428571,0.2398630136986301,27.494999999999997,2.4650720996294635,4.3185850100788254,3
000766,124.29324894514767,0.0965769130726291,1512.0465826651393,0.25429975429975427,21.64,2.094447540343229,4.3185850100788254,1
000767,151.5801687763713,0.07675548556195189,4281.128814805736,0.27475826642493306,3.165,2.1806423862936657,4.3185850100788254,3
000768,245.373417721519,0.07782758512708375,1076.264056306124,0.21346671923253824,24.66,2.3898275120903705,4.3185850100788254,3
000776,331.19620253164555,0.0804477294002926,1594.790626040626,0.2023140716960941,19.345,2.520085348556664,4.3185850100788254,3
000777,117.30379746835443,0.0902641448763325,1045.7150326797387,0.24598191382650442,19.65,2.0693120717306717,4.3185850100788254,1
000778,167.32911392405063,0.08309793151547397,3572.537878787879,0.2272727272727272,4.12,2.2235715112942485,4.3185850100788254,3
000779,62.92194092827004,0.10219802837993941,1461.219107896323,0.24357284113381672,8.76,1.7988021106682943,4.3185850100788254,1
000782,75.58227848101266,0.10431069863448368,1969.5121951219512,0.2328042328042328,5.34,1.8784199798913384,4.3185850100788254,1
000783,210.36919831223628,0.08146413254844304,2958.7477796361845,0.21675773462305245,7.48,2.3229821519156673,4.3185850100788254,3
000785,117.08016877637131,0.07728113515873042,5800.251930040309,0.29930555555555555,2.9400000000000004,2.0684833398173907,4.3185850100788254,1
000786,193.1856540084388,0.08178399371291974,785.0505050505051,0.2359266287160025,25.799999999999997,2.2859748725126976,4.3185850100788254,3
000788,87.88396624472574,0.09453511156871709,2142.3549833646753,0.2413793103448276,6.225,1.9439096486049663,4.3185850100788254,1
000789,36.561181434599156,0.0994777207370846,1780.3775743707092,0.24795081967213115,5.38,1.5630202210398318,4.3185850100788254,2
000790,84.29113924050633,0.09749080795499343,2281.0810810810813,0.2352941176470588,4.02,1.9257819236021032,4.3185850100788254,1
000791,135.1139240506329,0.08488801963955722,1995.6521739130435,0.2254901960784313,6.7,2.130700107177127,4.3185850100788254,1
000792,683.2151898734178,0.08157864714156732,1316.119842020817,0.208860407462734,28.314999999999998,2.8345575134257843,4.3185850100788254,3
000793,27.054852320675106,0.07392948638228805,10376.388888888887,0.2857142857142857,2.65,1.4322451676720034,4.3185850100788254,2
000795,130.44725738396625,0.08739038430651376,1593.058886224354,0.2345344387755102,9.355,2.115434952615767,4.3185850100788254,1
000796,167.86919831223628,0.0774324979098124,3475.7281553398057,0.2808398950131233,5.01,2.2249710163869945,4.3185850100788254,3
000797,86.74472573839662,0.08413321616635391,4649.006364922207,0.2857142857142857,2.94,1.9382430782485578,4.3185850100788254,1
000798,85.26160337552743,0.0922686587590775,1284.7158967685968,0.2585238279736536,10.0,1.9307534954539296,4.3185850100788254,1
000799,176.44725738396625,0.08782437525993861,533.1579572069643,0.27223320158102765,50.66,2.2466149122722623,4.3185850100788254,3
000800,98.9789029535865,0.08463430680076761,1811.1976958525347,0.22139791214032112,6.98,1.995542635938624,4.3185850100788254,1
000801,164.60337552742615,0.08663733398824776,1369.2307692307693,0.2342857142857143,13.79,2.2164387370603533,4.3185850100788254,3
000802,104.60759493670886,0.08609201447794658,2642.806287514367,0.25,4.735,2.0195632172211226,4.3185850100788254,1
000803,90.41350210970464,0.10300756377127598,1373.641765704584,0.24647607702997815,7.365,1.956233291690718,4.3185850100788254,1
000806,11.12154938139169,0.08289871976927145,6780.270676691729,0.2970588235294117,1.565,1.046165294522607,4.3185850100788254,2
000807,489.8966244725738,0.07931908303270069,1145.1576039936522,0.21530770266630755,26.61,2.69010444705383,4.3185850100788254,3
000809,61.57805907172996,0.09428383937500974,3336.538461538461,0.25,3.41,1.7894259959065448,4.3185850100788254,1
000810,172.873417721519,0.08781049817398895,1091.5254237288136,0.2222222222222222,11.96,2.2377282181183333,4.3185850100788254,3
000811,255.88185654008439,0.08823150666946947,1027.5357281877327,0.2304227766139783,16.759999999999998,2.408039493062365,4.3185850100788254,3
000812,70.16877637130801,0.09136602988214723,2858.515364679748,0.2528442146089205,4.43,1.8461439032094153,4.3185850100788254,1
000813,111.03586497890296,0.0861204790467561,3572.9452900041133,0.25,3.49,2.04546328010751,4.3185850100788254,1
000815,328.4535864978903,0.08160289023694055,1567.669068736142,0.2588015613857298,13.135,2.5164740084407664,4.3185850100788254,3
000816,108.27848101265823,0.08133476055576723,4093.180780643688,0.2702702702702703,3.21,2.034542154630351,4.3185850100788254,1
000818,225.59071729957805,0.08443211504158071,1042.8505525383212,0.249390243902439,20.759999999999998,2.3533212251494575,4.3185850100788254,3
000819,59.63713080168776,0.11292616458369957,1034.5731707317073,0.27055180180180183,16.23,1.7755167409686,4.3185850100788254,2
000820,13.14468085106383,0.10928076551801841,5214.285714285715,0.2857142857142857,3.43,1.1187500460297144,4.3185850100788254,2
000821,121.71308016877637,0.08624382944452388,1675.2508361204011,0.2586206896551724,12.79,2.085337253167365,4.3185850100788254,1
000822,94.0464135021097,0.09231479284794503,2089.7326906222615,0.24046182033733896,5.765000000000001,1.9733422382070513,4.3185850100788254,1
000823,202.20042194092827,0.08747843771108882,1218.2951313367912,0.2180453235554658,13.76,2.305782057518215,4.3185850100788254,3
000825,142.78902953586498,0.08471427201858778,3068.8096824339327,0.2368258859784283,4.14,2.1546948419285474,4.3185850100788254,3
000826,77.9746835443038,0.07778742950382718,6274.285714285715,0.2857142857142857,2.23,1.891953620873984,4.3185850100788254,1
000828,58.936708860759495,0.10445042515824977,1016.2109046931165,0.2142857142857142,10.235,1.7703858803513906,4.3185850100788254,1
000829,173.30168776371306,0.08832126874743527,1675.5516447813727,0.23259552656104376,10.39,2.2388027922747833,4.3185850100788254,3
000830,256.15611814345993,0.08406223061068333,1256.6917704314615,0.21750709401311805,13.684999999999999,2.408504733213385,4.3185850100788254,3
000831,478.90084388185653,0.0861354790869531,705.5370985603544,0.22852930306804095,47.205,2.6802456023232732,4.3185850100788254,3
000833,335.61181434599155,0.08536391548805095,1090.040638788447,0.2291666666666666,20.1,2.5258372406398575,4.3185850100788254,3
000836,83.12447257383967,0.08891127379396682,3943.409706824341,0.26568627450980387,2.7800000000000002,1.9197289027141957,4.3185850100788254,1
000837,171.72784810126583,0.08545688661804024,1386.8529411764707,0.24122536945812806,11.844999999999999,2.2348407278692983,4.3185850100788254,3
000838,76.62447257383967,0.08779895749829845,4295.454545454545,0.2557251908396946,2.65,1.8843674981749625,4.3185850100788254,1
000839,111.00632911392405,0.07566330275338956,5809.243697478992,0.2727272727272727,2.755,2.0453477411370304,4.3185850100788254,1
000848,86.08016877637131,0.08924966248170285,1356.7108088761631,0.2128644602048857,8.49,1.9349031098392153,4.3185850100788254,1
000850,68.79957805907173,0.10288639458774684,2008.4658187599364,0.22961896322552056,4.395,1.837585774759076,4.3185850100788254,1
000851,77.46835443037975,0.08139586749975562,4000.0,0.2727272727272727,4.2,1.8891243308551198,4.3185850100788254,1
000852,95.62869198312237,0.09630106658354112,1816.4982578397212,0.23553323768531798,6.97,1.980588215502277,4.3185850100788254,1
000856,71.29324894514768,0.09616688988961629,1062.2226015705019,0.2379000780640124,10.05,1.853048406644515,4.3185850100788254,1
000858,503.9493670886076,0.08019040434567871,414.85575473005474,0.23283079390537284,107.935,2.702386904106924,4.3185850100788254,3
000859,264.7658227848101,0.08153214726834936,1985.214639630262,0.2546591040629702,9.33,2.4228619236153848,4.3185850100788254,3
000860,72.54852320675104,0.08693821833039114,1319.5378151260502,0.25,14.81,1.8606285763921329,4.3185850100788254,1
000861,50.79324894514768,0.06859304367463115,7296.809280071214,0.2958645517827727,2.02,1.7058059929786673,4.3185850100788254,1
000862,107.24050632911391,0.08997552252524499,2360.857119819384,0.25,6.165,2.030358855808987,4.3185850100788254,1
000863,103.94092827004219,0.09673514378502376,3025.0,0.2440944881889764,4.68,2.0167865910779206,4.3185850100788254,1
000868,62.75949367088607,0.09265745145560728,2485.1304347826085,0.26598639455782314,4.91,1.7976794311413613,4.3185850100788254,1
000869,25.259996409013375,0.11943910180818082,512.2926093514329,0.2777777777777778,20.77,1.4024332844795737,4.3185850100788254,2
000875,154.84599156118145,0.08493557963349613,3381.03661923685,0.23763736263736254,5.65,2.1898999674235644,4.3185850100788254,3
000876,141.61181434599155,0.07952799921202261,2402.3976608187136,0.23888339920948615,8.91,2.1510994870489175,4.3185850100788254,3
000877,77.1139240506329,0.08930829241083336,2319.6078431372553,0.2368421052631578,5.375,1.8871328033735635,4.3185850100788254,1
000878,374.7763713080169,0.08225580852046743,1360.333083577413,0.215441906653426,17.545,2.5737722019221803,4.3185850100788254,3
000880,223.93037974683546,0.08628246849294592,726.0665610903158,0.2463768115942029,26.785,2.3501130165866204,4.3185850100788254,3
000881,81.61603375527426,0.09260804199849926,1815.8878504672896,0.2309236947791164,7.81,1.9117754858054012,4.3185850100788254,1
000882,91.43459915611814,0.0764751450639223,8756.53250773994,0.34716054787666517,1.7650000000000001,1.961110565309714,4.3185850100788254,2
000883,118.5928270042194,0.08645753655204674,2862.6026272577997,0.23377254563127764,4.64,2.0740584218554416,4.3185850100788254,1
000885,55.381856540084385,0.10182499473205749,906.6666666666667,0.23769168684422914,13.545,1.743367510304456,4.3185850100788254,1
000886,96.38818565400844,0.09171116348103642,2182.5563445507873,0.2442317916002126,5.68,1.98402380548263,4.3185850100788254,1
000887,219.41772151898735,0.08485919845336333,1244.4201364384849,0.22455259026687596,18.57,2.341271700937399,4.3185850100788254,3
000888,100.9957805907173,0.09105464173765859,1304.5546558704455,0.2441734417344173,12.445,2.0043032301742634,4.3185850100788254,1
000889,84.13502109704642,0.08212312214936926,3300.0,0.2727272727272727,3.55,1.9249768079655332,4.3185850100788254,1
000890,128.88185654008439,0.08442794653152064,1794.1176470588234,0.2645993179880648,5.335,2.1101917834579242,4.3185850100788254,1
000892,188.17510548523205,0.08226024596063089,2284.9933993399336,0.2593850644122383,4.5,2.2745621681586363,4.3185850100788254,3
000893,197.67510548523205,0.09250270697078494,613.0793361667679,0.2575432020980414,45.455,2.29595197922187,4.3185850100788254,3
000895,179.62025316455697,0.07971237286892115,620.0152207001522,0.2210612360948217,26.14,2.254355304167033,4.3185850100788254,3
000897,66.98945147679325,0.08772872696586201,5565.714285714286,0.2857142857142857,2.24,1.8260064217144145,4.3185850100788254,2
000898,109.78270042194093,0.08664933270358106,4267.444059249921,0.27761721258831085,2.46,2.0405339093015233,4.3185850100788254,1
000899,128.88185654008439,0.08720571886174369,1497.560975609756,0.2317518620548923,10.125,2.1101917834579242,4.3185850100788254,1
000900,52.60337552742616,0.09163250434787332,2684.1143392689783,0.25,4.13,1.7210136134673966,4.3185850100788254,1
000901,273.68565400843886,0.08391840356303923,1065.7956744273142,0.2352941176470588,18.61,2.4372520332586403,4.3185850100788254,3
000902,122.82067510548524,0.09518553647421957,962.554347826087,0.2162162162162162,13.985,2.0892714802288648,4.3185850100788254,1
000903,41.80801687763713,0.0707062568467783,8215.609756097561,0.3333333333333333,2.5949999999999998,1.6212595677052748,4.3185850100788254,2
000905,106.54852320675106,0.09009373519444999,1653.2861572917564,0.2532392980154174,9.379999999999999,2.0275474346452125,4.3185850100788254,1
000906,49.02320675105485,0.09944471742087607,1593.4596608427544,0.2307692307692307,6.15,1.6904017163150293,4.3185850100788254,1
000908,47.042194092827,0.08474336413526909,4672.727272727273,0.3137254901960784,6.59,1.6724875694495773,4.3185850100788254,2
000909,10.577683291197426,0.12863153690279255,3895.945945945946,0.2857142857142857,5.5675,1.0243905595685359,4.3185850100788254,0
000910,35.563291139240505,0.11498555921937584,1312.8137333762334,0.2352941176470588,7.43,1.551001945140477,4.3185850100788254,2
000911,49.219409282700425,0.09913531540143769,1758.3333333333333,0.2432432432432432,7.13,1.6921363971196677,4.3185850100788254,1
000912,74.62447257383965,0.0902386835190889,2648.163992869875,0.25,4.42,1.87288127466901,4.3185850100788254,1
000913,68.83122362869199,0.09873617641066434,886.3425925925926,0.25263625263625256,15.36,1.8377854901765032,4.3185850100788254,1
000915,60.52320675105485,0.09776263306767738,526.7948717948718,0.27013513513513515,31.73,1.7819219305440226,4.3185850100788254,2
000917,194.93248945147678,0.08788132833088436,2291.8242959226563,0.2296447390787013,8.23,2.289884229130824,4.3185850100788254,3
000918,73.86497890295358,0.07315865741481758,3800.0,0.2555555555555555,2.07,1.8684385781213677,4.3185850100788254,1
000919,77.32489451476793,0.09750458909735592,1454.2390194075588,0.2272727272727272,7.245,1.88831933621889,4.3185850100788254,1
000920,67.0126582278481,0.09920657482199813,1066.8911335578005,0.23013871374527106,11.745000000000001,1.826156845674888,4.3185850100788254,1
000921,138.8987341772152,0.08862793256432527,701.891447368421,0.25311573139251925,24.78,2.1426982879092824,4.3185850100788254,1
000922,110.20042194092827,0.09722538488582305,1147.5408014224931,0.2355484873934564,13.105,2.042183257367545,4.3185850100788254,1
000923,143.7278481012658,0.09546513440222701,840.4761904761905,0.23863375430539605,17.025,2.1575409233532064,4.3185850100788254,1
000925,147.04852320675104,0.08718124135252127,1987.122953674678,0.2390620727372163,8.254999999999999,2.1674606672900145,4.3185850100788254,1
000926,67.31434599156117,0.09301408284322399,5584.992183428869,0.2760262725779967,2.3,1.8281076306581134,4.3185850100788254,2
000927,105.51476793248946,0.0802315017869249,5746.704545454546,0.2857142857142857,2.67,2.0233132480957003,4.3185850100788254,1
000928,142.5295358649789,0.08966037559360271,2257.23756680674,0.22672106068332482,6.555,2.1539048708990114,4.3185850100788254,1
000929,17.591489361702127,0.13444722608847048,2133.333333333333,0.2857142857142857,9.52,1.2453026100195332,4.3185850100788254,0
000930,95.09704641350211,0.09207040774765465,1996.7849322364914,0.2258064516129032,5.93,1.9781670285437492,4.3185850100788254,1
000931,61.62236286919831,0.10053887526237065,1636.0830527497194,0.2142857142857142,5.025,1.7897383470380448,4.3185850100788254,1
000932,243.9451476793249,0.08441128751838267,3450.386556252831,0.21509131106332713,5.145,2.387292183968875,4.3185850100788254,3
000933,440.6075949367089,0.08081732807793959,984.325230234234,0.2224392361111111,25.785,2.644051978994219,4.3185850100788254,3
000935,95.43037974683544,0.10354668627820718,676.7387837181888,0.2631578947368421,25.119999999999997,1.979686652021797,4.3185850100788254,1
000936,134.6223628691983,0.0889280361523328,2025.2602244204932,0.2321851726472579,7.48,2.129117208951737,4.3185850100788254,1
000937,122.38607594936708,0.0859336423849689,2424.47192513369,0.24096002037178504,5.72,2.0877320102740957,4.3185850100788254,1
000938,628.1012658227849,0.08225604159022931,1222.7263097072419,0.2179780039966405,25.485,2.798029668645749,4.3185850100788254,3
000948,68.15189873417722,0.09504715068749345,1124.653215636822,0.2654214228064107,16.55,1.8334779599254791,4.3185850100788254,1
000949,243.71729957805906,0.0857727169327403,2310.7270386978907,0.22528860581192384,5.5600000000000005,2.386886357435178,4.3185850100788254,3
000950,116.79113924050634,0.0863327822509003,2685.5980612774797,0.2444444444444444,5.66,2.0674098947889874,4.3185850100788254,1
000951,176.88607594936707,0.0851916060002407,841.6199158485274,0.22561998881223194,17.965000000000003,2.247693647627883,4.3185850100788254,3
000952,74.50210970464136,0.10295205059440829,1197.5769530488994,0.238095238095238,7.25,1.8721685710048217,4.3185850100788254,1
000953,59.835443037974684,0.09748071269814657,1897.560975609756,0.25,6.65,1.7769585110124724,4.3185850100788254,1
000955,89.08227848101265,0.0927555181150219,1965.936626281454,0.23589860122203704,4.96,1.949791316568961,4.3185850100788254,1
000957,134.21518987341773,0.08680597347941502,1420.5585585585584,0.24235749566146042,11.12,2.1278016701167997,4.3185850100788254,1
000958,139.41350210970464,0.08152554737168315,2667.8082191780823,0.2347417840375587,6.14,2.1443048369454374,4.3185850100788254,3
000959,161.27426160337552,0.08590266597105446,2422.745893244848,0.2083333333333333,3.915,2.2075650621468434,4.3185850100788254,3
000960,520.3628691983122,0.08490421255807673,989.1672099501309,0.2113039059096849,30.744999999999997,2.7163062996543497,4.3185850100788254,3
000961,121.37974683544304,0.06973748856715821,9014.728682170542,0.3181818181818182,1.54,2.084146227337306,4.3185850100788254,3
000962,286.94725738396625,0.08777138026675638,770.4549234863606,0.23498918504181393,35.650000000000006,2.4578020781552836,4.3185850100788254,3
000963,160.61814345991561,0.085578798219586,674.3083086207794,0.22941586921850077,35.92,2.205794601711444,4.3185850100788254,3
000965,84.1139240506329,0.08451441588848246,3613.2129061576916,0.2707734330074756,3.725,1.9248678939883093,4.3185850100788254,1
000966,131.17088607594937,0.08050988048139651,3660.466634034916,0.26427906254850225,4.57,2.1178374522678887,4.3185850100788254,3
000967,166.45991561181432,0.08913478581210105,1903.7684025488902,0.2040610556684035,7.07,2.221309670127924,4.3185850100788254,3
000968,103.87552742616035,0.09315510082936805,1736.3695090439278,0.2303099885189437,7.365,2.0165132419203458,4.3185850100788254,1
000969,327.13502109704643,0.08278318402679943,1075.5452103441996,0.21646051923979082,20.385,2.5147270395546713,4.3185850100788254,3
000970,176.084388185654,0.08469629182774985,1408.8600926100926,0.219345138656866,12.47,2.245720852699927,4.3185850100788254,3
000971,6.718181818181818,0.09826397664614912,8813.888888888889,0.26785714285714285,1.8,0.8272517532366006,4.3185850100788254,2
000972,14.313618816769907,0.10331304505691381,7012.237762237763,0.2666666666666666,3.67,1.1557494474190921,4.3185850100788254,2
000973,373.32489451476795,0.08481436581749265,1458.5367625690205,0.2164179104477611,12.815000000000001,2.5720869510565234,4.3185850100788254,3
000975,378.6898734177215,0.07915525270164417,993.7317405700188,0.21781056008927946,21.825000000000003,2.5782836917656478,4.3185850100788254,3
000976,25.645569620253166,0.07897878707833807,10040.0,0.3333333333333333,2.02,1.4090123497338203,4.3185850100788254,2
000977,967.8481012658228,0.08576224329624099,663.3596351414428,0.23796653796653788,60.905,2.985807202392568,4.3185850100788254,3
000978,76.12236286919831,0.0924876215176812,1745.1206244087039,0.2438262195121951,6.85,1.8815122605021029,4.3185850100788254,1
000980,223.34599156118145,0.07472889150640319,7049.351851851852,0.2939600082457225,2.7,2.348978162500799,4.3185850100788254,3
000981,685.4725738396623,0.06926031586649664,5381.079893266363,0.3333333333333333,3.255,2.8359900830958087,4.3185850100788254,3
000982,86.53586497890295,0.06503392222080343,9354.38596491228,0.3518518518518518,1.6,1.9371961390745163,4.3185850100788254,2
000983,248.01054852320675,0.07991615035034176,2761.5860133495144,0.23305203938115326,7.0,2.394470152874584,4.3185850100788254,3
000985,39.58649789029536,0.11890637997194894,548.9009661835748,0.3043478260869565,18.66,1.5975470826010358,4.3185850100788254,0
000987,191.4789029535865,0.08424324662594865,2201.385341049744,0.2208817829457364,7.72,2.2821209305992958,4.3185850100788254,3
000988,927.1582278481012,0.08906300435960035,632.5698094288059,0.2413169169335718,78.18,2.9671538567090643,4.3185850100788254,3
000989,74.55485232067511,0.09179688875309597,1724.3661100803956,0.25,8.934999999999999,1.8724759142882126,4.3185850100788254,1
000990,133.32067510548524,0.08946527502570847,1685.2135478158204,0.21124661246612464,8.355,2.124897504162244,4.3185850100788254,1
000993,137.03586497890296,0.08563437763581025,1612.9166666666665,0.26010204081632654,12.015,2.1368342454336737,4.3185850100788254,1
000995,92.0717299578059,0.08863657449048637,1236.7149538781343,0.2759907359752959,13.5,1.9641263032912777,4.3185850100788254,1
000996,14.169268039762567,0.10092886001404477,3823.8003663003665,0.2702702702702703,4.43,1.1513474159141732,4.3185850100788254,2
000997,182.6645569620253,0.0879169957690098,940.6818021435187,0.23149991703998668,20.685000000000002,2.2616542878611927,4.3185850100788254,3
000998,114.35232067510549,0.08073772334514692,2008.7351945854484,0.2375618811881188,9.81,2.058244982639014,4.3185850100788254,1
000999,155.78059071729956,0.0813762545250134,676.2590216519648,0.2222222222222222,28.740000000000002,2.1925133463437705,4.3185850100788254,3
001201,35.5,0.11225329971327144,928.9583333333333,0.2777777777777778,14.75,1.550228353055094,4.3185850100788254,2
001202,37.61603375527426,0.11721409853124062,604.1666666666667,0.2841655621506367,15.735,1.5753730015012695,4.3185850100788254,2
001203,436.84599156118145,0.0859413743423758,731.9517631737127,0.21737400530503975,29.335,2.6403283550395464,4.3185850100788254,3
001205,42.088607594936704,0.1167334258412123,818.5645933014354,0.264831573655103,16.21,1.624164558348682,4.3185850100788254,2
001206,55.118143459915615,0.10290354180027118,633.8444687842278,0.28482028241335045,20.270000000000003,1.7412945808391023,4.3185850100788254,2
001207,56.95147679324894,0.10682501744895906,801.9461077844312,0.26884735202492205,20.134999999999998,1.7555049901331763,4.3185850100788254,2
001208,192.12869198312234,0.08561185033959134,1049.0964000076533,0.2534205137751303,15.47,2.2835922260770483,4.3185850100788254,3
001209,55.18565400843882,0.1040999587251065,641.9354838709677,0.2964240102171136,20.134999999999998,1.7418261937668127,4.3185850100788254,2
001210,56.664556962025316,0.10827850383759573,589.4939737681673,0.2891006842619746,21.145000000000003,1.753311497538488,4.3185850100788254,2
001211,46.84388185654009,0.1114143021941672,459.3685897435897,0.3021125116713351,26.345,1.670652876985738,4.3185850100788254,2
001212,89.9746835443038,0.10962744604698062,605.6603773584906,0.303030303030303,47.91,1.9541203278428225,4.3185850100788254,2
001213,59.34177215189874,0.08461679901283509,2734.20424403183,0.25,4.1,1.7733605117195927,4.3185850100788254,1
001215,60.824894514767934,0.11540108040865127,465.5048076923077,0.3229967948717949,39.14,1.7840813644307405,4.3185850100788254,0
001216,59.62236286919831,0.10287351278312164,889.3349553933496,0.2750192590517543,16.705,1.7754091833826222,4.3185850100788254,2
001217,69.1139240506329,0.09929562692681637,901.3888888888889,0.2620203421174295,11.875,1.8395655514142957,4.3185850100788254,1
001218,44.120253164556964,0.10833570131895612,384.01960784313724,0.2727272727272727,23.175,1.6446379957820845,4.3185850100788254,2
001219,51.28481012658228,0.11020172494191122,759.6296296296296,0.25,14.66,1.7099887519526906,4.3185850100788254,2
001222,35.027426160337555,0.11470735762895139,583.7108792846498,0.2816778149386845,18.955,1.5444082262291905,4.3185850100788254,2
001223,41.18776371308017,0.1371465767174716,324.2852888624181,0.36474501108647445,52.915,1.6147682126062217,4.3185850100788254,0
001226,39.25316455696203,0.12922207243798234,452.56410256410254,0.35438829787234044,43.285,1.593874674946885,4.3185850100788254,0
001227,88.71940928270041,0.07184028515446028,6735.652673950546,0.31427015250544665,2.33,1.948018641503168,4.3185850100788254,2
001228,38.74261603375527,0.12141752828201505,436.28740970072243,0.3333333333333333,29.45,1.588188942419898,4.3185850100788254,0
001229,45.79746835443038,0.11023098427537406,500.0,0.3119877049180328,36.4,1.6608414712333535,4.3185850100788254,2
001230,45.91139240506329,0.11199257494664148,495.29914529914527,0.3,23.455,1.661920464289993,4.3185850100788254,2
001231,41.01476793248945,0.11532126326739876,544.3376068376069,0.30311730926989333,22.16,1.6129402585927222,4.3185850100788254,2
001234,46.93037974683544,0.10998981901112562,618.9285714285714,0.30495169082125606,25.45,1.6714540684099781,4.3185850100788254,2
001236,112.39451476793249,0.08971638419037575,1179.3056456846202,0.2435897435897435,9.99,2.0507451167121546,4.3185850100788254,1
001238,22.467361071692117,0.16509321991787732,312.5,0.3966331269349845,42.129999999999995,1.3515520648843633,4.3185850100788254,0
001255,49.561181434599156,0.11175178071049292,432.90043290043286,0.3333333333333333,34.075,1.6951416504968344,4.3185850100788254,0
001256,42.5210970464135,0.10946362550042592,510.4420731707317,0.2941176470588235,22.035,1.628604460814985,4.3185850100788254,2
001258,106.63291139240506,0.08518366472409677,1734.5911949685533,0.23493100944081335,7.68,2.027891266886989,4.3185850100788254,1
001259,39.997890295358644,0.12243401808661983,408.7782485875706,0.3333333333333333,30.770000000000003,1.6020370848967798,4.3185850100788254,0
001266,67.97468354430379,0.10005897019821249,501.9607843137255,0.30142883311961893,32.17,1.832347194409114,4.3185850100788254,2
001267,375.0464135021097,0.09164941369397504,1028.8461538461538,0.2367941712204007,22.83,2.5740850167424862,4.3185850100788254,3
001268,42.11603375527426,0.11496299727052203,593.3880528955768,0.31397306397306396,32.2075,1.6244474650940726,4.3185850100788254,0
001269,73.75738396624473,0.09928466531374122,581.2047101449275,0.29384781435509977,24.7,1.8678055047216533,4.3185850100788254,2
001270,123.32489451476793,0.09599784542825829,443.06265984654726,0.310796525912805,111.27000000000001,2.0910507526630755,4.3185850100788254,2
001283,71.3649789029536,0.10279931071735061,427.3506493506493,0.29106693208112155,62.665,1.8534851417415006,4.3185850100788254,2
001288,61.770042194092824,0.11437356800510308,560.7692307692307,0.3082579185520362,27.85,1.7907778979971631,4.3185850100788254,2
001289,84.5084388185654,0.09329995508153813,741.4215686274509,0.24217986314760503,16.76,1.9269000787644235,4.3185850100788254,1
001296,51.07594936708861,0.10314163888665755,638.6458333333333,0.2777777777777778,22.915,1.7082164477676478,4.3185850100788254,2
001298,146.68354430379748,0.08783971531936419,709.7169811320755,0.2695360195360195,28.6,2.1663813952412827,4.3185850100788254,1
001299,61.35232067510549,0.09600960019103601,1078.4615384615386,0.2727272727272727,12.965,1.7878309947293816,4.3185850100788254,2
001300,61.88396624472574,0.11569191488197295,718.8869047619048,0.2795348837209302,15.455,1.7915781405638131,4.3185850100788254,2
001301,141.5590717299578,0.09538733254096056,353.45566354615005,0.29379795396419434,75.39,2.1509377060997044,4.3185850100788254,2
001308,54.710970464135016,0.10049737096578987,521.1939102564103,0.2688435725348477,21.375,1.7380744183687817,4.3185850100788254,2
001309,439.05696202531647,0.09579847690959113,298.88417738679846,0.3013247903663073,237.41,2.642520868051837,4.3185850100788254,3
001313,88.13291139240506,0.10387983512807392,1264.5141535111595,0.2307692307692307,7.95,1.9451381168913437,4.3185850100788254,1
001316,73.17088607594937,0.10755992087796859,393.8550420168067,0.3056554756195044,37.22,1.8643383142320447,4.3185850100788254,2
001317,82.19620253164557,0.10167625065167339,467.75757575757575,0.3157894736842105,45.715,1.9148517535783964,4.3185850100788254,2
001318,39.22784810126582,0.10766968135453983,919.2708333333333,0.2727272727272727,13.555,1.5935944849488415,4.3185850100788254,2
001319,58.30211685618251,0.1029934508932947,542.358803986711,0.2857142857142857,24.855,1.7656843235800945,4.3185850100788254,2
001322,51.755274261603375,0.10687295395755311,890.9473953013279,0.24004483122362863,8.455,1.7139546143413702,4.3185850100788254,1
001323,32.10358113423443,0.1264244098504731,400.0,0.31972222222222224,26.735,1.5065534803827296,4.3185850100788254,0
001330,346.73839662447256,0.07955143115746562,2245.84026167492,0.25,7.5649999999999995,2.540001936605365,4.3185850100788254,3
001331,71.42194092827005,0.09628412889433274,662.7906976744187,0.2857142857142857,31.63,1.8538316481948163,4.3185850100788254,2
001332,50.69620253164557,0.11374838671381288,352.09204149628954,0.3333333333333333,52.230000000000004,1.704975429129815,4.3185850100788254,0
001333,38.58649789029536,0.11924474045635211,553.2721712538226,0.2941176470588235,23.025,1.5864353638023319,4.3185850100788254,0
001336,46.28270042194093,0.11460512949888127,425.0,0.32,25.86,1.665418690472743,4.3185850100788254,0
001338,74.542194092827,0.09556187867141852,1136.2962962962963,0.2280330882352941,12.205,1.8724021717339427,4.3185850100788254,1
001339,191.55274261603375,0.09262808401473449,434.703423566879,0.2719911667280088,53.644999999999996,2.2822883745100775,4.3185850100788254,3
001696,293.99578059071735,0.08097124550708998,1105.7940366788978,0.23605555555555555,19.59,2.468341097489307,4.3185850100788254,3
001872,62.16033755274262,0.10266017248029427,511.5257048092868,0.24588394062078267,20.01,1.7935133641727714,4.3185850100788254,1
001896,190.51054852320675,0.08366014881428518,1817.8954030440555,0.257464349376114,5.71,2.2799190274583023,4.3185850100788254,3
001914,84.19409282700423,0.09576592522843162,864.0196078431372,0.2231404958677686,10.955,1.9252816218721978,4.3185850100788254,1
001965,122.70464135021098,0.08976592185682605,1224.8376623376623,0.2061784351145038,9.81,2.088860990393363,4.3185850100788254,1
001979,282.13713080168776,0.08168394577414935,2231.743124961202,0.22430256506272228,9.18,2.450460245464545,4.3185850100788254,3
002001,324.24261603375527,0.08202508915355805,936.1501469409566,0.21658005910470254,25.375,2.5108700946950266,4.3185850100788254,3
002002,80.32911392405063,0.07318952980190804,6420.0,0.28,2.27,1.904872976473952,4.3185850100788254,1
002003,74.6139240506329,0.09673553236634824,1107.9743008314435,0.2348884381338742,10.265,1.872819880744495,4.3185850100788254,1
002004,116.78270042194093,0.0898774133696825,2145.4655946148096,0.20930735930735925,4.83,2.0673785134292975,4.3185850100788254,1
002005,10.890295358649789,0.09421120266011507,10882.608695652174,0.2857142857142857,2.63,1.037039658533765,4.3185850100788254,2
002006,116.40928270042194,0.09242787434953795,1013.9646278555638,0.253849798625918,18.125,2.065987613173228,4.3185850100788254,1
002007,98.9620253164557,0.08591924190790745,1198.0764282038085,0.2327174259318254,15.395,1.9954685748057868,4.3185850100788254,1
002008,503.29113924050637,0.08213541817148874,650.5362993333838,0.23435099913524046,42.69,2.7018192844348343,4.3185850100788254,3
002009,259.84599156118145,0.08599337565613065,1037.2305921740951,0.2461773811957823,19.314999999999998,2.4147160216926973,4.3185850100788254,3
002010,105.80168776371308,0.09046709420443033,2420.6293706293704,0.21964620745108543,5.625,2.024492595682352,4.3185850100788254,1
002011,112.49367088607595,0.0946562744441142,1238.973354231975,0.2203389830508474,12.344999999999999,2.0511280888778285,4.3185850100788254,1
002012,96.25738396624473,0.09811713028648184,1648.7062937062938,0.2222222222222222,6.285,1.9834340544692972,4.3185850100788254,1
002014,38.72784810126582,0.10866312477071627,764.458041958042,0.2333333333333333,11.25,1.588023366242226,4.3185850100788254,1
002015,238.78481012658227,0.08351840828328688,1675.5434782608695,0.2320807093138879,12.225,2.3780066964605724,4.3185850100788254,3
002016,72.23206751054852,0.10309480556327946,1405.0869565217392,0.23447145061728394,5.915,1.8587300459217881,4.3185850100788254,1
002017,165.02953586497893,0.08809342051267176,831.4105492497453,0.23540767658414713,17.555,2.2175616782456755,4.3185850100788254,3
002019,93.09282700421942,0.09388175862757749,1316.6477272727273,0.2326086956521739,12.26,1.968916218978129,4.3185850100788254,1
002020,122.76582278481013,0.09172894265033336,1027.2250048160279,0.22325762829403606,14.565000000000001,2.089077478842066,4.3185850100788254,1
002021,98.69198312236287,0.09174333329187043,4260.893854748603,0.2608695652173913,2.59,1.9942818757990493,4.3185850100788254,1
002022,50.244725738396625,0.10054253389585519,1600.0,0.25,6.055,1.7010904799645832,4.3185850100788254,1
002023,188.17088607594937,0.08880406317867244,1353.5044642857144,0.2307692307692307,11.43,2.2745524299591624,4.3185850100788254,3
002024,22.70886075949367,0.05753342179672506,13319.004524886877,0.3571428571428571,1.57,1.3561953474176318,4.3185850100788254,2
002025,278.8291139240506,0.08614220962972431,504.73885778060617,0.2349939975990396,56.26,2.445338118624059,4.3185850100788254,3
002026,74.67721518987341,0.10088513882070216,1296.4285714285716,0.2446979916067146,12.51,1.8731881141749864,4.3185850100788254,1
002027,382.6455696202531,0.08069793012469181,3802.8548072023104,0.2299296088389913,6.68,2.582796689308969,4.3185850100788254,3
002028,331.2679324894515,0.08671568688737571,286.99267756285303,0.2900892857142857,156.61,2.5201793971951854,4.3185850100788254,3
002029,112.70886075949367,0.09494176124793163,1567.2074963350371,0.23483455882352938,8.805,2.0519580600362106,4.3185850100788254,1
002030,92.23839662447257,0.08320599931615655,2298.996960486322,0.23706512042818906,6.23,1.9649117450325648,4.3185850100788254,1
002031,359.34599156118145,0.07113772624693354,2667.6312247644682,0.291796066252588,6.345,2.5555128047442643,4.3185850100788254,3
002032,63.151898734177216,0.09974513050852851,309.47503201024324,0.2916666666666667,47.335,1.8003864126487403,4.3185850100788254,2
002033,109.32700421940928,0.08879850065552947,1478.2119290982016,0.2292622324159021,9.13,2.0387274477223736,4.3185850100788254,1
002034,59.58649789029536,0.10464935380880297,734.1666666666667,0.2432432432432432,16.83,1.7751478611486569,4.3185850100788254,1
002035,66.76793248945148,0.0926029586854406,1865.9185675741967,0.22625102543068085,6.22,1.8245679282430003,4.3185850100788254,1
002036,232.65822784810126,0.08399176871672759,1824.5901639344263,0.2291666666666666,9.9,2.3667184157596513,4.3185850100788254,3
002037,60.583744546949866,0.10113194729403455,1375.0,0.25131578947368416,8.594999999999999,1.7823561126056104,4.3185850100788254,1
002038,129.1814345991561,0.08879408211603644,1960.7751027598356,0.24008733624454143,7.345000000000001,2.1112001032063388,4.3185850100788254,1
002039,82.95569620253164,0.09884224393772728,937.0707070707072,0.24975822050290136,18.145,1.9188462124748082,4.3185850100788254,1
002040,76.81856540084388,0.09353902082958931,1307.4702886247878,0.26584790034157113,9.83,1.8854661923850689,4.3185850100788254,1
002041,116.09493670886076,0.09293116549386604,1173.8089853761494,0.2330459770114942,10.015,2.064813279106762,4.3185850100788254,1
002042,115.95569620253164,0.08745199051094667,3558.5111888111887,0.25,4.24,2.0642920877611055,4.3185850100788254,1
002043,132.17721518987344,0.08824234980679381,842.1102413568167,0.2307692307692307,13.23,2.1211565975842555,4.3185850100788254,1
002044,338.3924050632911,0.07979879208624789,3093.047060977843,0.23594483287041468,5.535,2.529420607097133,4.3185850100788254,3
002045,143.68987341772151,0.087553387038149,1293.2843450479234,0.25051440329218105,13.614999999999998,2.1574261621928708,4.3185850100788254,1
002046,264.7552742616034,0.0932444856411642,759.2152567127289,0.2436169056931768,43.120000000000005,2.4228446205638274,4.3185850100788254,3
002047,42.62236286919831,0.09173310056912626,7268.181818181818,0.2750100040016006,3.97,1.6296375221639505,4.3185850100788254,2
002048,217.9493670886076,0.09279866657286534,791.2674216027874,0.23869195872620524,26.119999999999997,2.338355612191398,4.3185850100788254,3
002049,372.63502109704643,0.08686618597384992,558.1144267709105,0.25,76.095,2.571283668473441,4.3185850100788254,3
002050,1371.428270042194,0.08459294125005573,818.8345953156263,0.23200587371512482,43.885,3.1371730975843546,4.3185850100788254,3
002051,152.75738396624473,0.08950143329593288,1665.4202177547609,0.22583421145064975,8.915,2.184002212291273,4.3185850100788254,1
002052,89.78270042194092,0.09686080681486445,1852.1935483870968,0.2666666666666666,10.1,1.953192663671009,4.3185850100788254,1
002053,78.61603375527426,0.10007424820531473,1281.2310331178255,0.2352941176470588,11.555,1.8955111295165203,4.3185850100788254,1
002054,102.15822784810126,0.0989405384312585,1175.219298245614,0.2128073770491803,7.535,2.0092733505585483,4.3185850100788254,1
002055,72.86919831223629,0.08743555935567479,2698.25,0.2612612612612612,6.45,1.862543991557355,4.3185850100788254,1
002056,243.9746835443038,0.0834918587924105,1075.3139833131872,0.21370023419203737,19.545,2.387344763357428,4.3185850100788254,3
002057,106.16455696202532,0.09417829204447807,1423.4209143457697,0.21677082081480592,9.76,2.025979551727018,4.3185850100788254,1
002058,19.47446808510638,0.1375795125183656,1240.1785714285716,0.3333333333333333,21.314999999999998,1.289465604426352,4.3185850100788254,0
002059,59.83122362869199,0.08336615578086612,2687.138844301766,0.2700557700557701,5.195,1.7769278848369439,4.3185850100788254,1
002060,96.01898734177215,0.08411161110748855,2785.660173160173,0.2589399744572158,3.78,1.9823571213977842,4.3185850100788254,1
002061,80.53586497890296,0.08700663866166286,3132.004310344828,0.2413793103448276,3.9699999999999998,1.9059893274945778,4.3185850100788254,1
002062,100.66244725738397,0.09637166687884713,2048.0,0.2489669421487603,7.73,2.0028674845496766,4.3185850100788254,1
002063,173.40506329113924,0.08624557427578228,2632.8052600665665,0.23514705882352938,6.285,2.2390617743818164,4.3185850100788254,3
002064,263.0717299578059,0.08549937322713398,1380.7479224376732,0.1972789115646258,10.05,2.420074180723544,4.3185850100788254,3
002065,223.10337552742618,0.08145345377767728,2245.0537988581464,0.24429164504410994,8.24,2.348506141157189,4.3185850100788254,3
002066,50.462025316455694,0.11333966134719808,1024.4758237056055,0.2727272727272727,19.275,1.7029646771389346,4.3185850100788254,2
002067,151.37552742616032,0.07842098176318313,3471.5715977605514,0.26807858957119374,4.755,2.1800556693327566,4.3185850100788254,3
002068,145.042194092827,0.09330613873079646,1548.931623931624,0.2408522980812137,9.524999999999999,2.161494360828215,4.3185850100788254,1
002069,68.13713080168776,0.09631969501791551,2242.4603174603176,0.25,3.7649999999999997,1.8333838418348853,4.3185850100788254,1
002072,58.21518987341772,0.11250164167161426,1548.9130434782608,0.25,7.275,1.7650363182835962,4.3185850100788254,2
002073,122.0295358649789,0.0930943350851427,1831.2074001947417,0.22,7.235,2.0864649594510314,4.3185850100788254,1
002074,411.57805907172997,0.08355965986691405,869.32982893799,0.23437239866419873,33.754999999999995,2.6144522147831593,4.3185850100788254,3
002075,115.28059071729957,0.08639087702661158,3260.529336734694,0.24249924992499244,4.735,2.0617561932102206,4.3185850100788254,1
002076,28.970464135021096,0.08161153292815808,10707.142857142857,0.2898550724637681,2.19,1.4619554530796275,4.3185850100788254,2
002077,247.8122362869198,0.08217305584791643,1205.173189383716,0.26028169014084507,15.975000000000001,2.394122746837006,4.3185850100788254,3
002078,182.11603375527426,0.08771012917448351,1078.1683470331363,0.19872236403171126,14.435,2.2603481833835977,4.3185850100788254,3
002079,193.57805907172997,0.08624921921404603,1430.5107627690693,0.22886652468646035,10.614999999999998,2.2868561310505098,4.3185850100788254,3
002080,589.5717299578059,0.08341157332355056,746.1438194519365,0.2291716527057572,37.84,2.7705366508725726,4.3185850100788254,3
002081,98.91139240506328,0.08320755233982435,3009.5714285714284,0.25,3.69,1.9952463155983242,4.3185850100788254,1
002082,87.89873417721519,0.10061519003761887,1113.003095975232,0.253012048192771,12.59,1.943982620877994,4.3185850100788254,1
002083,210.19198312236287,0.08430570066725626,1760.8498742645083,0.2426406926406926,10.18,2.322616147695477,4.3185850100788254,3
002084,93.584388185654,0.0892188843960999,2200.4779169413314,0.24226475279106857,3.84,1.9712034054654113,4.3185850100788254,1
002085,281.09915611814347,0.08113101294749117,1580.858488228005,0.24149502429993056,14.31,2.44885954182308,4.3185850100788254,3
002086,73.76160337552743,0.07652443938577855,6671.169154228855,0.3076923076923077,2.33,1.8678303485224668,4.3185850100788254,2
002087,16.50210970464135,0.0887837954287839,9254.545454545454,0.3181818181818182,2.09,1.2175394699420268,4.3185850100788254,2
002088,38.01891582636058,0.11078325087463647,968.2411156095366,0.2564102564102564,11.195,1.5799997280648659,4.3185850100788254,2
002089,30.227848101265824,0.06531257666409157,14864.912280701754,0.391304347826087,1.11,1.48040723116689,4.3185850100788254,2
002090,100.37130801687763,0.09613795155203936,1229.4117647058824,0.2285714285714285,10.89,2.001609583817136,4.3185850100788254,1
002091,124.64135021097047,0.088869402900656,1569.6313874836583,0.21786953504510748,8.7,2.095662144965827,4.3185850100788254,1
002092,191.168776371308,0.0836648010590186,3122.8712871287125,0.2188319989235013,5.34,2.2814169603407897,4.3185850100788254,3
002093,126.43037974683544,0.0859426620725476,1487.6470588235293,0.24106002554278416,8.8,2.1018514423888686,4.3185850100788254,1
002094,106.22573839662448,0.08324866063970146,2305.2394728383156,0.27988095238095234,6.035,2.026229758640958,4.3185850100788254,1
002095,60.871308016877634,0.10055237333429644,898.854961832061,0.2713950950179763,17.86,1.7844126340744935,4.3185850100788254,2
002096,87.47468354430379,0.09733150456127075,977.611367127496,0.2360681114551083,12.055,1.9418823800179195,4.3185850100788254,1
002097,156.0970464135021,0.08604980226466578,1440.2973898160035,0.2483088806618218,9.19,2.193394685647598,4.3185850100788254,3
002098,43.06540084388186,0.11464340775400819,1184.4444444444443,0.25,8.635,1.6341284938945957,4.3185850100788254,2
002099,110.4113924050633,0.09928849107994436,1858.436333955224,0.226920555456225,6.23,2.043013886829707,4.3185850100788254,1
002100,130.95147679324896,0.08770696109578913,2277.1013754457463,0.23667298065214445,7.16,2.1171104005049886,4.3185850100788254,1
002101,72.98523206751054,0.09745811211110336,1075.548164572555,0.23785950023573782,12.13,1.8632349932654277,4.3185850100788254,1
002102,64.22362869198312,0.0834697393403199,5376.829268292683,0.28125,3.03,1.8076948399471373,4.3185850100788254,1
002103,77.10970464135022,0.09123171317451728,1679.9578154767305,0.25473702994711395,8.17,1.8871090396197943,4.3185850100788254,1
002104,231.24050632911394,0.08261984919634555,1226.3729775901918,0.25,13.59,2.3640639116445215,4.3185850100788254,3
002105,84.08860759493672,0.09872572288509138,1159.00974025974,0.22777916354868205,6.455,1.9247371611511082,4.3185850100788254,1
002106,104.35021097046413,0.09199539668520974,1433.879781420765,0.22761914107218778,10.88,2.0184933314389983,4.3185850100788254,1
002107,85.98523206751055,0.09803754208797863,1249.441073139572,0.2269696969696969,6.33,1.934423867728135,4.3185850100788254,1
002108,149.97679324894517,0.08590140901720973,3533.3909370199694,0.2577319587628865,4.7,2.1760240634314,4.3185850100788254,3
002109,59.23628691983122,0.09236985088887294,2634.375,0.25,3.77,1.7725878280266338,4.3185850100788254,1
002110,96.29746835443038,0.08866750843564433,2596.098310291859,0.2307692307692307,3.92,1.9836148697397633,4.3185850100788254,1
002111,90.25105485232068,0.0952218469805781,967.8235879297004,0.2222222222222222,10.13,1.9554522866315998,4.3185850100788254,1
002112,184.36708860759495,0.08448613975104406,1156.4471365221348,0.25368364030335855,15.524999999999999,2.2656833976732447,4.3185850100788254,3
002113,17.006726457399104,0.07630168213564713,12170.63492063492,0.3867521367521367,1.295,1.2306207264106075,4.3185850100788254,2
002114,109.34599156118144,0.09205471159339233,1340.9395973154362,0.234375,8.09,2.038802867165446,4.3185850100788254,1
002115,357.4873417721519,0.0803087763744815,1682.5195820457118,0.24089009097614944,11.274999999999999,2.5532606685263795,4.3185850100788254,3
002116,62.06962025316456,0.10418568286030948,1190.8260869565217,0.2352941176470588,10.4,1.7928790883456087,4.3185850100788254,1
002117,79.25738396624473,0.1013433573686674,1426.9935997232315,0.2428158546655656,10.16,1.8990397335574167,4.3185850100788254,1
002118,63.550632911392405,0.0695743220165492,4875.0,0.2679487179487179,2.065,1.8031198801230168,4.3185850100788254,1
002119,267.7257383966245,0.08488345372395016,1103.0864197530864,0.2469550856704709,18.494999999999997,2.4276901250393683,4.3185850100788254,3
002120,139.69409282700423,0.08204611308195198,2189.089262187088,0.23465737951807225,6.97,2.145178041712772,4.3185850100788254,3
002121,168.18143459915612,0.08791447867408995,2145.1022927689596,0.2322131608548931,7.445,2.225778052721406,4.3185850100788254,3
002122,47.08860759493671,0.07202779378788628,7598.881362889984,0.3333333333333333,3.03,1.6729158485914561,4.3185850100788254,2
002123,170.0717299578059,0.08630448771047648,1495.2,0.2580645161290322,11.16,2.230632129346358,4.3185850100788254,3
002124,86.28691983122363,0.0760448117745002,6980.89201566337,0.31466547192353644,2.73,1.9359449663332566,4.3185850100788254,2
002125,178.3354430379747,0.08922918346747061,1260.2402499461325,0.23223304473304468,13.684999999999999,2.2512376650267885,4.3185850100788254,3
002126,339.19831223628694,0.08551224919486138,684.0002498009399,0.2344036172161172,37.7,2.530453682652215,4.3185850100788254,3
002127,104.33333333333334,0.08465021496176958,4162.065217391304,0.2727272727272727,3.215,2.018423082826786,4.3185850100788254,1
002128,201.37974683544303,0.08798439515338419,775.2066115702479,0.2279411764705882,26.93,2.304015790547784,4.3185850100788254,3
002129,471.34177215189874,0.08009760035808,2531.283344176968,0.23794644957884334,9.56,2.673335930341349,4.3185850100788254,3
002130,516.2594936708861,0.08220279018710952,1135.7783718307505,0.2337460152717028,22.895,2.712868051126382,4.3185850100788254,3
002131,1106.7721518987341,0.07392127780373031,3773.821989528796,0.2914798206278027,5.11,3.0440582230846847,4.3185850100788254,3
002132,132.90506329113924,0.08367539376180397,3246.728661801486,0.24666429460950007,3.77,2.123541526597469,4.3185850100788254,1
002133,86.5042194092827,0.09113829513765914,2351.2917933130702,0.23855459000564752,3.315,1.9370372915281278,4.3185850100788254,1
002134,110.32489451476793,0.10189491601034653,745.6818181818182,0.26246067229673786,22.270000000000003,2.0426735208763014,4.3185850100788254,1
002135,94.93881856540085,0.09604901937563368,2031.1179577464789,0.2317530140110785,6.154999999999999,1.9774438229825138,4.3185850100788254,1
002136,101.07172995780591,0.09833788003451192,903.8674033149172,0.25,12.53,2.0046296992092345,4.3185850100788254,1
002137,134.04852320675104,0.08708974863187086,1622.439236111111,0.2333214730475004,8.59,2.127262033785576,4.3185850100788254,1
002138,272.84599156118145,0.08550750379081809,681.9767723790127,0.22862679955703205,35.195,2.4359175778529107,4.3185850100788254,3
002139,148.5928270042194,0.0846240442734578,1588.2051282051284,0.23320802005012525,12.26,2.1719978453083075,4.3185850100788254,3
002140,69.74472573839662,0.09681504068597377,1157.8282828282827,0.238095238095238,10.58,1.8435113708084605,4.3185850100788254,1
002141,68.65400843881856,0.07890515186416998,4204.430379746836,0.29046043562172597,3.71,1.8366658990678717,4.3185850100788254,1
002142,304.54852320675104,0.0761923425325566,863.0615418052931,0.20558047265827145,29.02,2.4836564978951845,4.3185850100788254,3
002144,52.39873417721519,0.11005932043290931,861.8868868868869,0.2644284128745838,12.26,1.7193207956384855,4.3185850100788254,2
002145,173.9873417721519,0.0853693710731386,3423.2695652173916,0.2307692307692307,4.735,2.2405176528890456,4.3185850100788254,3
002146,134.915611814346,0.07460896686125362,11101.754385964912,0.3584905660377358,1.56,2.1300622071405875,4.3185850100788254,2
002148,105.26160337552743,0.09346830379206642,1346.1100070142625,0.2357282396353375,7.3149999999999995,2.0222699810322045,4.3185850100788254,1
002149,719.7742616033755,0.09057833800552345,735.4355400696865,0.2574534161490683,42.015,2.85719631266493,4.3185850100788254,3
002150,211.49156118143458,0.08934451798934509,831.425493205981,0.25379572118702554,21.435000000000002,2.325293043080074,4.3185850100788254,3
002151,276.9599156118144,0.08728030220404738,715.2277432712215,0.2388312724371759,33.355000000000004,2.4424169182041635,4.3185850100788254,3
002152,185.09704641350208,0.08480446418554613,1413.6302347715737,0.21037679425837313,12.065000000000001,2.2673994887877393,4.3185850100788254,3
002153,194.17088607594937,0.08504272395243613,1349.2194084841144,0.22564832384566724,10.024999999999999,2.2881841124698523,4.3185850100788254,3
002154,114.38185654008439,0.08561566855613315,2944.429347826087,0.2423461418306779,4.015,2.0583571413326207,4.3185850100788254,1
002155,456.42616033755274,0.0805104811076776,1093.6923371647508,0.2195826871563513,22.555,2.6593705283067557,4.3185850100788254,3
002156,925.7848101265822,0.08566297460222332,760.4081522143248,0.2324762528660334,40.16,2.9665100507907916,4.3185850100788254,3
002157,211.52320675105486,0.07541273100850543,7593.496615505706,0.2803537925489145,3.09,2.3253580218814314,4.3185850100788254,3
002158,111.35443037974684,0.09491960293632645,640.2353385351121,0.262531328320802,24.665,2.046707500680341,4.3185850100788254,1
002159,58.063291139240505,0.1085901327306898,750.0,0.2603550295857988,15.59,1.763901648841541,4.3185850100788254,2
002160,137.24894514767934,0.08461786392693091,2283.6021505376343,0.2392947103274559,4.61,2.1375090152838596,4.3185850100788254,1
002161,126.86919831223629,0.0943831468840465,1604.398304268234,0.22739297739297737,6.725,2.1033561955639537,4.3185850100788254,1
002162,95.52742616033754,0.0854970796420168,2648.2563208369656,0.2572842998585573,4.45,1.98012807650613,4.3185850100788254,1
002163,251.3987341772152,0.0841487429718391,1114.4605654761904,0.22755048126622407,11.57,2.400363086630629,4.3185850100788254,3
002164,112.68354430379748,0.08881017860485799,1457.0188492063494,0.25,12.585,2.0518604986560622,4.3185850100788254,1
002165,228.18143459915612,0.07866304816575208,1976.7872523686476,0.26150314240125044,7.67,2.358280306255997,4.3185850100788254,3
002166,78.20675105485232,0.09471930318541438,1643.587842846553,0.2362169745148468,8.41,1.8932442443554787,4.3185850100788254,1
002167,240.71729957805906,0.0839705941354401,1493.2009849184365,0.2254211543772438,12.364999999999998,2.3815073027441294,4.3185850100788254,3
002168,15.466777857915616,0.10367169615844853,5348.509286412513,0.27961038961038964,3.97,1.1893998480058396,4.3185850100788254,2
002169,189.25738396624473,0.08973675220900901,1538.2112458950473,0.2280701754385964,11.505,2.2770528327070436,4.3185850100788254,3
002170,146.1645569620253,0.0900684821544897,1708.5671768707484,0.22237484737484736,11.62,2.1648420745238117,4.3185850100788254,1
002171,249.1561181434599,0.08343697644358111,1788.2198402690206,0.23066239316239312,11.48,2.3964715559394296,4.3185850100788254,3
002172,91.78270042194093,0.08744499748228096,2548.966408268734,0.24357284113381672,3.795,1.9627608313178353,4.3185850100788254,1
002173,310.1919831223629,0.08188753774580299,1022.3034789936198,0.2539638411593787,20.155,2.49163056932958,4.3185850100788254,3
002174,200.84599156118145,0.09308014597620141,1538.9255385820602,0.2307692307692307,11.41,2.3028631686032566,4.3185850100788254,3
002175,115.915611814346,0.07459431606289565,4289.74358974359,0.2941176470588235,3.15,2.0641419318067373,4.3185850100788254,3
002176,393.52742616033754,0.07983004334193271,1905.891472868217,0.2304147465437788,10.12,2.5949750050941334,4.3185850100788254,3
002177,219.17299578059072,0.07812755922822404,2511.26559714795,0.2596296296296296,6.69,2.3407870438545957,4.3185850100788254,3
002178,95.88185654008439,0.08353258773232713,2430.1801801801803,0.2663120567375886,6.05,1.9817364345951172,4.3185850100788254,1
002179,292.6645569620253,0.07910641318328333,842.81551086454,0.20993827160493825,36.870000000000005,2.4663701305381944,4.3185850100788254,3
002180,172.90717299578057,0.08798074664307978,1077.2866666666669,0.25,20.16,2.237813010207809,4.3185850100788254,3
002181,294.337552742616,0.08094394337958254,1832.115891887759,0.26289207868155234,9.21,2.4688456746326533,4.3185850100788254,3
002182,191.2932489451477,0.09127460761524894,1187.9640447744318,0.2250954198473282,15.715,2.2816996433278427,4.3185850100788254,3
002183,225.77215189873417,0.08000370979558744,3481.717473287241,0.24548359746951015,5.1850000000000005,2.3536703723871284,4.3185850100788254,3
002184,75.12658227848101,0.09397659149023296,1095.631067961165,0.2483221476510067,12.59,1.8757936320001685,4.3185850100788254,1
002185,601.8502109704641,0.08039963999751784,1615.215054123317,0.2410176419965576,11.76,2.779488417099229,4.3185850100788254,3
002187,77.30801687763713,0.09983998831145097,1934.924396298804,0.27109505862646566,6.505,1.8882245327952645,4.3185850100788254,2
002188,86.13924050632912,0.09746256923318593,1419.8039215686274,0.2272727272727272,6.28,1.935201038248912,4.3185850100788254,1
002189,70.53375527426161,0.09907148688182249,784.900284900285,0.2647058823529412,20.814999999999998,1.8483970066501314,4.3185850100788254,1
002190,84.30379746835443,0.08932788099234351,748.9814533292795,0.25677655677655675,29.855,1.9258471378798596,4.3185850100788254,1
002191,60.55485232067511,0.09668439411620455,3169.1666666666665,0.24341649341649335,3.995,1.7821489493231653,4.3185850100788254,1
002192,310.40506329113924,0.08977345513872546,505.6751377832211,0.2562514065664775,56.465,2.4919287968047956,4.3185850100788254,3
002193,62.40506329113924,0.10553836132296349,1757.142857142857,0.25,5.96,1.7952198279867886,4.3185850100788254,1
002194,184.17299578059072,0.08511277440316552,1402.4754224270353,0.23395628761482415,11.795,2.2652259524448475,4.3185850100788254,3
002195,692.9599156118143,0.07627718123911073,2732.519304652136,0.26921854951356516,6.93,2.840708113497685,4.3185850100788254,3
002196,270.69831223628694,0.08173256772724982,1331.5602836879432,0.2427521008403361,12.98,2.43248554801745,4.3185850100788254,3
002197,123.0253164556962,0.0865890624854377,2045.1612903225807,0.2416666666666666,8.38,2.0899944908350423,4.3185850100788254,1
002198,73.0675105485232,0.10791353846158361,1929.6296296296296,0.2446808510638297,7.06,1.8637243109382524,4.3185850100788254,1
002199,20.865470852017935,0.12606943478197813,2255.451127819549,0.3061224489795918,8.55,1.3194281894851068,4.3185850100788254,0
002200,6.654781704781705,0.1398782174538023,2639.4858156028367,0.25,7.425,0.823133813985955,4.3185850100788254,0
002201,195.49789029535867,0.08706498518077341,1447.6339895915578,0.23320802005012525,10.84,2.2911420750923566,4.3185850100788254,3
002202,1132.9556962025317,0.0826671172815371,1345.339147012467,0.23148281894490186,21.085,3.054212927276489,4.3185850100788254,3
002203,200.52320675105483,0.09075019670744768,1190.148936170213,0.2136068333755704,12.905000000000001,2.3021646411991057,4.3185850100788254,3
002204,146.87974683544303,0.0861974379480892,2173.101898101898,0.22812904745084178,6.23,2.1669619153000808,4.3185850100788254,3
002205,49.734177215189874,0.10377998623421389,1040.6666666666665,0.2788888888888889,12.629999999999999,1.6966549375213646,4.3185850100788254,2
002206,108.52742616033755,0.09366228775662244,1817.500298614429,0.21623190007737364,5.58,2.0355395033913566,4.3185850100788254,1
002207,78.37974683544304,0.08868679714754638,1919.354838709677,0.2647058823529412,7.43,1.8942038563843948,4.3185850100788254,1
002208,259.40506329113924,0.08398248023525012,1621.7391304347825,0.2460759493670886,12.09,2.413978448764026,4.3185850100788254,3
002209,79.22362869198312,0.09851709654137807,840.2288732394366,0.2352941176470588,13.190000000000001,1.8988547305804322,4.3185850100788254,1
002210,168.39240506329114,0.0777005473703592,5285.9346272772855,0.2918187347931873,2.6,2.2263224997913857,4.3185850100788254,3
002211,14.360724285293252,0.11057870865750853,5019.761904761905,0.282021333801857,3.6,1.1571763441662943,4.3185850100788254,2
002212,158.13080168776372,0.08610993858403185,2046.8652037617553,0.24623849090500785,8.085,2.1990164727159986,4.3185850100788254,3
002213,289.7763713080169,0.08597221296292107,834.6723646723647,0.26239754098360657,27.16,2.4620629697172425,4.3185850100788254,3
002214,22.470464135021096,0.11557797716115162,2274.5989304812833,0.2666666666666666,15.504999999999999,1.3516120430108844,4.3185850100788254,2
002215,111.5295358649789,0.09605323803201435,1589.6677966101695,0.2265620328849028,10.11,2.047389894868802,4.3185850100788254,1
002216,87.53586497890296,0.10438011014474918,836.610671936759,0.2321428571428571,12.19,1.9421860275494307,4.3185850100788254,1
002217,255.9620253164557,0.07096417212809304,6186.04118993135,0.321608040201005,2.72,2.408175537894463,4.3185850100788254,3
002218,237.45358649789029,0.08013176873118448,2685.861596437136,0.2602997879313669,4.465,2.3755787335494545,4.3185850100788254,3
002219,134.14978902953584,0.08212681440690112,5783.699621755575,0.28045554265066464,2.3449999999999998,2.1275899940159304,4.3185850100788254,1
002221,92.01054852320675,0.098901459667734,1835.6421356421356,0.2413793103448276,8.26,1.963837619767378,4.3185850100788254,1
002222,451.6392405063291,0.08926867568101843,517.8757298806804,0.2489785026934174,61.480000000000004,2.6547916684057276,4.3185850100788254,3
002223,154.29535864978902,0.08646314865678092,593.6492286277694,0.24052540913006026,34.78,2.1883528622711705,4.3185850100788254,3
002224,58.77215189873418,0.0959064828351954,2900.9708737864075,0.24652173913043474,4.48,1.7691715923757325,4.3185850100788254,1
002225,123.20464135021098,0.09173822935324955,2136.217132867133,0.2280701754385964,4.890000000000001,2.090627068825297,4.3185850100788254,1
002226,91.29957805907173,0.08851674006550003,2620.955249569708,0.2321452532707145,5.51,1.96046877044733,4.3185850100788254,1
002227,43.55696202531646,0.1075906412585496,1209.5238095238096,0.2727272727272727,10.08,1.6390575813304886,4.3185850100788254,2
002228,102.54008438818565,0.08320827699887999,2539.3894846074018,0.25,3.54,2.0108936705191285,4.3185850100788254,1
002229,369.13291139240505,0.08065540801704783,1365.9590808552473,0.250995670995671,16.235,2.567182768032047,4.3185850100788254,3
002230,663.8227848101266,0.0822908888652027,786.6090146750524,0.22740062523135915,48.825,2.822052154893142,4.3185850100788254,3
002231,65.0717299578059,0.08813744219715293,2463.637168141593,0.2690669763840495,4.23,1.813392352778761,4.3185850100788254,1
002232,79.46835443037975,0.09300596379263013,988.7984981226534,0.2631578947368421,17.86,1.9001942200735822,4.3185850100788254,1
002233,89.27848101265823,0.0949389797383879,1075.7352941176468,0.20678160919540226,8.335,1.9507467925541604,4.3185850100788254,1
002234,66.52531645569621,0.10785816946466278,1016.6743755781683,0.2352941176470588,8.83,1.8229869491330206,4.3185850100788254,1
002235,264.55696202531647,0.08163956081044908,1944.5945945945944,0.25,9.43,2.4225191948206124,4.3185850100788254,3
002236,302.09915611814347,0.07886219100172828,1432.6102675343454,0.2172828664266268,18.11,2.4801495121195383,4.3185850100788254,3
002237,208.4240506329114,0.0867821774585754,1229.7653958944281,0.2195121951219512,13.18,2.3189478319715096,4.3185850100788254,3
002238,82.24050632911393,0.09955717890606114,1233.3333333333333,0.238095238095238,7.89,1.9150857754749273,4.3185850100788254,1
002239,158.72573839662448,0.08158664793634911,5141.111111111111,0.2707107843137254,2.9299999999999997,2.2006473561013027,4.3185850100788254,3
002240,599.3713080168776,0.08448203815443164,788.3542188805347,0.23550247864944765,35.665,2.777695949373407,4.3185850100788254,3
002241,745.6898734177215,0.08024158452511813,1301.5353509798342,0.23512967644423044,24.4,2.872558245345357,4.3185850100788254,3
002242,83.24472573839662,0.09539361135877363,1023.3695652173913,0.238095238095238,10.45,1.9203567267997044,4.3185850100788254,1
002243,99.4789029535865,0.09791401689805677,1731.9471153846152,0.23223304473304468,8.825,1.9977309872550069,4.3185850100788254,1
002244,175.7805907172996,0.08842138901021421,1741.6666666666665,0.224402432205759,9.915,2.244970919601623,4.3185850100788254,3
002245,389.40717299578057,0.08005850651119222,1300.6005034160376,0.22444001991040313,16.85,2.5904039470910356,4.3185850100788254,3
002246,198.19831223628694,0.09010795678621261,1012.6068376068376,0.24073870808407877,18.545,2.297099951917227,4.3185850100788254,3
002247,84.18776371308016,0.09181706674623549,2966.7865707434053,0.2333333333333333,2.75,1.9252489734704004,4.3185850100788254,1
002248,123.89029535864978,0.08843081017613608,1314.7330447330446,0.24302310488058143,10.71,2.093037288319115,4.3185850100788254,1
002249,212.82067510548524,0.08043024518452116,2139.8526077097504,0.23466833541927407,8.870000000000001,2.328013816518033,4.3185850100788254,3
002250,177.2088607594937,0.0931502193741795,1140.4378644919634,0.2320817649020822,13.93,2.2484854335936055,4.3185850100788254,1
002251,182.39662447257385,0.07580734657684457,4427.744987609822,0.30495169082125606,4.5649999999999995,2.261016796785711,4.3185850100788254,3
002252,124.29113924050633,0.08193721360364148,3426.9662921348317,0.2246376811594203,6.34,2.094440168737225,4.3185850100788254,1
002253,24.434599156118143,0.11811229284395786,2654.0697674418607,0.2727272727272727,11.21,1.3880052189232701,4.3185850100788254,2
002254,157.29746835443038,0.09226351288390044,1300.2670130619904,0.2222222222222222,12.02,2.1967217328677315,4.3185850100788254,1
002255,153.45991561181435,0.08375509040348492,1740.900856389987,0.23159439927732606,10.025,2.1859949550446083,4.3185850100788254,3
002256,210.09915611814347,0.07442525596529787,4460.4205838693715,0.277184093351758,3.62,2.3224243080272298,4.3185850100788254,3
002258,132.4831223628692,0.09489676597126337,1120.5589327929756,0.2307692307692307,13.125,2.1221605550158733,4.3185850100788254,1
002259,68.89873417721519,0.10107204806851182,2669.829994220767,0.22847665535938455,3.965,1.8382112430266324,4.3185850100788254,1
002261,907.1118143459915,0.08300448697226974,903.1787625188641,0.2480527280006794,30.725,2.957660823289934,4.3185850100788254,3
002262,114.35443037974684,0.08911794280833527,793.8769689094539,0.2432432432432432,23.455,2.058252994934934,4.3185850100788254,1
002263,154.03586497890296,0.08178353817106096,4016.421568627451,0.2813657407407407,3.4,2.1876218516739554,4.3185850100788254,3
002264,131.16033755274262,0.09017375933117408,1771.2314392841777,0.24456264775413705,7.1,2.1178025256940707,4.3185850100788254,1
002265,138.09071729957805,0.08769564333252017,740.0996464159434,0.2585238279736536,22.22,2.1401644855223885,4.3185850100788254,1
002266,197.82911392405063,0.08204625939569782,3309.1239222961913,0.22318751129980485,4.205,2.2962902057956645,4.3185850100788254,3
002267,63.37763713080169,0.09494827844976192,1380.028559771522,0.2222222222222222,7.71,1.8019360436238734,4.3185850100788254,1
002268,137.64345991561183,0.0905088869396907,1095.0377939529676,0.24385204595847604,17.81,2.1387555808580205,4.3185850100788254,1
002269,99.05274261603375,0.0715585194044585,9188.962418300653,0.3444213331599987,1.78,1.9958665049782447,4.3185850100788254,2
002270,182.21097046413502,0.08862270649518317,783.7237602677213,0.2464934393381164,22.955,2.2605745212023374,4.3185850100788254,3
002271,335.74050632911394,0.07773868174920176,1324.0125763420124,0.2190241228070175,14.59,2.5260037410513365,4.3185850100788254,3
002272,387.2552742616034,0.08264073548999781,1211.2037037037037,0.24102547606793615,15.23,2.587997341388279,4.3185850100788254,3
002273,417.84599156118145,0.08307586004797585,1049.653723625283,0.2148132876786002,24.775,2.6210162402923274,4.3185850100788254,3
002274,83.71518987341773,0.0980603361816485,1914.6815550041358,0.2276714513556618,6.395,1.9228042665915623,4.3185850100788254,1
002275,48.07594936708861,0.1101352430365654,588.4836427939877,0.2432432432432432,14.34,1.6819278691105572,4.3185850100788254,2
002276,209.34599156118145,0.08397321891946377,1360.667985058229,0.23520191775769866,13.43,2.3208646496813876,4.3185850100788254,3
002277,103.72995780590718,0.08926158025631548,3281.0185185185182,0.26773138832997984,6.16,2.015904201238218,4.3185850100788254,1
002278,116.45147679324894,0.08372763316006447,1476.5773244781785,0.26198686371100166,9.379999999999999,2.0661450004627318,4.3185850100788254,1
002279,214.39029535864978,0.0791044468182245,1975.334467671366,0.25207271491675154,7.66,2.3312051225898696,4.3185850100788254,3
002280,98.0,0.07466640711639459,5310.416666666667,0.288135593220339,2.91,1.9912260756924949,4.3185850100788254,1
002281,799.204641350211,0.08854084124763535,561.4399397673429,0.23523599162985348,70.14500000000001,2.9026579973737467,4.3185850100788254,3
002282,48.98523206751055,0.10889424547085816,1377.6666666666665,0.2222222222222222,7.279999999999999,1.690065169859654,4.3185850100788254,1
002283,164.1856540084388,0.09226317617180288,1579.655248133509,0.2222222222222222,6.645,2.2153352072465182,4.3185850100788254,1
002284,161.42616033755274,0.09064622792440069,1040.3977871443626,0.2136752136752136,11.82,2.2079739168148147,4.3185850100788254,1
002285,149.13291139240505,0.08367066021085501,4303.9047619047615,0.257726035147272,2.835,2.173573496295691,4.3185850100788254,3
002286,73.27637130801688,0.10224097767062508,1334.313725490196,0.24,9.045,1.8649639546564583,4.3185850100788254,1
002287,43.59071729957806,0.10855235476121253,512.1822033898305,0.28427128427128423,23.21,1.639394015534902,4.3185850100788254,2
002288,77.9957805907173,0.09031750356234466,1644.0860215053765,0.2422907488986784,4.36,1.8920711088990219,4.3185850100788254,1
002289,14.577084674247299,0.12353113014421219,1553.1818181818182,0.3099343185550082,26.78,1.1636706764863496,4.3185850100788254,0
002290,97.09493670886076,0.10792791555076434,607.3309075342465,0.2861590557120275,50.085,1.9871965829797191,4.3185850100788254,2
002291,186.16244725738397,0.08106064670388795,2558.654862579281,0.2474487166271518,6.66,2.2698920794717963,4.3185850100788254,3
002292,285.746835443038,0.08060465192450533,2086.609821214303,0.24542966611932127,8.195,2.455981429418198,4.3185850100788254,3
002293,75.68565400843882,0.10481948455953802,855.0,0.225,9.955,1.8790135680679636,4.3185850100788254,1
002294,189.9409282700422,0.09269062133268913,455.0522648083624,0.25705484896661357,38.9,2.2786185561358323,4.3185850100788254,3
002295,59.120253164556964,0.10142338233320806,933.7857142857142,0.25,10.25,1.7717362851251774,4.3185850100788254,1
002296,97.21308016877637,0.09286875709621535,1324.3181818181818,0.2256851806936696,10.655000000000001,1.9877247038453594,4.3185850100788254,1
002297,276.0886075949367,0.08521926523757102,1265.1693177801344,0.2142857142857142,10.95,2.441048486462761,4.3185850100788254,3
002298,222.9198312236287,0.0808795163692991,1749.937106918239,0.24117158288325713,9.59,2.3481487055725956,4.3185850100788254,3
002299,133.61603375527426,0.09127940758316444,826.8468468468468,0.2298850574712643,16.645000000000003,2.125858576055883,4.3185850100788254,1
002300,165.91139240506328,0.08648001002791997,1790.822963800905,0.251896660727628,8.629999999999999,2.2198762081387895,4.3185850100788254,3
002301,113.55907172995781,0.09553893352259876,1501.8285234386929,0.23720076882753793,7.365,2.055221833799181,4.3185850100788254,1
002302,75.32700421940928,0.0937897317000414,1748.4122983870968,0.24292264752791065,6.12,1.8769506957367024,4.3185850100788254,1
002303,86.54430379746836,0.0843345262229169,2908.8768472906404,0.2494541484716157,3.62,1.9372384886095966,4.3185850100788254,1
002304,133.69620253164555,0.08257554888650068,475.0653879686138,0.2580645161290322,62.239999999999995,2.1261190718620346,4.3185850100788254,1
002305,28.39240506329114,0.07569062165542689,12683.333333333334,0.3333333333333333,2.19,1.4532021822925263,4.3185850100788254,2
002306,21.0126582278481,0.09180565948256936,10477.857142857143,0.2962962962962963,2.26,1.3224809967496136,4.3185850100788254,2
002307,100.12025316455697,0.07621857745273083,3642.8661616161617,0.26145104895104887,4.575,2.000521939096704,4.3185850100788254,1
002308,101.80801687763713,0.09330080264913762,2497.368902439024,0.23991869918699185,4.885,2.0077819778890853,4.3185850100788254,1
002309,253.70464135021098,0.07659321740431284,4604.031167041046,0.2897192028985507,3.35,2.4043284124103277,4.3185850100788254,3
002310,94.79535864978902,0.07181152642419691,7920.287356321839,0.315326816457543,2.35,1.9767870740244495,4.3185850100788254,2
002311,178.83755274261603,0.08421958701253386,443.6493018259936,0.2646336112329969,49.945,2.252458718243357,4.3185850100788254,3
002312,237.17088607594937,0.08248519719893851,1712.6233183856502,0.23282042315090046,11.01,2.375061376123134,4.3185850100788254,3
002313,88.5886075949367,0.09282557787431339,1192.1417958956263,0.25,9.155000000000001,1.9473778756480788,4.3185850100788254,1
002314,99.33544303797468,0.08609774719571087,3570.6639247943594,0.25310666872491505,2.6,1.9971042330816386,4.3185850100788254,1
002315,152.9240506329114,0.08911375454505582,579.6339463006129,0.2727272727272727,38.985,2.1844757930366527,4.3185850100788254,1
002316,91.67299578059072,0.08908029162726135,2152.4046434494203,0.2339043934788615,5.09,1.9622414238854924,4.3185850100788254,1
002317,313.38396624472574,0.0828121801400866,1213.9542846978254,0.23570230607966453,19.11,2.49607677276572,4.3185850100788254,3
002318,147.39662447257385,0.09304191755032859,645.3682282629652,0.2420454545454545,24.625,2.1684875378668544,4.3185850100788254,1
002319,73.4915611814346,0.11493835792535129,936.2237762237762,0.26783262669089436,11.965,1.866237473196503,4.3185850100788254,2
002320,160.87552742616032,0.08972482344296939,1443.4746652247209,0.2286647992530345,7.86,2.206489983737746,4.3185850100788254,1
002321,66.29746835443038,0.08266320436223071,5817.833333333334,0.30320054477357844,2.33,1.8214969446839102,4.3185850100788254,2
002322,64.52320675105486,0.10188904536396415,922.7272727272727,0.22966093065879228,12.434999999999999,1.8097159433368866,4.3185850100788254,1
002323,96.31223628691983,0.07275579178544105,7614.598540145986,0.3287671232876712,1.73,1.9836814669199396,4.3185850100788254,2
002324,187.57805907172997,0.09161812831512041,1096.774193548387,0.23695441010207163,13.415,2.273182037767219,4.3185850100788254,3
002325,55.088607594936704,0.07731349128830584,6786.622807017544,0.3,1.625,1.741061795399682,4.3185850100788254,2
002326,349.69198312236284,0.08489044694175807,1205.5374592833875,0.238095238095238,22.44,2.543685675987742,4.3185850100788254,3
002327,49.358649789029535,0.09946498436050699,1306.2037037037037,0.2333333333333333,7.1,1.6933632710171995,4.3185850100788254,1
002328,120.12236286919831,0.08994701088451362,1997.8260869565217,0.2274423337856173,6.805,2.0796238664087405,4.3185850100788254,1
002329,118.04852320675106,0.08718729988077828,2967.184205482078,0.25,3.915,2.0720605584018643,4.3185850100788254,1
002330,77.32278481012658,0.09805797615828209,2017.063492063492,0.2431169487244253,4.785,1.8883074869226284,4.3185850100788254,1
002331,93.63502109704642,0.10052808997549051,1427.799227799228,0.24106002554278416,8.425,1.9714383126755215,4.3185850100788254,1
002332,75.39662447257385,0.09157190558154601,1762.5,0.23546315077755237,9.22,1.877351902822689,4.3185850100788254,1
002333,63.67088607594937,0.10289590199708133,1591.6839916839917,0.23888339920948615,5.655,1.803940893765486,4.3185850100788254,1
002334,156.7700421940928,0.08634972654663797,2003.673163418291,0.23469104373987498,8.605,2.1952630752308746,4.3185850100788254,3
002335,438.3333333333333,0.08750273115748519,625.983378826282,0.2405420441901128,52.41,2.641804498106114,4.3185850100788254,3
002336,43.97679324894514,0.08905507205342525,1725.8883058470765,0.30752341920374704,8.865,1.643223557788231,4.3185850100788254,2
002337,76.95569620253164,0.09521683019898769,1789.1666666666667,0.2431169487244253,5.865,1.886240771506933,4.3185850100788254,1
002338,139.98101265822783,0.09382183109688932,506.34538152610446,0.2702702702702703,51.385,2.1460691309854374,4.3185850100788254,1
002339,148.29535864978902,0.08581103862955825,1515.612648221344,0.2373372026187772,8.285,2.1711275586863135,4.3185850100788254,3
002340,514.704641350211,0.07790292900401743,2904.3360148623306,0.2298401661549575,7.535,2.711558084519252,4.3185850100788254,3
002341,60.45147679324894,0.08137784367361714,3544.8387096774195,0.2547782185358817,3.49,1.7814069148795832,4.3185850100788254,1
002342,506.9683544303798,0.07845612055269394,1846.8066549124055,0.26871916129519857,8.975000000000001,2.704980850999615,4.3185850100788254,3
002343,102.28270042194093,0.09091338324855094,1777.8652668416448,0.25,6.66,2.009802185553614,4.3185850100788254,1
002344,69.01476793248946,0.0949932345587471,2369.2661531878475,0.238095238095238,4.45,1.8389420319740497,4.3185850100788254,1
002345,159.17721518987344,0.08786173512019012,1156.544292347102,0.2280701754385964,10.129999999999999,2.2018809024375234,4.3185850100788254,3
002346,54.68566294786527,0.10949591887906032,786.3930688554492,0.27124554367201426,18.134999999999998,1.7378734813834305,4.3185850100788254,2
002347,156.16033755274262,0.08424334570425514,1530.4748062015506,0.25430855789161977,7.359999999999999,2.193570739085008,4.3185850100788254,3
002348,137.9620253164557,0.09549627373353659,2099.0,0.2435897435897435,6.11,2.139759561291936,4.3185850100788254,1
002349,97.18987341772151,0.088570539855789,1720.8592132505173,0.23865546218487388,7.5,1.9876210164909447,4.3185850100788254,1
002350,121.51687763713079,0.09353397133112118,1537.012012012012,0.2394401644868743,8.870000000000001,2.084636601848921,4.3185850100788254,1
002351,86.42616033755274,0.08920857884522598,1323.8859180035652,0.25,12.23,1.9366452189904175,4.3185850100788254,1
002352,267.7974683544304,0.0773534497332253,802.2041062801933,0.21346755910612109,37.935,2.4278064670565054,4.3185850100788254,3
002353,420.084388185654,0.08547727718071131,440.4552438709327,0.25396230188490576,74.98,2.623336541926452,4.3185850100788254,3
002354,429.6708860759494,0.07711677976740752,2687.7809014169434,0.2610448544854485,6.32,2.633135927468118,4.3185850100788254,3
002355,126.08016877637131,0.08754437914830007,2284.7727822093307,0.24394176275161225,6.055,2.1006467815112613,4.3185850100788254,1
002356,82.06540084388186,0.08307973075612327,4389.331306990882,0.27038461538461533,3.83,1.914160095125551,4.3185850100788254,1
002357,87.64978902953587,0.10331079926114657,1248.0,0.2352941176470588,10.04,1.942750875097028,4.3185850100788254,1
002358,143.8016877637131,0.08613059101436184,2219.389978213508,0.2395209580838323,5.63,2.1577639832802844,4.3185850100788254,1
002360,50.18987341772152,0.10137891740096934,2090.0,0.2427184466019417,5.62,1.7006161003631812,4.3185850100788254,1
002361,600.7447257383966,0.08206575537779728,1630.1687540769733,0.2600966630695611,11.46,2.778689966587439,4.3185850100788254,3
002362,97.4071729957806,0.09256297033147555,732.5451217690124,0.2608695652173913,20.81,1.9885909391967174,4.3185850100788254,1
002363,74.81856540084388,0.09784844968749133,1429.7932330827068,0.2524308505616917,7.965,1.874009376617193,4.3185850100788254,1
002364,423.16455696202536,0.08867135589614193,849.6565934065934,0.2337895917032607,26.91,2.6265092853021272,4.3185850100788254,3
002365,87.66033755274262,0.10387574562721817,832.8828828828829,0.25,12.879999999999999,1.9428031386543676,4.3185850100788254,1
002366,195.5084388185654,0.07751344584117947,2833.3875637369288,0.2698412698412698,7.11,2.2911655077842643,4.3185850100788254,3
002367,76.62658227848101,0.09757404227908284,1284.3548387096776,0.21909090909090906,7.215,1.884379455457542,4.3185850100788254,1
002368,132.1223628691983,0.09447201717025643,903.2850630195762,0.2582457412105835,22.869999999999997,2.120976331987876,4.3185850100788254,1
002369,113.99789029535864,0.08840827615880552,1882.6860841423945,0.2645368492224476,7.2,2.056896814129786,4.3185850100788254,1
002370,115.24050632911391,0.080889999332662,2466.6666666666665,0.26245567375886525,5.955,2.0616051577605545,4.3185850100788254,1
002371,427.4029535864979,0.08778036766518843,215.68549642079054,0.30506341527196656,457.28999999999996,2.6308375190491216,4.3185850100788254,3
002372,112.77637130801688,0.0885856783306193,971.5901745313511,0.2254032258064516,11.18,2.052218116619971,4.3185850100788254,1
002373,173.24261603375527,0.0872764942213213,1562.3842070338421,0.2222222222222222,10.385,2.2386547331301108,4.3185850100788254,3
002374,100.80801687763713,0.08927106946878495,3461.964339131486,0.25449919037705293,3.43,2.003495071268967,4.3185850100788254,1
002375,79.09071729957805,0.09197096359050888,2229.35520361991,0.23872116689280864,4.029999999999999,1.8981255143176403,4.3185850100788254,1
002376,86.63291139240506,0.09678466690700784,1499.1666666666665,0.2233256123404465,7.295,1.9376829095786212,4.3185850100788254,1
002377,94.38185654008439,0.091890473674159,3017.5814751286453,0.24087396749267248,2.93,1.9748885158887275,4.3185850100788254,1
002378,562.2004219409282,0.0872285890513246,1150.9450171821304,0.2316857322389655,16.03,2.7498911672169006,4.3185850100788254,3
002379,185.49367088607596,0.09166326012178636,1162.1468926553673,0.2343387470997679,20.33,2.2683290959125455,4.3185850100788254,3
002380,121.67299578059072,0.09479599248753282,573.1595576619274,0.2539148519696599,28.66,2.0851942011978633,4.3185850100788254,1
002381,46.14767932489451,0.10670506707064736,1268.2311448724904,0.2142857142857142,6.72,1.6641498661044287,4.3185850100788254,1
002382,79.87552742616035,0.09484494622124898,1783.0989217065166,0.2272727272727272,5.95,1.9024137388661724,4.3185850100788254,1
002383,131.70042194092827,0.08647228320572523,1600.0,0.2459016393442623,9.19,2.11958716635376,4.3185850100788254,1
002384,862.867088607595,0.08586566861089559,649.5652173913044,0.2313624678663239,77.24,2.9359439044872597,4.3185850100788254,3
002385,170.48945147679325,0.07709934571641885,5317.002795527156,0.28587024329382404,4.05,2.231697513491913,4.3185850100788254,3
002386,101.60337552742615,0.09475554883536896,2454.492753623188,0.23393669948131676,5.75,2.006908136575683,4.3185850100788254,1
002387,113.44725738396625,0.0876211894033444,1782.7305605786619,0.23522947640594694,8.51,2.0547940011693293,4.3185850100788254,1
002388,85.59493670886076,0.09665227764232234,2213.747970779221,0.238095238095238,5.42,1.9324480751393087,4.3185850100788254,1
002389,228.95991561181432,0.08258836251139137,1093.3217005076142,0.2222222222222222,21.655,2.359759456346999,4.3185850100788254,3
002390,102.21097046413502,0.08704598691966649,3264.7307692307695,0.264367816091954,3.35,2.009497511809875,4.3185850100788254,1
002391,62.244725738396625,0.10600260584464781,1268.7467700258399,0.2260280599903241,6.06,1.7941025576994503,4.3185850100788254,1
002392,104.29324894514767,0.09407438581952654,1697.6624517035475,0.2222222222222222,7.4350000000000005,2.018256196818075,4.3185850100788254,1
002393,42.20675105485232,0.1081735778311936,699.8928571428571,0.2661458333333333,21.384999999999998,1.6253819227951232,4.3185850100788254,2
002394,69.0632911392405,0.1040536525001772,1097.327441077441,0.24217986314760503,10.5,1.839247270357981,4.3185850100788254,1
002395,71.72995780590718,0.10181594050334522,965.6352941176469,0.2665279223031564,16.689999999999998,1.8557005753681701,4.3185850100788254,2
002396,262.21518987341767,0.08679892824087251,777.3004694835681,0.23766434020451221,25.735,2.418657846343871,4.3185850100788254,3
002397,97.75105485232068,0.09462122025515579,2193.6521739130435,0.2352941176470588,4.045,1.9901214526568585,4.3185850100788254,1
002398,88.94092827004219,0.09316906735909473,1765.3278008298755,0.2307692307692307,5.12,1.9491016578366986,4.3185850100788254,1
002399,61.835443037974684,0.11261660633899881,653.415915915916,0.2272727272727272,11.385000000000002,1.7912374767643504,4.3185850100788254,1
002400,462.3776371308017,0.07696978088437029,2520.5038082320416,0.24630638483329698,8.23,2.6649968212914725,4.3185850100788254,3
002401,67.26793248945148,0.09613998061118276,865.3034979423868,0.2596296296296296,15.91,1.827808079649189,4.3185850100788254,1
002402,415.4177215189874,0.08205625979340844,836.9511982570807,0.23208982089820895,28.67,2.6184850193867146,4.3185850100788254,3
002403,57.66033755274262,0.09967393326841699,1056.904761904762,0.264728532922603,10.870000000000001,1.760877180488269,4.3185850100788254,2
002404,79.25738396624473,0.09972119707652416,1402.8352490421457,0.21966911764705882,6.755,1.8990397335574167,4.3185850100788254,1
002405,293.22784810126586,0.08146587327600475,2140.0,0.21892642052893424,9.16,2.4672052132487328,4.3185850100788254,3
002406,130.58649789029536,0.08655062717765785,1800.1581027667983,0.2343046171171171,7.445,2.1158982749874506,4.3185850100788254,1
002407,776.1371308016878,0.0840438643300422,960.2886597470056,0.23933815525290886,29.935000000000002,2.889938460805803,4.3185850100788254,3
002408,126.61181434599156,0.09192164045381583,2403.6585365853657,0.2162162162162162,5.32,2.102474232268047,4.3185850100788254,1
002409,282.3523206751055,0.09131017526155064,442.66779103961255,0.2616822429906542,78.745,2.450791361586802,4.3185850100788254,3
002410,234.67510548523205,0.07966301949603477,1352.611125385406,0.22484329216275362,12.51,2.3704670217510344,4.3185850100788254,3
002411,42.5,0.0894691567275793,4135.51724137931,0.31980519480519476,6.390000000000001,1.6283889300503116,4.3185850100788254,2
002412,76.53375527426161,0.10417868653183296,1431.3492063492063,0.21756661991584847,6.62,1.8838530233370014,4.3185850100788254,1
002413,544.5991561181435,0.07929540428556661,1699.2812777284826,0.2637899559723663,9.575,2.736076964044861,4.3185850100788254,3
002414,380.584388185654,0.08013979216506649,1544.0740505712774,0.21320875319596924,12.79,2.5804509692797364,4.3185850100788254,3
002415,450.55274261603375,0.07529591540291149,993.8942523574316,0.1839661733615222,31.595,2.6537456376821207,4.3185850100788254,3
002416,160.5632911392405,0.08849735927643912,1410.990116329922,0.22625102543068085,11.94,2.205646261503361,4.3185850100788254,3
002417,14.647727272727273,0.07960024344792724,4512.9726962457335,0.2530487804878049,2.92,1.1657702452032344,4.3185850100788254,2
002418,218.37974683544303,0.0800875427737708,3098.1739839548623,0.25,4.535,2.3392123581834725,4.3185850100788254,3
002419,90.25527426160338,0.09265653298016267,2345.733173076923,0.2226441241685144,5.49,1.9554725902539458,4.3185850100788254,1
002420,92.79746835443038,0.09731184578294692,1427.4193548387098,0.2285714285714285,6.88,1.9675361282156447,4.3185850100788254,1
002421,153.82489451476795,0.08251911872149217,4189.933440157773,0.27857402031930334,2.99,2.187026625943262,4.3185850100788254,3
002422,218.33755274261603,0.08437803804952823,722.4537037037037,0.2321036451471234,32.43,2.3391284381658393,4.3185850100788254,3
002423,115.9831223628692,0.08623585549166707,1712.5561545372866,0.2460840286927243,10.355,2.0643947961410443,4.3185850100788254,1
002424,38.06751054852321,0.08533129988265113,5350.0,0.2857142857142857,4.86,1.5805544767515878,4.3185850100788254,2
002425,84.79324894514768,0.08867217696251962,3077.4193548387098,0.25,3.49,1.9283612760469984,4.3185850100788254,1
002426,337.90506329113924,0.07666808277488645,5397.315410757343,0.274039449352784,3.57,2.528794699448548,4.3185850100788254,3
002427,101.92194092827005,0.08710146124517859,1930.4631665750412,0.2635233918128655,6.205,2.0082676854623434,4.3185850100788254,1
002428,582.8966244725739,0.08886239553159002,902.813495824551,0.22611359090487942,33.17,2.765591540347444,4.3185850100788254,3
002429,373.42194092827003,0.08347198058027235,2366.65924936953,0.21792507468146072,7.75,2.5721998319422785,4.3185850100788254,3
002430,157.8987341772152,0.0893481392179533,802.4277605779154,0.24339812591961585,28.93,2.1983786484246712,4.3185850100788254,1
002431,79.32911392405063,0.08054187157321024,5273.529411764706,0.2857142857142857,2.47,1.8994326034095297,4.3185850100788254,1
002432,168.50210970464133,0.0865040839443945,636.7538083538084,0.2358828939301042,42.805,2.2266053427583863,4.3185850100788254,3
002433,23.835443037974684,0.0866687324732488,7504.593402378212,0.29492753623188406,2.575,1.3772232287262234,4.3185850100788254,2
002434,105.70253164556962,0.09654687704654988,1815.01268230818,0.23493100944081335,7.99,2.0240853890721784,4.3185850100788254,1
002435,78.68354430379748,0.09397809828853196,2228.399014778325,0.23210050818746464,4.555,1.8958839145024164,4.3185850100788254,1
002436,578.5147679324895,0.08496480588493047,1295.7761250953472,0.21727205175277556,21.490000000000002,2.7623144498041508,4.3185850100788254,3
002437,148.76582278481013,0.08178716843675941,4620.770218228498,0.2666666666666666,3.06,2.1725031685698486,4.3185850100788254,3
002438,97.0717299578059,0.09890432737368107,1124.1493850435406,0.2352941176470588,15.075,1.987092769445223,4.3185850100788254,1
002439,161.03586497890296,0.08454392463806788,1357.5,0.24893326959508505,14.805,2.2069226103660617,4.3185850100788254,3
002440,126.39029535864978,0.088947788624889,1289.1803278688526,0.2105263157894736,7.805,2.1017137287407417,4.3185850100788254,1
002441,77.05485232067511,0.09807495293920669,1167.9285714285716,0.22490310077519382,9.5,1.8867999924345853,4.3185850100788254,1
002442,69.25185940070085,0.09976667675858669,1923.9797354348439,0.23317152103559866,5.91,1.840431438626348,4.3185850100788254,1
002443,101.38818565400844,0.09964802055233483,1437.2995817357964,0.2222222222222222,8.445,2.0059873514055875,4.3185850100788254,1
002444,213.03375527426158,0.0853299429598216,646.173438447544,0.24104141626092446,30.965,2.3284484230061833,4.3185850100788254,3
002445,138.126582278481,0.08221637270991361,5941.832963784183,0.2868527717672873,2.675,2.1402772660219624,4.3185850100788254,3
002446,248.95991561181432,0.08322523219806989,1824.448367737596,0.22533037732568245,9.879999999999999,2.396129428099884,4.3185850100788254,3
002448,161.66244725738397,0.0909597994784006,1177.1480280303467,0.2162019681349578,12.385000000000002,2.208609148892404,4.3185850100788254,1
002449,101.5168776371308,0.0922212378158777,1527.7230722617787,0.2295689131754705,8.455,2.0065382516613326,4.3185850100788254,1
002451,116.3649789029536,0.09076582246771848,1486.3813546502834,0.25,8.594999999999999,2.0658222951104177,4.3185850100788254,1
002452,123.60759493670886,0.09408819659575711,1612.2380239520958,0.2240399426355765,8.625,2.0920451563334317,4.3185850100788254,1
002453,98.64345991561181,0.09435782747945255,1854.3070652173913,0.2445147072913672,6.105,1.9940682967172934,4.3185850100788254,1
002454,92.32911392405063,0.09739432663049638,1155.1812915683327,0.2105263157894736,8.195,1.965338667687321,4.3185850100788254,1
002455,218.06751054852322,0.08335447495463355,1654.7133559705717,0.23448633879781422,8.01,2.338590965713711,4.3185850100788254,3
002456,427.63291139240505,0.07829648685977995,2238.280542986425,0.252212389380531,9.42,2.6310711219017606,4.3185850100788254,3
002457,107.084388185654,0.08729950099428656,1797.5976628519002,0.2569498069498069,11.28,2.0297261597297496,4.3185850100788254,1
002458,117.0632911392405,0.0957838802705499,1295.5592105263158,0.21930308780403657,9.315000000000001,2.068420729786012,4.3185850100788254,1
002459,369.44725738396625,0.07933076258369011,1859.5249801002014,0.25311457344883526,11.77,2.5675524468930777,4.3185850100788254,3
002460,921.3185654008439,0.08673100528267377,598.6160008432591,0.23938787462124106,65.105,2.9644098226767914,4.3185850100788254,3
002461,95.64135021097047,0.09038256326257814,989.623878536922,0.21720629047178536,9.434999999999999,1.980645698613067,4.3185850100788254,1
002462,54.270042194092824,0.10115098242097349,958.4478021978022,0.25,14.06,1.734560159236645,4.3185850100788254,1
002463,1122.850210970464,0.08632280602177816,616.541269946956,0.23445368705035968,71.555,3.0503218249276975,4.3185850100788254,3
002465,530.0021097046413,0.07995137478230835,1577.0211812114862,0.21322029565189005,13.265,2.7242775983390164,4.3185850100788254,3
002466,811.6097046413502,0.08609834971411642,677.0126746717225,0.24239823898576285,55.545,2.9093472313713984,4.3185850100788254,3
002467,239.92616033755274,0.07844715462999631,2825.4013598407487,0.2528735632183908,6.04,2.3800776038279077,4.3185850100788254,3
002468,165.8354430379747,0.0893231998923493,1085.3855629465386,0.21926510989010983,13.515,2.2196773553505613,4.3185850100788254,3
002469,69.63291139240506,0.09424716869750277,1800.8064516129032,0.2323504983388704,7.535,1.8428145536593246,4.3185850100788254,1
002470,142.49367088607596,0.07740603849607518,7310.602100575965,0.31379705166738225,1.95,2.1537955747985933,4.3185850100788254,3
002471,343.78270042194094,0.07723638257344037,2636.302044101485,0.28353280500296507,5.970000000000001,2.5362840186560898,4.3185850100788254,3
002472,252.27426160337552,0.0847632521279553,773.6929936809888,0.24042059943699284,38.730000000000004,2.4018729436851127,4.3185850100788254,3
002474,155.84177215189874,0.0829397879925668,1743.6480169347014,0.24837662337662336,7.665,2.192683878134481,4.3185850100788254,3
002475,1330.0527426160338,0.08051086074603334,869.1045823984784,0.21827164258084986,51.370000000000005,3.123868863052002,4.3185850100788254,3
002476,71.21518987341773,0.10053527844982885,2089.8217468805706,0.24607157548334016,5.6899999999999995,1.8525726365387407,4.3185850100788254,1
002478,183.21308016877637,0.08988562224948009,1578.3106907059423,0.22394314450389208,7.445,2.2629564761131493,4.3185850100788254,3
002479,74.03164556962025,0.09324148595653589,2246.761133603239,0.2453696916385671,4.965,1.8694174029532256,4.3185850100788254,1
002480,56.28691983122363,0.10438053120542004,2178.5714285714284,0.2386363636363636,6.03,1.7504074835704262,4.3185850100788254,1
002481,60.900843881856545,0.09616748136566497,2573.988970588235,0.2666666666666666,4.775,1.7846233105424727,4.3185850100788254,2
002482,73.69409282700423,0.07819767168551064,8896.879815100154,0.3181818181818182,1.72,1.8674326770659202,4.3185850100788254,2
002483,87.40928270042194,0.10006980547311303,1445.9220544586399,0.21718621821164885,6.28,1.9415575563357526,4.3185850100788254,1
002484,290.1286919831224,0.09083695606899428,803.1947261663286,0.2362421043523405,28.619999999999997,2.4625906800393995,4.3185850100788254,3
002485,9.041087470449172,0.1316991630599943,4411.25,0.3333333333333333,4.475,0.956220670963293,4.3185850100788254,0
002486,103.25527426160338,0.08698398514558142,2730.285714285714,0.2368421052631578,2.9,2.013912244582271,4.3185850100788254,1
002487,363.79113924050637,0.08679605426326464,480.5372807017544,0.2540504291845493,54.285,2.5608521168665037,4.3185850100788254,3
002488,157.43037974683546,0.09660155084483643,1554.9299568965516,0.2307692307692307,10.26,2.1970885430377454,4.3185850100788254,1
002489,116.33333333333334,0.08385295160853243,3380.098039215686,0.25452524610987615,3.55,2.0657041722395175,4.3185850100788254,1
002490,196.23206751054852,0.07908619839079435,2091.4772727272725,0.2857142857142857,7.085,2.2927699796233867,4.3185850100788254,3
002491,344.831223628692,0.08309114694201071,1946.8008825151683,0.23190197605168456,6.23,2.5376065832423027,4.3185850100788254,3
002492,66.87763713080169,0.1070808848247364,1427.220394736842,0.23746867167919788,6.785,1.8252809205436664,4.3185850100788254,1
002493,308.07805907172997,0.08411241939679072,1541.5792838874681,0.2025054922062977,11.515,2.4886607695166068,4.3185850100788254,3
002494,74.43459915611814,0.09919699385444719,1475.5034352049277,0.2,5.215,1.87177485395647,4.3185850100788254,1
002495,80.98945147679325,0.08783950614068825,3697.0454545454545,0.2653061224489796,2.625,1.90842845759783,4.3185850100788254,1
002496,24.666666666666668,0.08446040880103213,12728.57142857143,0.3125,2.02,1.3921104650113139,4.3185850100788254,2
002497,435.6413502109705,0.08411892195116663,1050.0400502873563,0.22055910191503403,22.26,2.639129095409142,4.3185850100788254,3
002498,235.84388185654007,0.07757795615776714,2179.805062770466,0.25,4.23,2.3726246144786547,4.3185850100788254,3
002500,101.0675105485232,0.08813905428001664,2875.1951219512193,0.2241379310344827,5.72,2.0046115684775265,4.3185850100788254,1
002501,96.80590717299577,0.0744062033075285,7573.214285714285,0.3125,1.82,1.9859018591096451,4.3185850100788254,2
002502,26.652542372881356,0.0843894402482551,8774.193548387097,0.3333333333333333,2.41,1.4257386424751624,4.3185850100788254,2
002503,60.28691983122363,0.03732133562816538,9718.57142857143,0.3157894736842105,1.2,1.7802230955343674,4.3185850100788254,3
002504,8.40594005150967,0.07607060748112163,11508.20054945055,0.32456140350877194,1.3849999999999998,0.9245862884303764,4.3185850100788254,2
002505,123.95991561181435,0.0768835086773388,7480.242857142857,0.2652200740436034,1.815,2.093281271912713,4.3185850100788254,3
002506,562.373417721519,0.07509865887472525,4890.780086944675,0.2834097901329524,2.98,2.7500247842562553,4.3185850100788254,3
002507,100.64767932489451,0.08991782198264728,1222.9741912031989,0.2241379310344827,13.06,2.002803765632902,4.3185850100788254,1
002508,102.37130801687763,0.08911396628945045,687.8464356156665,0.2352941176470588,20.255000000000003,2.010178252382051,4.3185850100788254,1
002510,128.38396624472574,0.07808881655896996,3159.090909090909,0.2727272727272727,6.73,2.108510788481696,4.3185850100788254,3
002511,112.65400843881858,0.09248150127056368,1325.0742240215927,0.2189640410958904,8.274999999999999,2.05174664933893,4.3185850100788254,1
002512,174.54852320675104,0.07691757105196977,3195.121951219512,0.2724358974358974,4.61,2.2419161787539093,4.3185850100788254,3
002513,90.96624472573839,0.09670837928956635,1369.9278267842824,0.24532844204975351,6.18,1.958880266508587,4.3185850100788254,1
002514,95.51898734177215,0.08259279230988976,2429.4117647058824,0.2777777777777778,5.58,1.9800897095745353,4.3185850100788254,1
002515,89.27215189873417,0.0955348242544052,3164.0024038461543,0.2444444444444444,5.99,1.9507160035369624,4.3185850100788254,1
002516,105.18143459915612,0.09639420036512797,1820.391106783512,0.2241851964666463,5.755,2.0219390899823666,4.3185850100788254,1
002517,407.6603375527426,0.08277594991622597,1329.1379045865929,0.22073004099160645,17.200000000000003,2.6102984597477192,4.3185850100788254,3
002518,266.7679324894515,0.08729363779729254,485.2824295010846,0.2695695465686274,46.855000000000004,2.4261336229210646,4.3185850100788254,3
002519,278.0,0.08049304670137161,2110.460473782273,0.2640754716981132,6.29,2.444044795918076,4.3185850100788254,3
002520,160.70042194092827,0.08618678683344423,2270.154694167852,0.2473118279569892,6.115,2.2060170170643794,4.3185850100788254,3
002521,39.19409282700422,0.10915084883875836,1383.7139423076922,0.2413793103448276,8.33,1.5932206168685885,4.3185850100788254,2
002522,141.91139240506328,0.08975654070060565,2428.993983395516,0.2352941176470588,5.609999999999999,2.1520172612788584,4.3185850100788254,1
002523,102.76160337552743,0.08630753327663859,2838.0944976076553,0.25,3.745,2.0118308718857794,4.3185850100788254,1
002524,80.33122362869199,0.09472721780015952,1916.5561541649395,0.22792207792207786,4.36,1.9048843823143504,4.3185850100788254,1
002526,103.08649789029536,0.0776262658087826,4539.563193698532,0.293103448275862,3.385,2.0132017857903666,4.3185850100788254,1
002527,135.14556962025318,0.08847217032889472,1276.5502273666805,0.23956521739130435,13.75,2.1308018131052995,4.3185850100788254,1
002528,34.540084388185655,0.08251034729732043,5886.666666666667,0.3076923076923077,3.6,1.5383233942991468,4.3185850100788254,2
002529,19.238017959536947,0.11357362613657442,3119.6666666666665,0.2857142857142857,7.175,1.2841603258318943,4.3185850100788254,2
002530,133.92194092827003,0.08638669090038309,1735.764809902741,0.2478632478632478,8.95,2.126851734916875,4.3185850100788254,1
002531,218.91350210970464,0.08932715035043567,1712.0755305867665,0.2308375461128569,9.545,2.340272548735127,4.3185850100788254,3
002532,396.85654008438814,0.08057040971055893,1558.0701653651813,0.2,13.27,2.598633541751789,4.3185850100788254,3
002533,117.79957805907173,0.08948220626622977,1410.1057290386034,0.23112535612535606,11.754999999999999,2.0711437348743003,4.3185850100788254,1
002534,147.09915611814347,0.09215949979879075,865.0445632798574,0.23618742368742365,16.880000000000003,2.1676101812640023,4.3185850100788254,1
002535,69.25105485232068,0.09015833737409043,3052.476489028213,0.2631578947368421,3.755,1.8404263930874318,4.3185850100788254,1
002536,462.54852320675104,0.08586680135204275,829.782003349301,0.2301341926431342,28.665,2.6651572987086887,4.3185850100788254,3
002537,141.23206751054852,0.08577802325786384,2064.2630597014922,0.24041702679343124,7.49,2.1499333168410577,4.3185850100788254,1
002538,56.08860759493671,0.1004997078082991,2404.5454545454545,0.2382978723404255,6.5,1.7488746587411705,4.3185850100788254,1
002539,164.63924050632912,0.09476624895195292,1275.9057971014493,0.22125680302265627,11.620000000000001,2.2165333539886256,4.3185850100788254,1
002540,86.35864978902953,0.09168446187847067,1739.3928035982008,0.22327237559345875,6.15,1.9363058435538336,4.3185850100788254,1
002541,112.66455696202532,0.09805215325385844,662.7705627705627,0.2666666666666666,19.46,2.051787313235543,4.3185850100788254,1
002542,71.59071729957806,0.07132822807099344,4949.122807017544,0.3076923076923077,2.93,1.8548567138312715,4.3185850100788254,2
002543,56.42827004219409,0.10063478336356665,1115.224358974359,0.25,9.135000000000002,1.7514967360285807,4.3185850100788254,1
002544,181.16666666666669,0.09352293477610674,801.4336357001355,0.2539148519696599,24.665,2.258078293702651,4.3185850100788254,1
002545,210.17299578059072,0.09428208680870298,856.1882620774811,0.22791409127801704,17.855,2.322576914656679,4.3185850100788254,3
002546,121.5042194092827,0.0844855172345857,2037.8260869565215,0.24518071530650143,6.970000000000001,2.0845913596985324,4.3185850100788254,1
002547,121.61603375527426,0.0776398110221165,3296.923076923077,0.2741935483870967,3.88,2.0849908357294558,4.3185850100788254,3
002548,108.77848101265823,0.09463728953310005,2885.6829268292686,0.238095238095238,5.165,2.036542990014852,4.3185850100788254,1
002549,348.90084388185653,0.08278578277248719,1189.8872699386502,0.2622549734909285,18.15,2.5427020198717005,4.3185850100788254,3
002550,101.98523206751054,0.0904343958908459,1871.4285714285716,0.25211287280854927,6.925000000000001,2.0085372884684998,4.3185850100788254,1
002551,70.43037974683544,0.09274805747296483,2460.833333333333,0.25,3.645,1.8477600300295673,4.3185850100788254,1
002552,110.83966244725738,0.09636480746824713,665.7986785853091,0.25,17.564999999999998,2.044695194505388,4.3185850100788254,1
002553,135.0126582278481,0.08571838954258026,990.1676727028839,0.26076923076923075,21.7,2.1303744880564164,4.3185850100788254,1
002554,94.54008438818565,0.08877012001664855,3668.367346938776,0.2613240418118467,3.39,1.975615985626161,4.3185850100788254,1
002555,378.5632911392405,0.08056923469811572,1311.8507124352332,0.2283959508161303,21.31,2.5781384986172102,4.3185850100788254,3
002556,89.5210970464135,0.09627963839136713,1812.1428571428573,0.22517605633802815,5.99,1.9519253956637752,4.3185850100788254,1
002557,102.64556962025316,0.0953806602305313,586.012585812357,0.2545454545454545,22.855,2.011340209127946,4.3185850100788254,1
002558,526.2067510548522,0.08071042531775077,854.4845027348115,0.2292449874686716,27.990000000000002,2.7211564156369157,4.3185850100788254,3
002559,168.457805907173,0.08731303083048525,1564.8694390715668,0.23434921617161714,10.175,2.226491139887438,4.3185850100788254,3
002560,232.69198312236284,0.08460863552682178,1619.097413318657,0.22758820127241175,8.83,2.3667814209072886,4.3185850100788254,3
002561,52.027426160337555,0.09829514575675283,1570.7142857142856,0.2608695652173913,8.545,1.7162323415214142,4.3185850100788254,2
002562,129.48734177215192,0.08535430724828456,2280.6901059584425,0.2456140350877192,5.5,2.112227315388703,4.3185850100788254,1
002563,115.67932489451476,0.08600395515085792,1708.6338797814208,0.2170289855072463,5.55,2.0632557454117064,4.3185850100788254,1
002564,73.38396624472574,0.09183663273171783,2403.3898305084745,0.26136363636363635,5.89,1.8656011807321156,4.3185850100788254,1
002565,539.2552742616033,0.08224387087419627,1616.5456766313082,0.25,13.399999999999999,2.7317944014732545,4.3185850100788254,3
002566,55.679324894514764,0.10588870139957557,1094.3527393804864,0.2272727272727272,7.9,1.7456939608632023,4.3185850100788254,1
002567,70.5464135021097,0.08085213160592475,4144.753901560624,0.2779866332497911,4.405,1.8484749396235256,4.3185850100788254,1
002568,115.35654008438819,0.08964226073560175,836.8939393939394,0.25211037809463,20.799999999999997,2.0620422216750063,4.3185850100788254,1
002569,10.02808988764045,0.15296169838570473,2173.333333333333,0.3333333333333333,12.62,1.001218218139318,4.3185850100788254,0
002570,96.10126582278481,0.07608256606389505,3481.229728477435,0.30532015065913376,5.04,1.9827291081287948,4.3185850100788254,1
002571,75.91772151898735,0.10750950476727103,1336.3175675675675,0.2568807339449541,10.375,1.880343165349427,4.3185850100788254,2
002572,109.86075949367088,0.09016549267931813,1071.2637362637363,0.2272727272727272,13.864999999999998,2.0408425970772037,4.3185850100788254,1
002573,47.71308016877637,0.09591138489823027,2204.8364010989008,0.238095238095238,3.84,1.678637453807378,4.3185850100788254,1
002574,71.54430379746836,0.10077774486904109,1306.6017316017314,0.2307692307692307,5.705,1.8545750618860797,4.3185850100788254,1
002575,163.78902953586498,0.08251274573840983,2459.75,0.2614678899082568,6.38,2.2142848096857395,4.3185850100788254,3
002576,75.73206751054852,0.09607086994445396,822.0588235294117,0.24906015037593981,17.175,1.8792798133697837,4.3185850100788254,1
002577,57.5,0.10879616741910057,683.9680498841187,0.26127883310719124,17.8,1.7596678446896306,4.3185850100788254,2
002578,173.39029535864978,0.08171981867525031,2368.027052238806,0.25,3.9450000000000003,2.2390247863920227,4.3185850100788254,3
002579,263.162447257384,0.08123789208752566,1477.028050883684,0.24162593605667904,11.870000000000001,2.420223916429494,4.3185850100788254,3
002580,117.55274261603375,0.09096132591249931,1334.5793566631319,0.25,12.995000000000001,2.070232766077841,4.3185850100788254,1
002581,22.529661016949152,0.11634426437089987,3000.0,0.2857142857142857,7.68,1.352754657344072,4.3185850100788254,2
002582,138.13291139240505,0.08653706842092591,1386.6499696417732,0.24302855958119518,10.225000000000001,2.140297165423185,4.3185850100788254,1
002583,203.7489451476793,0.08055313961168717,1816.0909862302947,0.24100560740334087,10.23,2.3090953689814473,4.3185850100788254,3
002584,154.5801687763713,0.07959980839214201,2219.4721445116265,0.25722639933166247,8.19,2.189153777140999,4.3185850100788254,3
002585,187.80801687763713,0.08625023351033526,1982.890365448505,0.23215584541531295,7.415,2.2737141268619783,4.3185850100788254,3
002586,10.23076923076923,0.11491207356099038,7066.666666666667,0.25,4.12,1.009908288660249,4.3185850100788254,2
002587,143.27848101265823,0.08680844158804929,1766.6441380553301,0.22346496815286626,6.73,2.1561809686302165,4.3185850100788254,1
002588,112.82067510548524,0.09334207921172522,1298.0555555555557,0.2264403437103817,9.25,2.0523886941636147,4.3185850100788254,1
002589,98.20886075949366,0.07924939950147188,4505.867709815078,0.2838935399225291,3.18,1.9921506731774794,4.3185850100788254,1
002590,101.72362869198312,0.09445911662434625,1104.7554654045525,0.2448979591836734,12.885000000000002,2.007421843961362,4.3185850100788254,1
002591,110.9367088607595,0.09689404922107896,1326.5250965250964,0.2222222222222222,6.9,2.0450752775982264,4.3185850100788254,1
002592,14.444716065478778,0.12046633463661882,3043.8844086021504,0.3333333333333333,6.9350000000000005,1.1597090094957074,4.3185850100788254,0
002593,107.5675105485232,0.08625575979302855,1838.6031042128604,0.238095238095238,5.13,2.031681117797314,4.3185850100788254,1
002594,766.704641350211,0.08689284791522583,469.67457375608535,0.256566828690367,100.005,2.8846280923245584,4.3185850100788254,3
002595,130.45358649789029,0.09526792590364791,317.2696596244131,0.2889676113360323,58.305,2.1154560234502817,4.3185850100788254,2
002596,149.3122362869198,0.08166797246273536,2859.3864842792973,0.25,3.69,2.174095400050091,4.3185850100788254,3
002597,96.12025316455697,0.09975415171127061,837.7042483660131,0.2547514808138037,22.634999999999998,1.9828149059918845,4.3185850100788254,1
002598,57.742616033755276,0.10083661564201254,1233.8709677419354,0.25,9.62,1.7614964557360386,4.3185850100788254,1
002599,105.0126582278481,0.0881555280128283,1587.8880097382835,0.2469471332836932,7.175000000000001,2.021241652090543,4.3185850100788254,1
002600,777.3417721518988,0.07967693318821484,1836.3879743475723,0.24276991989294275,13.98,2.8906120060917266,4.3185850100788254,3
002601,210.60337552742618,0.08584898680735649,1130.4985074626866,0.2316133527840023,17.79,2.3234653277287953,4.3185850100788254,3
002602,576.0569620253165,0.07864108954457354,2350.095169529971,0.2290605582480611,14.765,2.7604654297255364,4.3185850100788254,3
002603,174.54008438818565,0.08239167096193237,1040.1563364692863,0.22780305419163022,17.14,2.2418951816072954,4.3185850100788254,3
002605,105.30168776371309,0.0899029222482812,860.9035326086956,0.25468660149511213,23.235,2.022435332064814,4.3185850100788254,1
002606,133.4451476793249,0.09102377998703284,1363.151515151515,0.22080627705627698,10.395,2.1253027866330316,4.3185850100788254,1
002607,315.3164556962025,0.07279693217154815,7010.440167042672,0.3024968918358889,2.745,2.498746636246065,4.3185850100788254,3
002608,115.5632911392405,0.09186672715244862,1699.4897959183672,0.21244358478401032,7.73,2.062819901666952,4.3185850100788254,1
002609,93.82700421940928,0.09612502317224181,1122.7941176470588,0.22785622593068028,9.004999999999999,1.9723278500596306,4.3185850100788254,1
002610,136.957805907173,0.06936244489555962,6639.423076923077,0.3076923076923077,2.4,2.1365867898999573,4.3185850100788254,3
002611,295.5295358649789,0.08011268676948828,1532.0924601125944,0.24321253071253068,17.265,2.4706008917220625,4.3185850100788254,3
002612,90.84388185654008,0.09356909217768568,824.064039408867,0.25856204550785833,17.465,1.9582956838133834,4.3185850100788254,1
002613,88.24472573839662,0.0864694423222577,2916.3212143928035,0.25750075007500745,3.98,1.9456887576727606,4.3185850100788254,1
002614,63.33966244725738,0.09508039658258373,1868.1115276476103,0.2368421052631578,6.6850000000000005,1.8016757445792448,4.3185850100788254,1
002615,92.48101265822785,0.10292020714114496,1293.5122699386502,0.2337662337662337,7.795,1.9660525765854564,4.3185850100788254,1
002616,68.72151898734177,0.09596481357226211,1968.2673509286412,0.24542606516290721,5.61,1.8370927503652383,4.3185850100788254,1
002617,292.4746835443038,0.07657328544045516,2606.71146953405,0.24742666525468593,8.024999999999999,2.4660882797417942,4.3185850100788254,3
002620,36.92015366756951,0.10562411371030192,3972.9545454545455,0.2857142857142857,5.695,1.5672634999605537,4.3185850100788254,2
002621,82.74683544303798,0.07881648042408995,3407.5396825396824,0.29016129032258065,3.495,1.9177513936754766,4.3185850100788254,1
002622,88.42405063291139,0.09017921691308181,2801.5180878552974,0.25,2.89,1.9465704056979711,4.3185850100788254,1
002623,79.5632911392405,0.09953455053791749,624.7093023255813,0.2727272727272727,20.59,1.9007127394354157,4.3185850100788254,2
002624,419.9789029535865,0.0825676289937695,1357.7174610816883,0.22958347958347955,14.754999999999999,2.623227474776552,4.3185850100788254,3
002625,335.19831223628694,0.08499540951994403,907.2073677956032,0.2323504983388704,39.71,2.525301823238929,4.3185850100788254,3
002626,76.93037974683544,0.09963938509738476,805.9785755645628,0.23956521739130435,17.835,1.8860978762249319,4.3185850100788254,1
002627,101.5042194092827,0.09753707667483866,1637.8694581280788,0.2352941176470588,6.645,2.0064840957278633,4.3185850100788254,1
002628,96.53375527426161,0.09008250394839869,2417.6397277346373,0.24499802293396594,4.46,1.9846792010742627,4.3185850100788254,1
002629,94.82700421940929,0.09215810638064378,2286.538461538461,0.247191011235955,5.76,1.9769320305177915,4.3185850100788254,1
002630,34.11392405063292,0.07425555550155313,9863.75,0.3333333333333333,2.51,1.5329316782323161,4.3185850100788254,2
002631,102.35443037974684,0.09946577619701741,1753.2273696452803,0.2345643294758339,5.885,2.010106645707214,4.3185850100788254,1
002632,144.9240506329114,0.08968292346948883,1207.4638752986689,0.23368794326241132,10.36,2.1611404640799776,4.3185850100788254,1
002633,44.76296216834727,0.11657736410008522,657.6340326340327,0.2857142857142857,16.494999999999997,1.650918818044014,4.3185850100788254,2
002634,60.312236286919834,0.10829652760453694,2068.4210526315787,0.2401524777636594,5.59,1.7804054317550444,4.3185850100788254,1
002635,142.9367088607595,0.09272553002272862,926.8824974707327,0.21864652317880795,14.379999999999999,2.1551437781844403,4.3185850100788254,1
002636,302.03797468354435,0.08870857358751333,859.9417938999154,0.23969596503786306,16.86,2.480061549442929,4.3185850100788254,3
002637,87.0084388185654,0.10018780370584586,1058.4842788790156,0.23616777154513,10.83,1.939561376234743,4.3185850100788254,1
002638,105.50632911392405,0.09019892259294768,3721.3449848024316,0.241312223265799,3.11,2.0232785128735826,4.3185850100788254,1
002639,453.1898734177215,0.08097153480879825,1306.0610486067385,0.2550634206219312,14.815000000000001,2.6562801969373,4.3185850100788254,3
002640,222.57805907172997,0.07075739002915872,3822.8532289628183,0.29817941079112875,3.8600000000000003,2.347482350952336,4.3185850100788254,3
002641,65.77848101265823,0.09173122402915954,2449.0853658536585,0.25456962445995346,4.33,1.8180838403318371,4.3185850100788254,1
002642,122.28059071729959,0.0840419233660105,2064.2616033755276,0.2589298369950389,8.04,2.0873575280638965,4.3185850100788254,1
002643,156.2932489451477,0.08894615703940575,1148.33506116525,0.22613735976913,16.165,2.193940219163199,4.3185850100788254,1
002644,54.43762962168347,0.10026473069638561,1170.8496732026142,0.2518477043673012,8.614999999999998,1.7358992064535037,4.3185850100788254,1
002645,215.23417721518987,0.09068439314650475,955.818984165441,0.22763853367433926,15.42,2.3329112344545613,4.3185850100788254,3
002646,51.97679324894515,0.10027559393890476,1326.4912280701756,0.2580645161290322,8.9,1.715809481835864,4.3185850100788254,2
002647,69.20253164556962,0.09209067769493574,3187.5,0.2666666666666666,8.14,1.8401219826011157,4.3185850100788254,1
002648,396.8523206751055,0.08132556893080141,1152.372431139886,0.20880736910148676,19.71,2.5986289242748803,4.3185850100788254,3
002649,120.44514767932489,0.09329440006336479,1234.223245109321,0.23450593575418993,12.395,2.0807893084560583,4.3185850100788254,1
002650,12.645881069285323,0.10922823037465777,4439.74358974359,0.25,6.43,1.1019490930871954,4.3185850100788254,2
002651,98.29113924050633,0.08783342487947096,1179.8709782786216,0.2592592592592592,9.14,1.9925143687741358,4.3185850100788254,1
002652,105.64345991561183,0.09202502662755435,2386.534810126582,0.2272727272727272,3.965,2.023842616291529,4.3185850100788254,1
002653,106.27637130801688,0.09922071050106668,396.9447437278744,0.2805316722231971,49.620000000000005,2.0264367174750806,4.3185850100788254,2
002654,405.6097046413502,0.08397052928781495,1402.2593725718725,0.23209352801894234,14.155000000000001,2.6081083374045857,4.3185850100788254,3
002655,181.47679324894514,0.09297840751077488,1091.0751104565536,0.23364328221560995,13.26,2.258821096543988,4.3185850100788254,3
002656,10.56060606060606,0.1125146683216187,10227.333808167143,0.3333333333333333,2.73,1.0236888425561408,4.3185850100788254,0
002657,175.5126582278481,0.08840202157728326,951.0683760683761,0.2535032262269439,21.49,2.2443084438802483,4.3185850100788254,3
002658,90.94092827004219,0.09035341765833191,1419.7222222222222,0.2352941176470588,8.45,1.958759382907351,4.3185850100788254,1
002659,94.73628691983123,0.0939578795299904,1838.5269908599705,0.2261107729762629,5.0649999999999995,1.9765163590511192,4.3185850100788254,1
002660,65.60337552742615,0.10267827548352021,1100.858123569794,0.238095238095238,9.030000000000001,1.8169261859491248,4.3185850100788254,1
002661,42.676732460845315,0.11450692758988548,921.2858094603597,0.22485955056179774,9.225000000000001,1.630191160317837,4.3185850100788254,1
002662,99.88818565400844,0.0906733668201023,2766.958221856349,0.24,3.79,1.9995141247756298,4.3185850100788254,1
002663,93.17721518987341,0.08851017341638959,4966.571499503476,0.2727272727272727,1.96,1.9693097264411978,4.3185850100788254,1
002664,109.9620253164557,0.09751439064932205,802.1250556297285,0.25370092254880927,19.755000000000003,2.041242730222545,4.3185850100788254,1
002665,105.9957805907173,0.07136788693328425,5465.212527964206,0.2953176341730558,2.875,2.0252885775040093,4.3185850100788254,3
002666,83.82700421940928,0.0997319255213162,1558.0824639841035,0.22460444852098138,5.07,1.9233839457695059,4.3185850100788254,1
002667,100.82278481012659,0.09568478459250424,1070.421204212042,0.26344707923655286,15.21,2.003558688846709,4.3185850100788254,1
002668,109.30168776371308,0.09318842167478777,1377.254004576659,0.22771002710027094,9.82,2.0386268680870145,4.3185850100788254,1
002669,128.04641350210971,0.09080062353491523,1049.2196599114839,0.2352941176470588,13.74,2.1073674186649987,4.3185850100788254,1
002670,177.49156118143458,0.08419811567946711,1534.140049140049,0.23831367409349055,12.66,2.2491777093941563,4.3185850100788254,3
002671,86.15400843881856,0.09574111810366588,1751.7117117117118,0.229337431693989,4.76,1.935275488427828,4.3185850100788254,1
002672,49.75105485232068,0.10318387921963516,1920.3651165659307,0.240990407052113,4.6899999999999995,1.696802293356828,4.3185850100788254,1
002673,128.28270042194094,0.08288488296804752,2937.076023391813,0.2307692307692307,7.275,2.1081680934921674,4.3185850100788254,1
002674,53.588607594936704,0.10637098438818188,856.9047619047619,0.26421832884097035,13.245000000000001,1.7290724728172318,4.3185850100788254,2
002675,88.79957805907173,0.10096055815267353,1036.2117981520967,0.238095238095238,13.58,1.9484109021856708,4.3185850100788254,1
002676,87.55485232067511,0.09600109782843352,1891.5795586527292,0.2441734417344173,6.48,1.942280219839201,4.3185850100788254,1
002677,64.0168776371308,0.10146973479197817,1158.974358974359,0.24,8.18,1.806294488020649,4.3185850100788254,1
002678,87.10548523206751,0.09934770607597129,1543.306595365419,0.24571843251088532,5.345,1.9400455043878104,4.3185850100788254,1
002679,56.59704641350211,0.1037399704661977,907.7302631578948,0.2619047619047619,10.92,1.7527937675877838,4.3185850100788254,2
002681,172.64556962025316,0.07913574399724013,2910.41248606466,0.2684665731650303,5.465,2.2371554380914143,4.3185850100788254,3
002682,162.16244725738397,0.0828813290358297,1940.0595238095239,0.25658350658350654,5.615,2.2099502898435475,4.3185850100788254,3
002683,169.87974683544303,0.09766056076288587,637.8356164383562,0.2623912281260956,36.025000000000006,2.2301416051085403,4.3185850100788254,1
002685,145.09493670886076,0.08613752962270439,2687.8416496449763,0.2523627075351213,7.115,2.1616522573876362,4.3185850100788254,1
002686,73.79746835443038,0.10005464342869005,1776.9400352733687,0.2406896551724138,6.6,1.8680414634685727,4.3185850100788254,1
002687,70.22573839662448,0.1005433122984202,1598.0590024624596,0.2083333333333333,4.86,1.8464963143370339,4.3185850100788254,1
002688,57.6444968890796,0.0942837345554366,2234.8372542700617,0.2429605337555128,5.81,1.7607578530915449,4.3185850100788254,1
002689,45.80590717299578,0.08417524832868108,5503.883928571428,0.3157894736842105,3.69,1.6609214886415768,4.3185850100788254,2
002690,81.91772151898735,0.09462029801526482,629.8204022988506,0.2439322763750244,18.299999999999997,1.9133778642190074,4.3185850100788254,1
002691,57.91983122362869,0.09861020414566295,1282.5192802056556,0.2513966480446927,7.12,1.762827287671937,4.3185850100788254,1
002692,76.15822784810126,0.09333994262452032,2389.2210144927535,0.24078769438810005,5.07,1.8817168297468867,4.3185850100788254,1
002693,53.721518987341774,0.09372773846435785,2571.875,0.2777777777777778,7.72,1.7301482839388616,4.3185850100788254,2
002694,49.358649789029535,0.10772739493570997,2048.7394957983192,0.2340425531914893,3.74,1.6933632710171995,4.3185850100788254,1
002695,63.229957805907176,0.10471631111622984,972.3643139253409,0.2421835385138137,11.24,1.800922892003511,4.3185850100788254,1
002696,70.10337552742615,0.10242785578768354,1300.196850393701,0.2222222222222222,6.62,1.8457389300585318,4.3185850100788254,1
002697,117.15189873417721,0.08559622152940234,2610.9375,0.2394366197183098,5.44,2.0687493317984815,4.3185850100788254,1
002698,98.13713080168776,0.09463651303592847,1334.5911949685533,0.24949799196787145,15.145,1.991833356526394,4.3185850100788254,1
002699,35.299578059071735,0.08143795182360479,11433.482142857143,0.3684210526315789,1.68,1.5477695142345076,4.3185850100788254,2
002700,36.28270042194093,0.10958846132843456,1810.846560846561,0.2291666666666666,6.985,1.5596996029388661,4.3185850100788254,1
002701,110.21308016877637,0.0885460509887161,2575.4333730316266,0.22000555709919414,5.17,2.042233139960567,4.3185850100788254,1
002702,136.67510548523205,0.08951530281959069,1733.321781320395,0.24623849090500785,5.615,2.1356894177502532,4.3185850100788254,1
002703,316.2278481012658,0.08159282609346172,1202.4193548387098,0.25788651381259453,15.59,2.5000001127314335,4.3185850100788254,3
002705,83.64767932489451,0.09241203328170342,1040.8080808080808,0.2403846153846154,14.475000000000001,1.9224538966388416,4.3185850100788254,1
002706,216.38396624472574,0.087486870949546,1504.3161671512712,0.21875,10.625,2.3352250770009757,4.3185850100788254,3
002707,106.0506329113924,0.09110255797306852,2163.5828877005347,0.24,6.96,2.025513264734759,4.3185850100788254,1
002708,141.72995780590716,0.08936591848794137,1440.2439024390244,0.2483660130718954,12.4,2.15146165783156,4.3185850100788254,1
002709,936.6835443037975,0.08397724407580857,776.0406015826879,0.23277324823690115,42.16,2.9715928905932145,4.3185850100788254,3
002712,127.95991561181435,0.0948419930727695,1590.7901622187337,0.2213577240601057,5.52,2.1070739449996325,4.3185850100788254,1
002713,71.45147679324894,0.0869176431217834,2921.212121212121,0.30048543689320384,10.17,1.8540112094255319,4.3185850100788254,2
002714,466.2278481012658,0.08021924787706576,805.422379478107,0.2124143835616438,44.16,2.6685982106592565,4.3185850100788254,3
002715,60.141350210970465,0.1125418879373134,693.9601769911504,0.2857142857142857,15.825,1.7791731740570067,4.3185850100788254,2
002716,637.3586497890295,0.07819480538176331,2377.2177091465,0.23938088559406928,7.62,2.804383884128336,4.3185850100788254,3
002717,53.76160337552743,0.06659484297385468,12378.423553368404,0.35305788982259567,1.68,1.7304722125524683,4.3185850100788254,2
002718,55.16877637130801,0.12882009190666516,400.0,0.3474080267558528,48.504999999999995,1.741693351529208,4.3185850100788254,0
002719,71.57383966244726,0.09629244916474486,1300.0,0.25,8.71,1.8547543160749698,4.3185850100788254,1
002721,97.24894514767932,0.0822327102241865,4819.354838709677,0.2705882352941176,3.02,1.9878848992622526,4.3185850100788254,1
002722,50.66244725738397,0.1080530427236053,742.5396825396825,0.25,14.92,1.7046861646236398,4.3185850100788254,2
002723,92.25527426160338,0.10674781915418169,1444.017094017094,0.24114974937343353,8.985,1.9649912042861934,4.3185850100788254,1
002724,69.75949367088607,0.09969290631702808,1359.1173835125446,0.2368421052631578,6.915,1.8436033197350292,4.3185850100788254,1
002725,113.86075949367088,0.09316250648804317,1053.1531531531532,0.25,14.66,2.056374076391129,4.3185850100788254,1
002726,57.177215189873415,0.08823713135880605,3217.5,0.2696629213483146,4.21,1.7572229992709527,4.3185850100788254,1
002727,87.00421940928271,0.09455441193540573,1077.0878427128428,0.25,13.18,1.939540314937394,4.3185850100788254,1
002728,161.78481012658227,0.08044191173770733,1374.1423357664235,0.2586206896551724,11.094999999999999,2.208937743556323,4.3185850100788254,3
002729,94.72573839662448,0.09746598846177537,948.0,0.2510121457489878,18.25,1.9764679993292382,4.3185850100788254,1
002730,110.75527426160338,0.0974324271727798,941.3382352941176,0.2538185085354896,15.82,2.044364416865038,4.3185850100788254,1
002731,62.628691983122366,0.0970040052138383,1235.0511695906432,0.26393188854489164,10.785,1.7967733414403428,4.3185850100788254,1
002732,36.46835443037975,0.11622492135995874,620.3800298062592,0.2795348837209302,17.06,1.5619161669899715,4.3185850100788254,2
002733,139.80801687763713,0.08759010877123119,974.1991991991993,0.24462779943784566,20.22,2.145532075457549,4.3185850100788254,1
002734,134.36497890295357,0.09151475893538533,1195.8333333333335,0.238095238095238,16.47,2.1282860882778127,4.3185850100788254,1
002735,147.584388185654,0.08714334519533255,1114.2250101173613,0.26492819349962204,14.88,2.1690404192524775,4.3185850100788254,1
002736,187.75527426160338,0.08294047304301154,1774.4852941176468,0.20594546831608174,10.99,2.2735921456790695,4.3185850100788254,3
002737,68.80801687763713,0.09834172650060914,797.780487804878,0.24341213423706395,14.76,1.8376390411844215,4.3185850100788254,1
002738,464.7341772151899,0.0852294299921847,538.7562437562437,0.24329462542390295,65.00999999999999,2.667204612289851,4.3185850100788254,3
002739,189.28691983122363,0.08122032073765334,2286.206896551724,0.2282608695652173,11.17,2.2771206042364307,4.3185850100788254,3
002740,10.62127659574468,0.1066027944173203,6519.791666666666,0.25,2.72,1.0261767187386501,4.3185850100788254,2
002741,205.3143459915612,0.09058217228200621,896.3404866462287,0.23666380595329506,20.515,2.312419296020853,4.3185850100788254,3
002742,10.800659958887806,0.11404181452273396,5314.285714285714,0.28149801587301587,4.285,1.033450293241249,4.3185850100788254,2
002743,52.79324894514768,0.10522934790316013,1642.857142857143,0.2307692307692307,5.47,1.722578389705669,4.3185850100788254,1
002745,163.43459915611817,0.08873093750047939,1848.7551990493168,0.2137931034482758,9.129999999999999,2.2133440022082715,4.3185850100788254,3
002746,73.01476793248946,0.09845213902509185,1916.65566314554,0.2352941176470588,6.16,1.863410709201778,4.3185850100788254,1
002747,211.09493670886076,0.08390628979917558,907.2194337920145,0.23882648882648877,22.275,2.324477816511002,4.3185850100788254,3
002748,70.16749803332618,0.10241577405831274,1001.145038167939,0.2539638072470882,11.405000000000001,1.8461359911405808,4.3185850100788254,1
002749,32.62129013802475,0.11552934040773435,845.7107843137255,0.25,13.225000000000001,1.5135011329380172,4.3185850100788254,2
002750,36.67299578059072,0.08366001225556016,2065.9134385461502,0.29814814814814816,7.205,1.5643463884944808,4.3185850100788254,2
002751,11.013119178364601,0.10767600842917129,2874.358974358974,0.26818181818181813,7.23,1.04191033896269,4.3185850100788254,2
002752,114.34599156118144,0.0939575794763407,1508.041958041958,0.2262365591397849,6.24,2.058220944864302,4.3185850100788254,1
002753,51.00632911392405,0.11110431612017688,1283.0,0.23380959776362786,7.21,1.7076240688177304,4.3185850100788254,1
002755,118.65400843881856,0.09394253490664434,836.7740518578507,0.2488532110091743,14.91,2.074282414390311,4.3185850100788254,1
002756,326.626582278481,0.08593776959723859,491.23190319031903,0.24486277269528495,54.47,2.514051526595003,4.3185850100788254,3
002757,184.61181434599155,0.08759686610085324,910.3360066371682,0.24322344322344314,19.06,2.2662594905202846,4.3185850100788254,3
002758,62.11181434599156,0.09769558648453588,1189.6800741225202,0.2272727272727272,9.785,1.793174215591449,4.3185850100788254,1
002759,539.0548523206751,0.08527397289803074,795.2153110047847,0.2559523809523809,30.8,2.7316329597101583,4.3185850100788254,3
002760,69.79957805907173,0.10740801996113186,556.2047848452683,0.28232998885172794,21.78,1.8438527973055292,4.3185850100788254,2
002761,88.09704641350211,0.0864501599657744,1742.7536231884058,0.25,8.57,1.944961348277879,4.3185850100788254,1
002762,14.790598290598291,0.12211895973823077,2693.333333333333,0.29223628691983117,7.33,1.169985741883985,4.3185850100788254,0
002763,60.75105485232068,0.10678696361810355,1007.5255869957857,0.22456896551724137,7.695,1.7835538232179187,4.3185850100788254,1
002765,91.38818565400844,0.08907661464042922,1597.1153846153848,0.2582457412105835,10.0,1.9608900552862394,4.3185850100788254,1
002766,108.22151898734177,0.08618467111273109,2316.9276073105298,0.2564102564102564,5.2,2.034313625356967,4.3185850100788254,1
002767,61.9746835443038,0.1038373607873789,689.1812865497077,0.2727272727272727,19.17,1.7922143178470633,4.3185850100788254,2
002768,70.71518987341773,0.1057659506040982,473.494983277592,0.2857142857142857,51.099999999999994,1.849512711811595,4.3185850100788254,2
002769,82.23417721518987,0.10257834501892338,1355.844155844156,0.26040825740975665,9.055,1.9150523514950821,4.3185850100788254,1
002771,122.72151898734177,0.0903305181673997,1023.9402985074626,0.25817133091219824,15.805,2.088920722124283,4.3185850100788254,1
002772,127.0210970464135,0.09404834186967509,884.4141438274344,0.22749774977497744,12.83,2.103875859301704,4.3185850100788254,1
002773,123.65611814345992,0.09171024466922686,649.0406941219601,0.25240244389180555,24.055,2.0922156088510637,4.3185850100788254,1
002774,66.20253164556962,0.10588369798155109,901.9230769230769,0.25,10.51,1.8208745975768328,4.3185850100788254,1
002775,65.93248945147678,0.09554356047724377,2068.5064935064934,0.2333333333333333,3.995,1.8190994739634536,4.3185850100788254,1
002776,14.222457627118644,0.08586496002992455,6276.388888888889,0.31321339950372207,2.415,1.1529746485508325,4.3185850100788254,2
002777,112.53164556962025,0.09175140360511816,893.2700993676604,0.2577713128455702,18.055,2.0512746696797723,4.3185850100788254,1
002778,39.70886075949367,0.11854981002711404,772.0,0.3048780487804878,19.29,1.5988874274073035,4.3185850100788254,0
002779,109.72995780590718,0.10676761666809406,311.2631578947369,0.3409090909090909,82.69,2.040325212201955,4.3185850100788254,2
002780,86.73839662447259,0.09932323406937994,706.8214285714286,0.2556847545219638,14.16,1.938211389872002,4.3185850100788254,1
002781,18.044776119402986,0.09049454805046771,4482.608695652174,0.2803738317757009,3.21,1.2563514981599455,4.3185850100788254,2
002782,149.46835443037975,0.09071381176456308,745.2537225705329,0.2307692307692307,19.04,2.174549253188525,4.3185850100788254,1
002783,74.86708860759494,0.10253349175239883,1635.3174603174602,0.2459016393442623,8.95,1.874290944838463,4.3185850100788254,1
002785,86.584388185654,0.1152219189721615,869.9865668777586,0.2918091745707133,37.215,1.937439592524969,4.3185850100788254,2
002786,88.28902953586498,0.09186017350598374,1560.8610549009966,0.2560975609756097,8.4,1.9459067431242334,4.3185850100788254,1
002787,111.9493670886076,0.09930894274385822,962.7136752136752,0.23785950023573782,12.41,2.049021642616235,4.3185850100788254,1
002788,149.04008438818565,0.08759620677584007,1147.836789180029,0.2377246618491754,11.09,2.173303087790716,4.3185850100788254,1
002789,17.146375766318066,0.1420067983998922,2205.645161290323,0.3,11.065,1.2341723371470552,4.3185850100788254,0
002790,53.44514767932489,0.10831204750067851,1031.305683563748,0.2591445989712326,8.155000000000001,1.727908281448371,4.3185850100788254,2
002791,82.75527426160338,0.09479970430346735,687.0031439479003,0.2727272727272727,22.305,1.9177956823234759,4.3185850100788254,1
002792,484.1898734177215,0.08795821551294089,809.7288829979516,0.2614767243767231,34.5,2.68501570215488,4.3185850100788254,3
002793,94.0168776371308,0.09398261886235677,2007.0356638418077,0.238095238095238,4.9,1.9732058238839123,4.3185850100788254,1
002795,127.92194092827005,0.09878950879417311,1795.8490566037735,0.22898297099010564,7.125,2.1069450402319445,4.3185850100788254,1
002796,239.73839662447259,0.0945501391296233,776.1427514792899,0.25,29.645,2.3797375964311804,4.3185850100788254,3
002797,207.80590717299577,0.07704469239494414,3842.0876711162205,0.2441088575347834,6.92,2.3176578888235264,4.3185850100788254,3
002798,65.21097046413502,0.10594087304759443,1433.0105212816834,0.22068372803666914,6.235,1.81432066338922,4.3185850100788254,1
002799,70.26793248945148,0.10343540558072317,1185.8557015039025,0.24365079365079362,8.63,1.846757175372539,4.3185850100788254,1
002800,75.01898734177215,0.10598549508300871,842.1378968253969,0.27695333452529947,15.98,1.875171197446686,4.3185850100788254,2
002801,44.447257383966246,0.10877897916598162,475.6756756756757,0.2857142857142857,31.435000000000002,1.6478449680113583,4.3185850100788254,2
002802,46.358649789029535,0.11736985849474658,754.9894482966536,0.2619047619047619,12.855,1.666130778505683,4.3185850100788254,2
002803,143.29957805907173,0.094090235107925,821.3537241574625,0.2386179627188853,17.98,2.1562449116333067,4.3185850100788254,1
002805,181.831223628692,0.08875292416457277,868.8988129743198,0.2452830188679245,17.5,2.259668461313409,4.3185850100788254,3
002806,89.957805907173,0.09422623730718432,1116.6666666666667,0.25,13.08,1.9540388543444307,4.3185850100788254,1
002807,117.1561181434599,0.08582736806751101,3188.225542670235,0.256832298136646,4.44,2.0687649733133813,4.3185850100788254,1
002808,10.396729338033685,0.1312649857624857,3815.396825396825,0.3,4.6850000000000005,1.0168967379676033,4.3185850100788254,0
002809,73.18354430379748,0.09478312673907677,961.2455108359134,0.2401923076923077,10.64,1.8644134386885378,4.3185850100788254,1
002810,113.17721518987341,0.0959899923846134,884.7011759001091,0.25,18.585,2.0537590035898514,4.3185850100788254,1
002811,82.60970464135022,0.1005032993193545,698.6646884272998,0.2438878950506857,12.415,1.917031069410171,4.3185850100788254,1
002812,535.782700421941,0.08454709375040574,580.6574201586989,0.24674965257803894,61.36,2.728988686814963,4.3185850100788254,3
002813,49.70464135021097,0.11141118295908314,538.4615384615385,0.3134328358208955,27.05,1.696396944440979,4.3185850100788254,2
002815,255.48734177215192,0.08476729282411483,1343.7480838017375,0.2244897959183673,13.91,2.407369387700914,4.3185850100788254,3
002816,17.40084388185654,0.14121061081700695,1577.2727272727273,0.2962962962962963,22.01,1.240570310601375,4.3185850100788254,0
002817,56.643459915611814,0.10888194751817049,1026.815087918321,0.20865360550210732,7.835,1.7531497732192352,4.3185850100788254,1
002818,42.120253164556964,0.10648094169324417,844.6623093681917,0.2352941176470588,11.56,1.6244909728562713,4.3185850100788254,1
002819,63.871308016877634,0.10250088276032547,650.0,0.3017370470200659,27.06,1.8053058101410047,4.3185850100788254,2
002820,78.5042194092827,0.0963859724614421,950.0587066473988,0.25,11.024999999999999,1.8948929996359813,4.3185850100788254,1
002821,155.2299578059072,0.09354070421213803,305.0714285714286,0.2928931875525651,102.87,2.1909755394367734,4.3185850100788254,1
002822,17.727699399617094,0.09024114073926999,8110.976851017835,0.2845982142857143,3.41,1.248652378980512,4.3185850100788254,2
002823,79.68143459915612,0.09474397504150192,904.5512820512821,0.2327174259318254,15.575,1.9013571446035007,4.3185850100788254,1
002824,138.46413502109704,0.0900308826032985,559.6795658708797,0.24696276621907426,20.259999999999998,2.141337297014187,4.3185850100788254,1
002825,55.01476793248945,0.10604160232074065,1111.8055555555557,0.2424242424242424,10.344999999999999,1.7404792853249371,4.3185850100788254,1
002826,68.48523206751055,0.10706538878412766,747.945205479452,0.2459016393442623,18.05,1.835596931739916,4.3185850100788254,1
002827,66.28270042194093,0.1032321486753335,734.8513598987981,0.280625,30.83,1.8214001936890216,4.3185850100788254,2
002828,119.62447257383967,0.08755080019149875,1366.6666666666667,0.25,11.0,2.077820035977995,4.3185850100788254,1
002829,116.41983122362869,0.0942626452524321,741.6813898704359,0.2577159515812155,24.385,2.0660269653431254,4.3185850100788254,1
002830,60.12025316455696,0.1049403037438868,600.0,0.2857142857142857,18.465,1.7790208007195711,4.3185850100788254,2
002831,144.51054852320675,0.09440528722711625,492.8258743538397,0.2594373219373219,28.84,2.159899549502367,4.3185850100788254,1
002832,87.4704641350211,0.09914396398885578,877.162447257384,0.24639249639249633,18.645,1.9418614309811153,4.3185850100788254,1
002833,69.53164556962025,0.098317527504314,724.635241301908,0.25,17.85,1.8421825077309175,4.3185850100788254,1
002835,46.24683544303797,0.10799659302306829,680.625,0.25,16.31,1.6650820203907943,4.3185850100788254,2
002836,42.80801687763713,0.11544685040278913,849.8316498316499,0.2928061098792806,11.49,1.6315251091926801,4.3185850100788254,2
002837,920.1835443037975,0.08896483769739924,496.80284806215707,0.2521631798119841,74.805,2.9638744624845716,4.3185850100788254,3
002838,81.72995780590718,0.10332848007115769,647.945205479452,0.2608695652173913,24.53,1.912381274709007,4.3185850100788254,1
002839,110.42405063291139,0.08545766852493186,2760.0694444444443,0.25,4.47,2.043063674114171,4.3185850100788254,1
002840,107.042194092827,0.08904267623155857,1533.888729204773,0.2426696110906637,10.56,2.0295550024476796,4.3185850100788254,1
002841,106.4957805907173,0.09366861214504063,398.73367314431346,0.2644284128745838,38.114999999999995,2.0273324011787994,4.3185850100788254,1
002842,402.76371308016877,0.0875716076063339,843.9357749469215,0.23036858974358967,16.03,2.6050503359656467,4.3185850100788254,3
002843,152.70886075949366,0.09433783041886493,764.6948594580906,0.256890012642225,21.200000000000003,2.1838642372352575,4.3185850100788254,1
002845,112.00210970464136,0.09251887627248756,957.0512820512821,0.24165739710789763,14.895,2.049226203245672,4.3185850100788254,1
002846,92.89662447257385,0.09378620881706717,954.7847985347986,0.25439137134052386,13.745000000000001,1.967999933589245,4.3185850100788254,1
002847,74.30168776371308,0.10205636780123428,369.5468914646997,0.31686991869918696,63.78,1.8709986788768926,4.3185850100788254,2
002848,28.91983122362869,0.11713437909208213,2372.7272727272725,0.2857142857142857,11.27,1.4611957540837444,4.3185850100788254,2
002849,95.75527426160338,0.10815009010371768,779.757004002287,0.2695360195360195,17.0,1.981162704516649,4.3185850100788254,2
002850,201.66244725738397,0.09534462907696677,250.62367919179422,0.3339818417639429,155.54000000000002,2.3046250332286475,4.3185850100788254,2
002851,442.98945147679325,0.09130582381978844,429.0320223780895,0.2628853322618808,94.575,2.6463933848687486,4.3185850100788254,3
002852,57.88818565400844,0.10605713693198165,1068.6887254901962,0.232051282051282,9.895,1.7625899380138497,4.3185850100788254,1
002853,62.962025316455694,0.11444249452293648,556.25,0.2974137931034483,21.62,1.7990786896434758,4.3185850100788254,2
002855,72.84810126582278,0.09655170212029643,744.9579831932773,0.2653061224489796,16.155,1.8624182366753692,4.3185850100788254,1
002856,60.540084388185655,0.11067699585970682,1002.2222222222222,0.2818181818181818,12.06,1.7820430219938252,4.3185850100788254,2
002857,59.037974683544306,0.11016754234367332,662.081081081081,0.28870226519501974,19.975,1.7711314504605162,4.3185850100788254,2
002858,100.07172995780591,0.1013482943636626,781.4184710561202,0.25,14.92,2.0003114075757087,4.3185850100788254,1
002859,123.40506329113924,0.09961182418433873,499.53271028037386,0.267919290686112,29.564999999999998,2.0913329790998967,4.3185850100788254,1
002860,80.26160337552743,0.10023956490292701,1357.0461321140479,0.25,13.32,1.9045078313284032,4.3185850100788254,1
002861,97.16455696202532,0.10038807702389431,702.9575163398692,0.25935935935935933,17.605,1.9875078747729924,4.3185850100788254,1
002862,71.70886075949366,0.1035049845498427,728.3467202141901,0.2838087861968073,17.63,1.8555728229089745,4.3185850100788254,2
002863,85.66455696202532,0.09927312339292665,1670.8204334365323,0.2222222222222222,5.505,1.9328011731521026,4.3185850100788254,1
002864,63.71518987341772,0.10045621607793015,602.7142857142858,0.2900211034066928,31.945,1.8042429816569647,4.3185850100788254,2
002865,356.32700421940933,0.08665238413407736,418.25617283950623,0.26852134146341466,72.795,2.551848736577992,4.3185850100788254,3
002866,145.21940928270044,0.08833192679332631,775.0076219512196,0.24014721074380166,19.34,2.1620246658202587,4.3185850100788254,1
002867,89.0295358649789,0.08971429460520494,876.5299877600978,0.2222222222222222,12.504999999999999,1.9495341092875886,4.3185850100788254,1
002868,27.787877386414088,0.13865671638851743,898.4375,0.3333333333333333,34.655,1.443855373888756,4.3185850100788254,0
002869,69.66666666666666,0.09854035063018414,812.070633768747,0.28041111815683784,22.875,1.8430250313913916,4.3185850100788254,2
002870,67.24472573839662,0.11082715696816144,510.3571428571429,0.2941176470588235,36.614999999999995,1.8276582266292754,4.3185850100788254,2
002871,57.74894514767932,0.10721132361099525,637.171052631579,0.2727272727272727,16.725,1.7615440557377562,4.3185850100788254,2
002872,7.002557948588391,0.13732571430529636,4220.0,0.2950180072028811,5.02,0.8452567114474859,4.3185850100788254,0
002873,66.43037974683544,0.10044730944893587,948.0392156862744,0.238095238095238,10.13,1.8223667350771624,4.3185850100788254,1
002875,74.49789029535864,0.11167465311181678,984.0,0.2819672131147541,16.73,1.8721439741434946,4.3185850100788254,2
002876,93.35443037974684,0.10170440384667648,586.2129987129987,0.2740830755634114,27.59,1.970134933359759,4.3185850100788254,2
002877,86.25949367088609,0.09342557491579392,1321.776027286016,0.2466564685314685,9.105,1.9358069045798658,4.3185850100788254,1
002878,127.20464135021098,0.08882514782289486,987.2976878612717,0.2564102564102564,17.205,2.1045029578219143,4.3185850100788254,1
002879,79.72573839662448,0.09899118874513718,692.8743961352657,0.263943603566245,16.25,1.9015985502429296,4.3185850100788254,1
002880,31.067510548523206,0.12659298027984087,546.6216216216217,0.3529411764705882,27.07,1.4923064544665978,4.3185850100788254,0
002881,117.17088607594937,0.09256065983532936,584.7165991902834,0.2631578947368421,40.84,2.068819714179626,4.3185850100788254,1
002882,98.17510548523207,0.09138151590833804,684.0457046127804,0.2692307692307692,24.985,1.992001376574792,4.3185850100788254,1
002883,35.075949367088604,0.11015979694910817,1169.0140845070423,0.2547169811320754,10.46,1.5450094344917902,4.3185850100788254,2
002884,39.06406886934134,0.10865590928768995,720.377358490566,0.25,17.655,1.5917774769311088,4.3185850100788254,2
002885,245.65400843881855,0.08766884381026427,742.2140350877194,0.2436455929856945,26.41,2.390323855092688,4.3185850100788254,3
002886,122.4282700421941,0.09207139453795252,670.0649350649351,0.24506753812636162,20.665,2.087881712790841,4.3185850100788254,1
002887,50.511630193806766,0.11232313844476173,921.8832891246685,0.25,9.55,1.7033913849991833,4.3185850100788254,2
002888,71.64978902953587,0.09969938849129767,669.9186991869918,0.2857142857142857,19.049999999999997,1.8552149159693254,4.3185850100788254,2
002889,38.42405063291139,0.0989116644465816,989.5658776707164,0.28,15.405000000000001,1.5846031459185264,4.3185850100788254,2
002890,34.06962025316456,0.13267052315689162,578.4338803088804,0.3,14.9275,1.5323672928612653,4.3185850100788254,0
002891,111.35443037974684,0.09736653919409409,463.7194008037998,0.28325958702064896,35.565,2.046707500680341,4.3185850100788254,2
002892,109.13291139240506,0.08761731614155688,1262.0039184165578,0.25,12.434999999999999,2.037955741245346,4.3185850100788254,1
002893,64.27637130801688,0.0909091588088271,1622.463768115942,0.2597666159309995,11.175,1.8080513508948557,4.3185850100788254,1
002895,162.43248945147678,0.09400248054771798,642.9164136814411,0.26426720947446336,33.465,2.210672900387146,4.3185850100788254,1
002896,180.21308016877637,0.09056668562710346,450.63740402723454,0.27364224992291764,76.12,2.255786309611754,4.3185850100788254,3
002897,224.06751054852322,0.09212244280574486,483.2910321489002,0.2661290322580645,53.095,2.350378889054425,4.3185850100788254,3
002898,11.094782608695652,0.12850823895845825,1662.0192307692307,0.2727272727272727,11.73,1.0451187970800742,4.3185850100788254,0
002899,65.35232067510549,0.12447404231862125,655.7674031836541,0.3076923076923077,24.92,1.8152610140817933,4.3185850100788254,0
002900,54.729957805907176,0.10204739051666951,908.1097197376266,0.2739181195516812,11.875,1.7382251133230504,4.3185850100788254,2
002901,58.70675105485232,0.10913349602569059,335.33388807988354,0.3037974683544304,42.09,1.768688046346108,4.3185850100788254,2
002902,213.86075949367088,0.08772500022879866,780.0975438047559,0.25189619063791246,23.0,2.330131104820474,4.3185850100788254,3
002903,128.95991561181432,0.09637043793329986,638.4850128848502,0.26624696441769613,24.03,2.1104547402695193,4.3185850100788254,1
002905,87.63713080168776,0.09719711341557566,1032.321339330335,0.25497391617197335,9.645,1.942688150524995,4.3185850100788254,1
002906,137.45991561181435,0.09234273929604564,645.7195688095051,0.25701179554390563,30.689999999999998,2.138176072954864,4.3185850100788254,1
002907,46.962025316455694,0.10196416273443684,885.6666666666667,0.2777777777777778,14.34,1.6717468183246045,4.3185850100788254,2
002908,67.71729957805907,0.0989126208921709,1238.562091503268,0.25,9.44,1.8306996310415729,4.3185850100788254,1
002909,78.85443037974684,0.10102647699926197,1319.522326064382,0.23395676046671235,6.62,1.896826098875118,4.3185850100788254,1
002910,78.72362869198312,0.09992069563826768,885.9952738393106,0.25,11.05,1.8961051042823291,4.3185850100788254,1
002911,87.98312236286921,0.0982881455476581,735.9683180618108,0.22485955056179774,12.135000000000002,1.9443993702448776,4.3185850100788254,1
002912,74.9620253164557,0.10384617711008093,502.0381526104418,0.29246018487582137,28.175,1.8748413117628389,4.3185850100788254,2
002913,140.3945147679325,0.09922482602466653,431.8388780169602,0.28232998885172794,41.894999999999996,2.147350140182997,4.3185850100788254,1
002915,120.5126582278481,0.09072184106658415,903.6077753779698,0.2592592592592592,20.6375,2.0810326660791962,4.3185850100788254,1
002916,403.02531645569616,0.09133008089145062,264.05698198198195,0.299042058206368,225.125,2.605332327658921,4.3185850100788254,3
002917,70.31012658227849,0.09868420748240653,956.483238456673,0.25,13.2,1.8470178798146824,4.3185850100788254,1
002918,88.29535864978902,0.10141473684975583,727.2727272727273,0.2543587874369722,13.24,1.9459378749732261,4.3185850100788254,1
002919,90.40295358649789,0.11144433660036193,740.6562625050019,0.28930425752855654,22.43,1.9561826196939853,4.3185850100788254,2
002920,217.81012658227849,0.091103726070183,383.9753754313964,0.2819096189261935,109.495,2.338078067415013,4.3185850100788254,3
002921,92.63713080168776,0.10739522085509662,612.8508530544855,0.2702702702702703,17.765,1.9667850954303028,4.3185850100788254,2
002922,276.66666666666663,0.09013495504699537,740.0314233551014,0.24619250096637024,31.634999999999998,2.4419568376564116,4.3185850100788254,3
002923,81.63502109704642,0.10309597698618586,798.75,0.2461976636594957,12.79,1.9118765093216328,4.3185850100788254,1
002925,143.957805907173,0.09052807885360001,749.252727892703,0.23562573789846514,19.405,2.1582352188528584,4.3185850100788254,1
002926,97.23628691983123,0.08890143150404359,2005.031351132686,0.21512181842929085,8.49,1.9878283664504353,4.3185850100788254,1
002927,123.60337552742615,0.0917480366710701,943.2098765432097,0.25324894514767926,17.759999999999998,2.0920303312132917,4.3185850100788254,1
002928,148.81223628691984,0.09256797460828785,1517.4894003634163,0.22660960902548138,8.305,2.172638643127875,4.3185850100788254,1
002929,238.48523206751054,0.09022853606399166,544.3505954029355,0.2603560424512153,46.68,2.3774614910064735,4.3185850100788254,3
002930,68.4873417721519,0.11136783374784645,1128.4601821921833,0.2608695652173913,12.515,1.835610310083603,4.3185850100788254,2
002931,182.83333333333331,0.09110131977073838,567.6136363636363,0.26951780753762594,33.285,2.2620553771910674,4.3185850100788254,3
002932,30.936708860759495,0.11252769848050445,885.0,0.2679487179487179,18.53,1.4904741102800751,4.3185850100788254,2
002933,55.02320675105485,0.10442364768461672,551.9706498951782,0.290994623655914,31.735,1.740545897462328,4.3185850100788254,2
002935,103.11814345991561,0.09842084746238378,901.060208150958,0.2540586540979314,19.325,2.0133350853735448,4.3185850100788254,1
002936,101.75105485232066,0.06347947875123115,8437.539533337364,0.375,1.92,2.0075389202477973,4.3185850100788254,2
002937,91.82911392405063,0.10653090429936954,794.9372759856631,0.2757515473032714,24.28,1.9629803937501678,4.3185850100788254,2
002938,486.7004219409283,0.08374961659552561,622.9562068271746,0.23045467092550964,51.24,2.6872617227516993,4.3185850100788254,3
002939,125.94303797468355,0.08460567378602654,2261.632821358623,0.23483455882352938,8.864999999999998,2.100174165063616,4.3185850100788254,1
002940,122.89662447257385,0.09132519850695953,571.0084033613446,0.2719568567026194,30.945,2.089539954545795,4.3185850100788254,1
002941,119.89662447257385,0.08911554238503652,1297.2454000855798,0.2418693812797461,15.024999999999999,2.0788069562967575,4.3185850100788254,1
002942,41.40506329113924,0.1183167457676034,481.5625,0.2907004430825293,18.905,1.6170534528345402,4.3185850100788254,2
002943,162.8945147679325,0.10085700138403858,534.1754478398313,0.28521825396825395,45.965,2.211906460329829,4.3185850100788254,1
002945,129.74050632911394,0.08852163204146682,1144.2630597014927,0.2307692307692307,14.84,2.113075588487927,4.3185850100788254,1
002946,101.50210970464136,0.09867971092896635,601.7543859649122,0.2635233918128655,17.035,2.006475069082357,4.3185850100788254,1
002947,141.6223628691983,0.10076061189890334,517.0177383592018,0.27185725374841685,46.26,2.1511318360081293,4.3185850100788254,1
002948,172.17721518987344,0.08309031188743127,2465.7175141242933,0.22946896035901265,4.82,2.2359756792197194,4.3185850100788254,3
002949,54.5253164556962,0.11222885951477723,705.7330057330057,0.2711864406779661,14.129999999999999,1.7365981948296247,4.3185850100788254,2
002950,80.70253164556962,0.09710358975113556,978.6661100093935,0.22892412346013263,10.79,1.9068871587921503,4.3185850100788254,1
002951,58.962025316455694,0.09808553855472903,980.952380952381,0.2580645161290322,13.8,1.7705723929082204,4.3185850100788254,1
002952,97.90506329113924,0.09480751061382363,681.4439946018894,0.2785195200270407,22.285,1.99080515250324,4.3185850100788254,1
002953,75.31012658227849,0.09694158832363785,1059.3406593406594,0.25,11.614999999999998,1.8768533775699912,4.3185850100788254,1
002955,60.926160337552744,0.10815937048395069,617.1245421245421,0.2857142857142857,26.490000000000002,1.7848038090655862,4.3185850100788254,2
002956,66.9746835443038,0.10953618454929173,459.8076923076923,0.2979023799919322,21.845,1.8259106702416155,4.3185850100788254,2
002957,202.18143459915612,0.090672596850648,765.4082545361615,0.238095238095238,22.66,2.3057412738003977,4.3185850100788254,3
002958,100.45147679324896,0.07887574045958251,5616.273148148148,0.2925,3.0,2.001956325936875,4.3185850100788254,1
002959,38.345991561181435,0.1079069178152621,459.89094574780063,0.3022021014978761,43.925,1.5837199723568398,4.3185850100788254,2
002960,105.37552742616035,0.0937927900667271,1141.2587412587413,0.23152530032763008,11.29,2.0227397613713305,4.3185850100788254,1
002961,120.28270042194093,0.0910211232003418,690.1340109166197,0.23847207947927365,21.61,2.080203169720988,4.3185850100788254,1
002962,95.59071729957806,0.09123187041070749,1108.57834842905,0.25,15.25,1.9804157205051007,4.3185850100788254,1
002963,57.46835443037975,0.11288448048131992,634.2320566132731,0.27529583831937243,15.0,1.7594287615666624,4.3185850100788254,2
002965,116.05696202531647,0.09440133138653356,670.8941176470589,0.2740830755634114,36.89,2.064671198031808,4.3185850100788254,1
002966,171.11814345991561,0.09108543771985247,2067.421032357473,0.22406896551724137,8.129999999999999,2.233296059726819,4.3185850100788254,3
002967,118.43037974683544,0.09753351647230131,750.2826086956522,0.2541771094402673,20.455,2.073463121846674,4.3185850100788254,1
002968,58.719409282700425,0.1076988333008281,639.4852941176471,0.25,11.774999999999999,1.76878167792719,4.3185850100788254,2
002969,289.4978902953587,0.0844429254967085,1394.7625272331154,0.2398753894080997,12.04,2.4616454031708033,4.3185850100788254,3
002970,131.37130801687763,0.09933089545378376,443.32878218985854,0.2857142857142857,53.315,2.118500524047315,4.3185850100788254,2
002971,69.27004219409284,0.11198492976033925,688.1801470588235,0.29826069621987983,30.25,1.8405454521764102,4.3185850100788254,2
002972,51.210970464135016,0.10867896511293462,767.9089644205924,0.24711270410195135,12.2925,1.709363005930573,4.3185850100788254,2
002973,39.78481012658227,0.12306508995326196,1074.662162162162,0.2857142857142857,12.815,1.5997172897271386,4.3185850100788254,0
002975,141.96413502109704,0.09929317341957838,357.0185185185185,0.3090040532715692,75.42,2.152178640652247,4.3185850100788254,2
002976,69.28270042194093,0.10128198983329433,512.7144055357517,0.29364516891093784,27.615000000000002,1.8406248067733182,4.3185850100788254,2
002977,47.88607594936709,0.10602656938612248,624.3243243243244,0.3015873015873015,30.36,1.6802092500023027,4.3185850100788254,2
002978,72.60759493670886,0.10351364630513644,500.0,0.2777777777777778,31.770000000000003,1.8609820513693023,4.3185850100788254,2
002979,125.5379746835443,0.09255253361303453,539.7345024966507,0.2644153130046547,39.59,2.0987751178557468,4.3185850100788254,1
002980,51.27215189873418,0.0995550709052063,500.6060606060606,0.3042206966692092,28.845,1.7098815452175367,4.3185850100788254,2
002981,59.833333333333336,0.10051660084694539,525.6578947368421,0.2941176470588235,26.16,1.7769431981946755,4.3185850100788254,2
002982,54.628691983122366,0.10813509295550051,770.2635327635328,0.2758620689655172,14.52,1.7374208019915558,4.3185850100788254,2
002983,70.44092827004219,0.0984299879150484,684.5238095238095,0.2727272727272727,23.46,1.8478250704624841,4.3185850100788254,2
002984,116.66666666666666,0.08834954193059716,931.4885093822475,0.23440106773440106,20.73,2.066946789630613,4.3185850100788254,1
002985,116.57805907172997,0.0919115505352176,580.3873431533007,0.263578947368421,32.705,2.0666168203996684,4.3185850100788254,1
002986,61.483122362869196,0.11224335190852366,757.2158365261814,0.25,12.365,1.7887559146268581,4.3185850100788254,2
002987,127.52320675105486,0.08886797375762187,943.2233146067416,0.2476844426623897,17.625,2.10558922513718,4.3185850100788254,1
002988,65.81645569620252,0.11518718089267455,596.3714984019553,0.3018054651919323,30.635,1.8183344912517823,4.3185850100788254,2
002989,60.64978902953587,0.11423458373732756,700.2238805970148,0.3026779422128259,26.83,1.7828292945106252,4.3185850100788254,2
002990,93.50632911392405,0.0979420315633744,506.1111111111111,0.2727272727272727,30.25,1.9708410077305452,4.3185850100788254,1
002991,34.35443037974684,0.13174951095586745,318.3580139372823,0.3684210526315789,58.635,1.535982752033277,4.3185850100788254,0
002992,58.35443037974683,0.11393556230054051,448.1812169312169,0.3333333333333333,50.76,1.7660738340992066,4.3185850100788254,0
002993,120.11603375527426,0.09537122252459028,391.5684899485741,0.2846121891875853,44.980000000000004,2.0796009833118516,4.3185850100788254,1
002995,151.9789029535865,0.08747056435086281,743.3333333333334,0.2621359223300971,21.73,2.1817833052687874,4.3185850100788254,1
002996,84.02320675105486,0.09926093091950797,1309.534008307373,0.2272727272727272,7.445,1.9243992523949256,4.3185850100788254,1
002997,71.74472573839662,0.09989964283436456,611.4561766735679,0.2692307692307692,32.855000000000004,1.8557899797348987,4.3185850100788254,2
002998,72.27004219409284,0.104318927519583,1006.9163292847503,0.217391304347826,7.675,1.8589583082762782,4.3185850100788254,1
002999,70.49367088607595,0.10046337679429682,1278.4749034749036,0.2258064516129032,6.94,1.8481501265993177,4.3185850100788254,1
003000,55.12447257383966,0.10414962726017848,1079.4927536231885,0.25,11.43,1.7413444472039339,4.3185850100788254,1
003001,41.01054852320675,0.11076915835634954,700.0,0.29795897330172144,18.585,1.6128955780904293,4.3185850100788254,2
003002,52.765822784810126,0.11916547743662065,660.1753048780488,0.30842198581560276,25.505000000000003,1.7223527145426116,4.3185850100788254,0
003003,64.11181434599156,0.10538148024707983,785.0,0.24688775246655295,12.325,1.8069380674671474,4.3185850100788254,1
003004,23.518987341772153,0.13530614546960917,783.3333333333334,0.3181818181818182,28.185000000000002,1.3714186183671815,4.3185850100788254,0
003005,58.4746835443038,0.09811442155290223,784.907120743034,0.2941176470588235,20.509999999999998,1.76696788015482,4.3185850100788254,2
003006,78.42194092827005,0.09817195033654888,631.5602836879433,0.273030303030303,18.83,1.8944375868038479,4.3185850100788254,2
003007,92.99367088607595,0.09682369270410006,481.61081385525205,0.3,37.495,1.9684533916422347,4.3185850100788254,2
003008,37.15822784810126,0.11853914416310887,500.0,0.29340028694404585,22.42,1.5700549934232408,4.3185850100788254,0
003009,112.9915611814346,0.09506888285111251,475.4956157072055,0.28530728530728533,56.879999999999995,2.0530460092427845,4.3185850100788254,2
003010,128.20886075949366,0.09343226822333811,543.9908172635446,0.28176638176638175,29.105,2.1079180411420264,4.3185850100788254,1
003011,57.38818565400844,0.11192417340452714,545.4545454545455,0.2857142857142857,22.525,1.7588224946039355,4.3185850100788254,2
003012,67.33333333333334,0.09833197239350634,1207.5396825396824,0.2307692307692307,6.675,1.8282301147269613,4.3185850100788254,1
003013,35.91489361702128,0.10911528486501454,746.2686567164179,0.2631578947368421,14.83,1.5552745843539189,4.3185850100788254,2
003015,101.9367088607595,0.09183721277862221,871.6765873015872,0.2414230019493177,14.665,2.0083306078019856,4.3185850100788254,1
003016,55.98523206751055,0.10485622048422305,1019.8039215686274,0.2608695652173913,8.31,1.7480734827666065,4.3185850100788254,2
003017,44.957805907173,0.11216200838282622,486.40552995391704,0.2926829268292683,29.96,1.652805108040117,4.3185850100788254,2
003018,134.6476793248945,0.0967751150233066,674.2559523809523,0.2572012721490231,17.91,2.129198872674541,4.3185850100788254,1
003019,76.03797468354429,0.1029563719463405,638.9676113360324,0.27522455089820363,31.17,1.8810305406569137,4.3185850100788254,2
003020,37.780590717299575,0.11786009957606204,569.2307692307693,0.3043478260869565,24.345,1.5772687440373223,4.3185850100788254,0
003021,159.08227848101268,0.09534215919380987,347.67316017316017,0.3,100.07,2.2016218026096714,4.3185850100788254,2
003022,177.85021097046416,0.08966124601571726,753.0109778539247,0.2309308338720103,20.369999999999997,2.250054384693315,4.3185850100788254,3
003023,46.962025316455694,0.10684500066054156,683.974358974359,0.2949094046591889,22.675,1.6717468183246045,4.3185850100788254,2
003025,69.19198312236287,0.0990427726376712,736.3783649052841,0.23758210180623965,14.355,1.8400557781646543,4.3185850100788254,1
003026,79.50632911392405,0.09730224802469405,578.2147315855182,0.28535078153398763,34.515,1.9004017021136317,4.3185850100788254,2
003027,67.64135021097047,0.10259086883070198,604.9732122059166,0.2857142857142857,20.985,1.8302122681054984,4.3185850100788254,2
003028,36.78902953586498,0.12028374087032054,424.8855835240274,0.3333333333333333,30.6,1.565718331653425,4.3185850100788254,0
003029,85.17932489451476,0.0979017942285007,667.0386904761905,0.28165064102564097,22.45,1.9303341936650742,4.3185850100788254,2
003030,49.37502681827934,0.11753150384153635,428.50985221674875,0.2962962962962963,21.15,1.6935073445236826,4.3185850100788254,2
003031,232.12025316455697,0.09847275130187305,360.0,0.2841817658901351,79.965,2.3657130355608977,4.3185850100788254,3
003032,17.637130801687764,0.10769025644613754,3384.0,0.2795138888888889,6.7,1.2464279357649313,4.3185850100788254,2
003033,49.04430379746835,0.11661941575646809,388.0445344129555,0.3333333333333333,56.525,1.6905885739385569,4.3185850100788254,0
003035,176.1645569620253,0.07979022373375824,2172.9437229437226,0.2442879499217527,5.855,2.2459185359479807,4.3185850100788254,3
003036,61.55485232067511,0.10245811310602419,703.066037735849,0.27543103448275863,16.369999999999997,1.789262293709766,4.3185850100788254,2
003037,37.280590717299575,0.10208285089813246,1687.644927536232,0.2777777777777778,7.485,1.571482785206382,4.3185850100788254,2
003038,57.87763713080169,0.10016300621748177,857.2705314009662,0.2692307692307692,16.015,1.7625107926266639,4.3185850100788254,2
003039,65.5928270042194,0.10244858676274268,799.9028749028748,0.2439024390243902,14.495000000000001,1.8168563490888745,4.3185850100788254,1
003040,100.18987341772151,0.09145137877621776,911.0191879866518,0.2619047619047619,16.395,2.0008238279079333,4.3185850100788254,1
003041,83.63713080168776,0.11368865184732276,434.31372549019613,0.30423864518633537,45.3,1.9223991257911652,4.3185850100788254,2
003042,64.20042194092827,0.10160712546091083,767.3333333333333,0.2757515473032714,16.775,1.8075378823681472,4.3185850100788254,2
003043,66.60759493670886,0.11195223528675177,405.5172413793104,0.323943661971831,52.6,1.8235237524592427,4.3185850100788254,2
003816,353.08016877637135,0.07828400102646618,4597.388223762515,0.2595998595998596,3.9,2.547873325513095,4.3185850100788254,3
300001,241.6012658227848,0.08720946423460169,936.891592920354,0.22257607926397735,26.85,2.383099205356422,4.3185850100788254,3
300002,266.82278481012656,0.08213836247054557,2296.3387198986056,0.2233270794246404,10.274999999999999,2.4262229125563612,4.3185850100788254,3
300003,182.6561181434599,0.08291524852643728,1370.2403542061986,0.21635553078852043,15.815000000000001,2.2616342236678024,4.3185850100788254,3
300004,114.95147679324894,0.09769743842450868,1639.6103896103896,0.23416706750040078,11.225,2.060514555066273,4.3185850100788254,1
300005,186.65611814345993,0.0960595813884969,1733.1030150753768,0.2272727272727272,11.71,2.2710422296354675,4.3185850100788254,1
300006,117.88396624472574,0.09760184936083596,2515.151515151515,0.2267316017316017,4.955,2.0714547394040546,4.3185850100788254,1
300007,230.2932489451477,0.08884354637914599,703.8641071272282,0.24403525338369525,42.68,2.3622812067925247,4.3185850100788254,3
300008,261.71729957805906,0.07762144314032454,3326.584828215263,0.24278779472954226,7.005,2.4178324305610714,4.3185850100788254,3
300009,99.55485232067511,0.0884132466123197,1907.1826758147513,0.225,9.645,1.9980624324672638,4.3185850100788254,1
300010,121.56751054852322,0.0788300833521697,4496.607078645913,0.27502122241086585,6.0649999999999995,2.0848175233346864,4.3185850100788254,1
300011,66.44725738396625,0.10280324515113079,1680.2439024390244,0.2290411646586345,7.415,1.822477060108088,4.3185850100788254,1
300012,201.25316455696202,0.08319764595005187,1185.7649442755826,0.2093023255813953,14.434999999999999,2.3037427180526806,4.3185850100788254,3
300013,60.23206751054852,0.09568765250563185,3032.100667693888,0.24709719504240052,4.02,1.7798277709077817,4.3185850100788254,1
300014,676.6476793248945,0.08504479011029956,684.4336057298843,0.22898619052706387,63.95,2.8303625966712063,4.3185850100788254,3
300015,323.59915611814347,0.07771732335519047,2557.1496985991707,0.22400167796587228,11.114999999999998,2.510007380388592,4.3185850100788254,3
300016,112.11181434599156,0.09436872132933644,1523.9216149468484,0.2269419769419769,8.09,2.04965138097066,4.3185850100788254,1
300017,581.909282700422,0.07941696453549701,2063.796219198639,0.2056403802205809,11.555,2.7648552851765955,4.3185850100788254,3
300018,109.23839662447257,0.09949946597653167,1400.2777777777778,0.21717687074829925,11.61,2.0383753170420795,4.3185850100788254,1
300019,91.73417721518987,0.09284291242944281,1139.6906756997682,0.25,18.54,1.9625311700278367,4.3185850100788254,1
300020,22.666666666666664,0.09261367596361256,8353.00925925926,0.28330211938741645,3.6950000000000003,1.3553876579865738,4.3185850100788254,2
300021,49.67299578059072,0.08896018492187249,4138.489736070382,0.2666666666666666,4.52,1.6961203531046563,4.3185850100788254,1
300022,69.60970464135022,0.10695310449076212,1902.9750550256788,0.23327577636501579,8.059999999999999,1.8426697910240564,4.3185850100788254,1
300024,229.915611814346,0.08468193609915221,1479.732378538013,0.2222222222222222,16.095,2.361568461894005,4.3185850100788254,3
300025,81.47257383966245,0.10750548618391048,1712.292609351433,0.2307692307692307,6.04,1.9110114365353386,4.3185850100788254,1
300026,110.9367088607595,0.08288118906649874,4669.063706563707,0.27400153609831024,3.62,2.0450752775982264,4.3185850100788254,1
300027,131.8523206751055,0.0810146212078379,8647.349823321554,0.2777777777777778,2.13,2.120087778024206,4.3185850100788254,3
300029,11.134782608695652,0.12695776713867102,3308.333333333333,0.3333333333333333,5.31,1.0466817424508368,4.3185850100788254,0
300030,74.15822784810126,0.10225363236059087,1142.4825174825176,0.2272727272727272,7.485,1.8701593429677972,4.3185850100788254,1
300031,166.29746835443038,0.0933327991296393,953.547932330827,0.2448979591836734,22.174999999999997,2.220885637745857,4.3185850100788254,1
300032,143.2510548523207,0.08871485330766372,2321.0464201416207,0.2171052631578947,5.36,2.1560978286488894,4.3185850100788254,1
300033,381.4029535864979,0.0921240494598791,299.5996103032031,0.2884372793598494,247.275,2.581384051901783,4.3185850100788254,3
300034,173.30801687763713,0.09080500852342696,1015.9916634937176,0.23027058523617025,18.82,2.238818652761181,4.3185850100788254,3
300035,185.4662447257384,0.08550950246092114,1460.3405017921148,0.2363987508218277,19.240000000000002,2.268264878569297,4.3185850100788254,3
300036,127.89662447257383,0.09110164507094083,1078.6071786071786,0.23614600781686207,16.965,2.106859082459264,4.3185850100788254,1
300037,343.13713080168776,0.08705810650500304,568.047520661157,0.24051171312655406,52.82,2.535467715519801,4.3185850100788254,3
300039,78.12447257383965,0.09023862398811051,3041.4285714285716,0.25,6.16,1.8927870983963653,4.3185850100788254,1
300040,108.13713080168776,0.08458385601056163,3222.6856675348963,0.25,6.505000000000001,2.033974842273771,4.3185850100788254,1
300041,121.82489451476793,0.09235980340245525,1431.3552969027423,0.21275748264481614,11.375,2.0857360440083985,4.3185850100788254,1
300042,238.89240506329114,0.09044680553789397,669.5960205004523,0.2497191011235955,33.17,2.37820234275308,4.3185850100788254,3
300043,151.373417721519,0.08303923410189695,3902.65191429575,0.25,5.205,2.18004961657453,4.3185850100788254,3
300044,82.35443037974683,0.08064442874543438,5581.818181818182,0.2857142857142857,5.66,1.9156869676553934,4.3185850100788254,1
300045,271.4535864978903,0.08597810444102658,1127.8547079417726,0.22808359703724307,22.09,2.4336955840132624,4.3185850100788254,3
300046,123.915611814346,0.09105567243078369,810.1704545454545,0.2663382594417077,32.835,2.0931260254858266,4.3185850100788254,1
300047,165.63713080168776,0.08677363922507383,1580.7894736842104,0.2426406926406926,12.184999999999999,2.2191576989627553,4.3185850100788254,3
300048,85.44514767932489,0.0998916705596955,2385.464371917305,0.2258064516129032,5.675,1.9316874047287398,4.3185850100788254,1
300049,151.91350210970467,0.10186752162922917,460.0172163827474,0.28836309862359233,51.175,2.1815963757794354,4.3185850100788254,2
300050,106.43459915611814,0.09314038535319123,2156.868224932249,0.22157622739018085,5.86,2.0270828288988443,4.3185850100788254,1
300051,119.68565400843882,0.0975464802679534,1524.1080135375437,0.2409060846560846,9.81,2.078042097287307,4.3185850100788254,1
300052,57.734177215189874,0.09423511817588752,2285.714285714286,0.2670299727520436,13.26,1.761432980950497,4.3185850100788254,1
300053,256.8291139240506,0.08412758261322939,1537.114360194945,0.23172748612889454,16.415,2.409644253430606,4.3185850100788254,3
300054,302.1181434599156,0.09288681634989564,719.4689564666485,0.23525167642814698,41.629999999999995,2.480176807259105,4.3185850100788254,3
300055,83.49578059071729,0.10712543591142318,1571.7465753424658,0.2272727272727272,7.905,1.9216645292264898,4.3185850100788254,1
300056,102.70253164556962,0.10544702032568015,1782.5757575757575,0.24905574321916735,8.92,2.0115811492073044,4.3185850100788254,1
300057,139.5,0.09071753858244432,2245.557869792966,0.217391304347826,6.145,2.144574207609616,4.3185850100788254,1
300058,1365.0864978902953,0.07769524157936679,2526.71776589562,0.22390024570832845,12.645,3.1351601710590216,4.3185850100788254,3
300059,1154.0316455696202,0.07691674410730676,2446.6033519553075,0.21186061381074167,20.505000000000003,3.062217718098591,4.3185850100788254,3
300061,98.40928270042195,0.0900013929272111,2046.8652037617553,0.25,9.535,1.99303606627105,4.3185850100788254,1
300062,105.4493670886076,0.08753031793348034,2297.042341220423,0.253134189753908,7.17,2.0230439774301745,4.3185850100788254,1
300063,272.4240506329114,0.08138628993602492,1995.2232747526914,0.23244068592905798,9.335,2.435245446104483,4.3185850100788254,3
300065,363.9957805907173,0.08245664334307973,1468.3544303797469,0.2207792207792207,18.66,2.5610963493721624,4.3185850100788254,3
300066,97.44514767932489,0.08991135351269469,2533.726470098284,0.2398630136986301,6.14,1.9887602181220796,4.3185850100788254,1
300067,164.1983122362869,0.0831744977153023,3372.463768115942,0.2446808510638297,5.05,2.215368688774686,4.3185850100788254,3
300068,230.373417721519,0.08070858933744922,1557.588567630442,0.23058729736912034,14.855,2.3624323653636554,4.3185850100788254,3
300069,54.721518987341774,0.09784658836082638,783.3333333333334,0.2790697674418604,18.64,1.7381581442432104,4.3185850100788254,2
300070,94.9957805907173,0.08348674534338715,4092.8888888888887,0.28992753623188405,4.08,1.977704315742912,4.3185850100788254,1
300071,197.25738396624473,0.08283615438576308,2889.250527797326,0.25,4.93,2.2950332691984325,4.3185850100788254,3
300072,118.55907172995781,0.08462111033458787,4012.069421487603,0.23749652681300354,4.3,2.0739347902967302,4.3185850100788254,1
300073,298.710970464135,0.08660547876702128,561.1525498035915,0.24333376711550936,53.655,2.4752511728034845,4.3185850100788254,3
300074,94.83333333333333,0.09636852965821777,2217.079081632653,0.2151205838798392,4.4350000000000005,1.9769610160114275,4.3185850100788254,1
300075,114.80801687763713,0.0940790661896837,1304.8054919908468,0.24916107382550334,14.945,2.0599722152758617,4.3185850100788254,1
300076,70.9704641350211,0.1048854643473064,2291.089108910891,0.2394366197183098,5.87,1.8510776454517897,4.3185850100788254,1
300077,291.7763713080169,0.08631112368226904,1182.7729614273148,0.23425844490048536,21.925,2.465050118859545,4.3185850100788254,3
300078,104.1561181434599,0.08908870280587708,3870.48969072165,0.25,4.08,2.017684785545446,4.3185850100788254,1
300079,144.3945147679325,0.08938843396406407,2905.7821943282197,0.22756041426927495,5.49,2.1595506956486776,4.3185850100788254,1
300080,107.93881856540085,0.0904239139723704,2602.272727272727,0.23278142674694396,4.79,2.033177660224145,4.3185850100788254,1
300081,123.27426160337552,0.08907358862839898,2825.862068965517,0.2362204724409448,5.45,2.090872409844101,4.3185850100788254,1
300082,115.45147679324894,0.09510025840263713,1517.9801894918173,0.2325581395348837,9.635,2.0623994925503535,4.3185850100788254,1
300083,221.34599156118145,0.08218577398774621,2524.4565217391305,0.22392857142857142,8.695,2.345071661581988,4.3185850100788254,3
300085,417.01054852320675,0.08744187764668265,899.6310112724029,0.22783197437390795,37.91,2.6201470408430114,4.3185850100788254,3
300086,115.8860759493671,0.09044245267254028,2181.4941812136326,0.24528413528673876,6.945,2.064031257347274,4.3185850100788254,1
300087,96.13080168776372,0.0927195714389577,2152.803672316384,0.25,8.815000000000001,1.9828625641483408,4.3185850100788254,1
300088,223.29535864978902,0.08241545558424944,3295.8955223880594,0.22075927145051566,6.375,2.3488796960506853,4.3185850100788254,3
300089,44.0253164556962,0.07995527807724279,9944.650791842314,0.3164313222079589,1.9,1.6437024863762522,4.3185850100788254,2
300091,37.675105485232066,0.08143335826522408,9164.964198036007,0.25275050278007805,2.95,1.5760544769545546,4.3185850100788254,1
300092,70.98945147679325,0.1038815325773211,997.3401245048103,0.2596296296296296,15.355,1.8511938204688188,4.3185850100788254,2
300093,35.97436172495173,0.11047367066976527,1868.4431524547801,0.29526825633383,18.445,1.555993097207934,4.3185850100788254,2
300094,128.12447257383965,0.0804865267445265,5166.552802223252,0.2641998240297194,3.63,2.107632090624278,4.3185850100788254,3
300095,95.50210970464136,0.10036339659853005,1368.394777265745,0.240990407052113,9.41,1.9800129655414846,4.3185850100788254,1
300096,16.54237288135593,0.10698065743741028,4324.444444444445,0.29463946869070207,7.55,1.2185978060245475,4.3185850100788254,2
300097,49.68354430379747,0.11001086919681954,2702.300150829563,0.2580050522291254,7.765000000000001,1.69621256979083,4.3185850100788254,2
300098,204.53586497890296,0.08409008863091233,2991.7830035239904,0.2189640410958904,5.345,2.310769471740639,4.3185850100788254,3
300099,98.82700421940928,0.09560038310607274,2331.43936894205,0.2307692307692307,7.3100000000000005,1.9948756306305286,4.3185850100788254,1
300100,157.46413502109704,0.08914736266779386,824.4544307789341,0.25480947095819456,30.77,2.1971816518644514,4.3185850100788254,1
300101,190.04852320675104,0.09032606096436732,926.9230769230769,0.2350465101898393,21.205,2.2788644992185185,4.3185850100788254,3
300102,497.1392405063291,0.0846298931625378,1137.4771241830067,0.23464152141891037,24.03,2.696478044496404,4.3185850100788254,3
300103,62.60337552742616,0.11098123343132886,1316.6666666666667,0.2469135802469135,7.28,1.7965977506770734,4.3185850100788254,2
300105,74.9620253164557,0.1029209910953135,1528.406779661017,0.22127592708988056,7.12,1.8748413117628389,4.3185850100788254,1
300106,91.71518987341773,0.09795842908192898,1120.1541514041514,0.24840660902041975,10.745000000000001,1.9624412694965025,4.3185850100788254,1
300107,67.9493670886076,0.09725801622011865,1897.608933954508,0.25,7.029999999999999,1.8321854158704942,4.3185850100788254,1
300108,25.50210970464135,0.08480809627862441,11529.218426501036,0.3333333333333333,2.085,1.4065761096568838,4.3185850100788254,2
300109,70.25316455696202,0.10630917674891262,1411.720342437831,0.2592592592592592,17.765,1.8466658918322347,4.3185850100788254,2
300110,78.16877637130801,0.0895555238498904,3570.977331846897,0.2542372881355932,3.26,1.8930333137052553,4.3185850100788254,1
300111,144.65611814345993,0.08122676531597957,2963.20193637621,0.2552105948762483,3.78,2.1603368065961943,4.3185850100788254,3
300112,66.23417721518987,0.10732566223231702,1209.5787545787546,0.22595264520902694,8.62,1.8210821457202826,4.3185850100788254,1
300113,246.34177215189874,0.08609948750734242,1170.2851807842471,0.22574491785018094,19.86,2.391538061359448,4.3185850100788254,3
300114,118.22362869198312,0.08799045014847016,846.5587044534414,0.2467532467532467,46.26,2.072704285216889,4.3185850100788254,1
300115,568.6097046413502,0.08530916331830268,1019.063492063492,0.22746986736597904,31.875,2.7548142676587153,4.3185850100788254,3
300116,74.9535864978903,0.06558300762236405,12801.941747572817,0.3425925925925926,1.47,1.8747924184915346,4.3185850100788254,2
300117,52.57172995780591,0.08387605296666105,6910.173160173161,0.2970588235294117,1.9700000000000002,1.7207522684159398,4.3185850100788254,2
300118,394.1497890295359,0.08152985854992174,1524.1347663090714,0.22545801122524614,16.0,2.595661298440872,4.3185850100788254,3
300119,62.68776371308017,0.10521855129086781,733.6309523809524,0.2622950819672131,18.375,1.7971827773458633,4.3185850100788254,2
300120,74.69831223628691,0.09358083561419944,2348.4186046511627,0.24707363549748196,8.33,1.8733107893020389,4.3185850100788254,1
300121,90.53586497890295,0.09581969324621961,1343.1937862032646,0.2406896551724138,12.635000000000002,1.9568206551928726,4.3185850100788254,1
300122,178.66244725738397,0.08159458939836896,1337.5135380637948,0.23491954394760245,19.12,2.2520332785115036,4.3185850100788254,3
300123,147.0126582278481,0.08057851847082992,3015.141955835962,0.2513661202185792,6.6,2.167354730406864,4.3185850100788254,3
300124,410.9556962025316,0.08683106109060665,666.7557932263815,0.23739406779661015,69.025,2.613795004523564,4.3185850100788254,3
300125,26.61864406779661,0.10861925243703874,3921.052631578948,0.2857142857142857,8.65,1.4251859290923794,4.3185850100788254,2
300126,54.74894514767932,0.11638844448727594,1000.0,0.2436903499469777,7.525,1.7383757560061222,4.3185850100788254,2
300127,128.9071729957806,0.09680127829843414,618.031240401913,0.2592592592592592,29.705,2.110277084194464,4.3185850100788254,1
300128,126.13713080168776,0.09362734838594247,3058.189514816021,0.22932269619016604,6.16,2.1008429480211315,4.3185850100788254,1
300129,201.72151898734177,0.08829269425046983,1709.8436761927255,0.23013432594270916,9.455,2.304752229789182,4.3185850100788254,3
300130,157.04430379746836,0.09131402519816394,984.5603813559321,0.23877169306532187,23.765,2.196022188590676,4.3185850100788254,1
300131,412.1223628691983,0.08407711066033904,2016.9527896995708,0.2198581560283688,13.32,2.615026181152072,4.3185850100788254,3
300132,101.29324894514767,0.10184833122602212,1523.0777338603425,0.22150072150072145,7.5,2.0055805011986587,4.3185850100788254,1
300133,305.00632911392404,0.08210623589368868,3060.843610085618,0.22467482149775836,7.65,2.4843088513819778,4.3185850100788254,3
300134,144.56962025316454,0.09327923175437403,1045.9567901234568,0.22317739079102716,11.07,2.1600770402435883,4.3185850100788254,1
300135,68.94092827004219,0.09130334179066077,3855.223880597015,0.2619047619047619,3.84,1.838477126763297,4.3185850100788254,1
300136,939.4873417721519,0.0866970991470912,808.139632869948,0.22296039336123355,61.3,2.9728909329883915,4.3185850100788254,3
300137,87.36708860759494,0.11197404309673231,2157.225433526012,0.2444444444444444,10.33,1.9413478636650265,4.3185850100788254,1
300138,59.008438818565395,0.10104304556907628,1139.1346153846152,0.238095238095238,12.245000000000001,1.770914124697442,4.3185850100788254,1
300139,420.1645569620253,0.0841490682658006,802.5257259830014,0.24189673248296345,33.37,2.6234194146453182,4.3185850100788254,3
300140,95.86497890295358,0.09245127443738035,1943.3710174717369,0.2124837744793724,6.66,1.9816599810288773,4.3185850100788254,1
300141,80.75527426160338,0.10430510556078086,958.61930976708,0.2592592592592592,11.205,1.9071708964261491,4.3185850100788254,1
300142,193.53164556962025,0.08309225951103356,1789.3548686531142,0.21771820856489038,12.43,2.286751989368155,4.3185850100788254,3
300143,71.39029535864978,0.10675891469259954,1302.6315789473683,0.23928352725045926,10.344999999999999,1.8536391787419875,4.3185850100788254,1
300144,125.00632911392405,0.08620284986930858,2945.14619883041,0.2222222222222222,8.21,2.096932002045397,4.3185850100788254,1
300145,181.43037974683546,0.08389570647332073,3603.8998357963874,0.2307692307692307,4.45,2.2587100095803683,4.3185850100788254,3
300146,110.33122362869199,0.09028227950486067,1286.2361526288023,0.21020142949967505,11.83,2.0426984347493127,4.3185850100788254,1
300147,39.729957805907176,0.08961087608568064,3513.333333333333,0.2727272727272727,9.4,1.5991181038252744,4.3185850100788254,2
300148,111.16244725738397,0.08879554022141067,3812.35632183908,0.25078616352201255,4.31,2.045958099266529,4.3185850100788254,1
300149,91.83966244725738,0.09661615427658278,1495.2342300556586,0.24631635969664134,9.7,1.9630302788260794,4.3185850100788254,1
300150,67.0717299578059,0.10066437973668428,2128.480113636364,0.22524509803921566,4.99,1.8265395080916549,4.3185850100788254,1
300151,113.584388185654,0.10647349969204682,958.3657966497857,0.2439024390243902,17.064999999999998,2.0553186430761006,4.3185850100788254,1
300152,37.9957805907173,0.07914526475481024,10623.076923076924,0.3333333333333333,2.26,1.5797353711454483,4.3185850100788254,2
300153,187.60759493670886,0.08901629159952079,863.5284810126582,0.2456140350877192,27.83,2.2732504159851388,4.3185850100788254,3
300154,67.51054852320675,0.10750943937243199,911.7647058823528,0.22792207792207786,8.875,1.8293716366458208,4.3185850100788254,1
300155,68.20886075949367,0.10486439382683692,1875.9824046920821,0.23478991596638654,5.105,1.8338407959026877,4.3185850100788254,1
300157,155.17932489451476,0.08329441363003473,2894.272030651341,0.23504854143441095,4.575,2.1908338581441,4.3185850100788254,3
300158,102.45991561181435,0.0898161288402248,2886.2326037567195,0.2424242424242424,5.84,2.0105539938462127,4.3185850100788254,1
300159,48.50632911392405,0.07568929011113643,9363.636363636364,0.2957746478873239,3.17,1.6857984091160654,4.3185850100788254,2
300160,42.52253629407137,0.10060641298431082,2736.6158113730926,0.25,5.555,1.6286191605001092,4.3185850100788254,2
300161,84.16244725738396,0.09139841774318769,676.0070332480818,0.26151983609610724,30.05,1.9251183553140023,4.3185850100788254,1
300162,158.0759493670886,0.08971331930081668,1540.0885935769656,0.21500351723444874,8.41,2.1988657987639195,4.3185850100788254,1
300163,76.81434599156118,0.087939365278081,3333.333333333333,0.2631578947368421,4.43,1.8854423372598588,4.3185850100788254,1
300164,308.48945147679325,0.07930753722523903,2517.3092053501177,0.2371247514126077,6.27,2.4892403183085006,4.3185850100788254,3
300165,56.729957805907176,0.10654751836593614,4400.0,0.25,5.22,1.7538124605492165,4.3185850100788254,2
300166,367.69620253164555,0.08278180155257686,1879.0418101328087,0.2122058574572541,11.254999999999999,2.5654891446143946,4.3185850100788254,3
300167,16.95553529285561,0.12077087902043276,5640.0,0.30217391304347824,5.03,1.2293115051765466,4.3185850100788254,0
300168,96.62869198312237,0.09413307575613263,2537.668918918919,0.2290871501272264,6.54,1.9851061007402544,4.3185850100788254,1
300169,74.40928270042194,0.09495929844701852,1856.5217391304348,0.2439024390243902,6.32,1.8716271179934045,4.3185850100788254,1
300170,456.1244725738396,0.08122627544550357,1478.7385992083978,0.20909986495760546,17.97,2.6590833741893043,4.3185850100788254,3
300171,96.72151898734177,0.09825138464245912,853.482280431433,0.2379500580720092,15.120000000000001,1.9855231083928362,4.3185850100788254,1
300172,87.3649789029536,0.09045109139152113,2794.6386946386947,0.2315817984832069,5.405,1.9413373763732857,4.3185850100788254,1
300173,40.552742616033754,0.09091867383530854,5483.333333333333,0.2839506172839506,4.41,1.608020231240908,4.3185850100788254,2
300174,81.12658227848101,0.10674240636724601,1023.529411764706,0.24,16.51,1.9091631802936253,4.3185850100788254,1
300175,18.160337552742615,0.11826906737943216,4176.0,0.25,5.86,1.2591239166482289,4.3185850100788254,2
300176,71.27004219409284,0.10243449318784359,1569.2709907513754,0.2222222222222222,6.715,1.8529070159129388,4.3185850100788254,1
300177,94.70886075949367,0.0901954705813463,2238.814869341185,0.24257134451309204,8.405000000000001,1.9763906125717448,4.3185850100788254,1
300179,308.4704641350211,0.08621484925422918,1149.9646330680812,0.22562855252473604,16.314999999999998,2.48921358691947,4.3185850100788254,3
300180,116.53375527426161,0.08529978406177535,3614.8796030405406,0.25,5.955,2.066451741722266,4.3185850100788254,1
300181,101.65189873417722,0.09228786973491362,1331.0672514619882,0.2352941176470588,15.504999999999999,2.007115495143997,4.3185850100788254,1
300182,296.662447257384,0.08012571634261836,4439.440478385712,0.23039487677440235,5.715,2.472262575029071,4.3185850100788254,3
300183,85.90928270042194,0.10126791180907041,887.3379099923723,0.2489669421487603,14.98,1.9340400929087749,4.3185850100788254,1
300184,300.44303797468353,0.08132899991242867,2136.3632171186127,0.2235715037356624,10.565000000000001,2.4777621447639375,4.3185850100788254,3
300185,183.69831223628694,0.08000158390199583,6248.986928104576,0.2745098039215686,2.86,2.2641051661597302,4.3185850100788254,3
300187,63.472573839662445,0.10234953281032722,1618.8495575221236,0.21857040229885055,5.325,1.8025861094955964,4.3185850100788254,1
300188,118.75316455696202,0.0911177629215242,1526.338045185454,0.23483455882352938,13.809999999999999,2.074645191613234,4.3185850100788254,1
300189,265.75949367088606,0.07821401639372144,3506.702615272462,0.24656285072951734,5.225,2.424488787683517,4.3185850100788254,3
300190,75.5295358649789,0.09551592256761268,2658.1400000000003,0.22406896551724137,4.17,1.8781168159311425,4.3185850100788254,1
300191,128.4493670886076,0.09800251829583904,822.0689655172414,0.2608695652173913,20.105,2.1087319686988817,4.3185850100788254,1
300192,110.4367088607595,0.09456314468585722,1217.3090130489234,0.25,18.064999999999998,2.0431134556917017,4.3185850100788254,1
300193,52.801687763713076,0.10516793929728789,1436.141304347826,0.217391304347826,8.64,1.7226478046313987,4.3185850100788254,1
300194,61.52320675105485,0.09282691575543217,4092.635658914729,0.26906916612798965,4.18,1.7890389639518989,4.3185850100788254,1
300195,79.542194092827,0.10303618919237842,1559.8354206281556,0.22557928214447975,6.825,1.9005975663993364,4.3185850100788254,1
300196,108.75738396624473,0.09748164981418597,989.8825654923216,0.2375215146299483,15.530000000000001,2.0364587525869555,4.3185850100788254,1
300197,65.03375527426161,0.07852594020062015,9632.403196913325,0.2941176470588235,1.875,1.8131388323994437,4.3185850100788254,2
300198,20.848101265822784,0.08592987317906967,11264.855072463768,0.2857142857142857,2.5425,1.319066507879313,4.3185850100788254,2
300199,259.0084388185654,0.08449757149118445,1578.3202550637661,0.23849682427664076,18.47,2.413313914168634,4.3185850100788254,3
300200,112.71097046413502,0.08868895697333093,1867.9551995623424,0.2367683915671531,9.98,2.051966189162022,4.3185850100788254,1
300201,153.57383966244726,0.09468474882257302,2984.9056603773583,0.2448979591836734,7.0,2.1863172426626085,4.3185850100788254,1
300203,79.41983122362869,0.10730224371262315,1234.5882352941176,0.26103179753406874,15.24,1.8999289598025983,4.3185850100788254,2
300204,222.05274261603375,0.08693715309868302,1018.6100729008622,0.24734012450481035,24.875,2.346456141597304,4.3185850100788254,3
300205,11.370212765957447,0.09896331263164031,4885.714285714285,0.25,5.41,1.0557685915317718,4.3185850100788254,2
300206,100.1139240506329,0.09680126440513548,781.3481969175521,0.2201694915254237,13.335,2.000494484250666,4.3185850100788254,1
300207,468.6244725738396,0.08012840379606079,1141.799660441426,0.20952190526970585,23.695,2.670824964641344,4.3185850100788254,3
300208,37.037974683544306,0.09643181193235238,3889.312977099237,0.2777777777777778,4.25,1.5686472304988506,4.3185850100788254,2
300209,88.58016877637131,0.0934634045730882,3450.3507153328956,0.25,5.945,1.9473365034332388,4.3185850100788254,1
300210,66.64978902953587,0.09700806317235909,2106.9401444788446,0.25890238793464593,9.315000000000001,1.8237987790544028,4.3185850100788254,1
300211,13.47994951316264,0.12197719624187989,2803.125,0.2930952380952381,8.52,1.1296882656269023,4.3185850100788254,0
300212,191.62447257383965,0.08929791151521224,1342.4205378973106,0.2444444444444444,16.28,2.282450972514297,4.3185850100788254,3
300213,98.11181434599156,0.09322297783589886,1843.452380952381,0.2300469483568075,7.915,1.9917213070367732,4.3185850100788254,1
300214,65.9324894514768,0.10433330815622678,1473.2456140350878,0.2322584512107408,7.045,1.8190994739634536,4.3185850100788254,1
300215,118.77215189873418,0.08913966112716766,2022.2457627118642,0.23105625717566008,6.84,2.074714625035307,4.3185850100788254,1
300217,108.3860759493671,0.08940797490363007,3958.458646616541,0.2408522980812137,5.25,2.0349734932100407,4.3185850100788254,1
300218,50.472573839662445,0.1069939409572763,1016.9316730523626,0.2666666666666666,15.14,1.7030554520659844,4.3185850100788254,2
300219,128.084388185654,0.09185199230024323,1743.9123376623377,0.2142857142857142,7.585,2.107496198144292,4.3185850100788254,1
300220,45.0337552742616,0.1118411645936657,870.2702702702703,0.2790697674418604,14.01,1.6535381634161737,4.3185850100788254,2
300221,138.21940928270044,0.0909511707621796,1872.0503875968989,0.2184952895098973,9.835,2.1405690325642786,4.3185850100788254,1
300222,127.5632911392405,0.08649102355710407,1753.8385523381262,0.2192829186469108,11.1,2.105725715534647,4.3185850100788254,1
300223,579.2362869198312,0.0889400357225191,427.0256102440976,0.25082703463753386,109.225,2.762855760915974,4.3185850100788254,3
300224,186.9789029535865,0.08594233019976613,1266.0032102728733,0.22104203935599281,13.65,2.2717926073508274,4.3185850100788254,3
300225,40.78481012658228,0.10014060017125781,5025.0,0.2727272727272727,6.0,1.6104984447927577,4.3185850100788254,2
300226,125.68987341772151,0.09551348471991455,790.1763465593253,0.260766536163198,24.925,2.0993002888556864,4.3185850100788254,1
300227,161.98101265822785,0.09838051156243194,1502.5094017094018,0.2291666666666666,9.879999999999999,2.209464109721392,4.3185850100788254,1
300228,135.43881856540082,0.08562279912607451,2226.953164176111,0.2207013367515107,8.295,2.131743156760913,4.3185850100788254,1
300229,258.21729957805906,0.08669223657444876,1240.723996408875,0.23874782088080435,18.735,2.4119853349854354,4.3185850100788254,3
300230,65.13080168776372,0.09698315384207964,2264.2416225749557,0.2233009708737864,4.765,1.8137864238892552,4.3185850100788254,1
300231,104.20253164556962,0.0926706558139918,1594.703413717507,0.2347641759406465,10.735,2.017878270463935,4.3185850100788254,1
300232,144.9409282700422,0.09091720015871756,2062.5693524716326,0.2185684563214353,6.975,2.161191038417792,4.3185850100788254,1
300233,75.67721518987342,0.09961228844564385,1183.9261285909713,0.25,15.254999999999999,1.878965142290097,4.3185850100788254,1
300234,64.54852320675106,0.10504118635902937,1942.2862533230423,0.23466833541927407,5.755000000000001,1.8098863105761698,4.3185850100788254,1
300235,63.845991561181435,0.10578144110811716,1566.4159233124751,0.26009404388714735,13.274999999999999,1.805133636172552,4.3185850100788254,2
300236,232.07383966244726,0.09584221199007031,495.15001877039475,0.26186720745080366,70.84,2.3656261877175897,4.3185850100788254,3
300237,36.698312236286924,0.07528008587750984,12059.169199594731,0.3333333333333333,2.29,1.5646460914095228,4.3185850100788254,2
300238,69.89029535864978,0.1011592065803563,1020.0603318250377,0.2580645161290322,14.16,1.8444168758202366,4.3185850100788254,1
300239,61.44514767932489,0.10852988799367896,1880.7366189719128,0.22360681114551084,5.5649999999999995,1.7884875923599903,4.3185850100788254,1
300240,65.22362869198312,0.10401999680796553,1446.3312693498451,0.2352941176470588,6.99,1.8144049569517857,4.3185850100788254,1
300241,135.3945147679325,0.08827745050547013,2310.0342190016104,0.22,5.984999999999999,2.131601070152129,4.3185850100788254,1
300242,119.70886075949367,0.09344131049030455,2572.754424778761,0.2238362039150584,4.78,2.078126297745846,4.3185850100788254,1
300243,74.4620253164557,0.09758314139009555,1060.3140830800405,0.24231005961706714,11.135,1.8719348445576174,4.3185850100788254,1
300244,219.36919831223628,0.0861508953959125,907.4865134865133,0.2252386056244577,18.825,2.341175648115085,4.3185850100788254,3
300245,97.0084388185654,0.09514781494903746,1302.3255813953488,0.2551724137931034,12.01,1.9868095154304186,4.3185850100788254,1
300246,112.4873417721519,0.10257803448223529,977.4901652242329,0.23471055088702145,13.055,2.0511036539335565,4.3185850100788254,1
300247,73.59071729957806,0.09892467716434591,2672.1396658896665,0.2307692307692307,4.305,1.8668230360790636,4.3185850100788254,1
300248,93.27426160337552,0.0957096666855411,1326.2422360248447,0.24110309017223905,10.285,1.9697618196764284,4.3185850100788254,1
300249,204.78270042194094,0.08697880301538516,1262.3224734853102,0.2307692307692307,14.98,2.311293265640577,4.3185850100788254,3
300250,111.53586497890295,0.09026310407852893,1014.7515527950312,0.2622868666376853,19.205,2.0474145396522863,4.3185850100788254,1
300251,344.4810126582279,0.07826558473186832,1844.5101375505437,0.2231927397299164,14.725000000000001,2.5371652891608854,4.3185850100788254,3
300252,239.63713080168776,0.084489508061936,1730.404135338346,0.2280701754385964,13.785,2.379554111100041,4.3185850100788254,3
300253,268.2362869198312,0.08291844483729753,2274.591494976149,0.21612364243943186,8.524999999999999,2.4285175287096497,4.3185850100788254,3
300254,92.42405063291139,0.1029418102509028,1205.1706858753523,0.23294573643410849,10.225000000000001,1.9657849982550937,4.3185850100788254,1
300255,227.20042194092827,0.08840004842788526,949.5114421660815,0.2568471633904076,39.07,2.3564091335814403,4.3185850100788254,3
300256,76.4704641350211,0.07771647540652499,5397.727272727272,0.2857142857142857,3.45,1.883493726133311,4.3185850100788254,1
300257,134.3860759493671,0.10071930390084843,705.088251516823,0.23381860075408456,16.12,2.1283542727979867,4.3185850100788254,1
300258,104.29324894514768,0.0921097276974942,1559.5179115853657,0.2382186035035775,12.79,2.018256196818075,4.3185850100788254,1
300259,96.01687763713079,0.08744442363030815,2592.3214285714284,0.2222222222222222,4.455,1.98234757908563,4.3185850100788254,1
300260,226.26582278481013,0.08998500851828323,665.563725490196,0.2516463875713205,52.22,2.3546189591826767,4.3185850100788254,3
300261,75.11603375527426,0.09406629022483666,2392.6829268292686,0.2413793103448276,6.82,1.8757326484317325,4.3185850100788254,1
300262,57.85232067510549,0.08753529396953577,2782.758620689656,0.2592592592592592,2.72,1.7623207848293045,4.3185850100788254,1
300263,184.76793248945148,0.0896540975279336,2004.8199767711963,0.21813346228239838,9.195,2.266626599182022,4.3185850100788254,3
300264,123.54430379746836,0.09516586076250305,2280.88768115942,0.24283374283374282,7.105,2.0918227263762503,4.3185850100788254,1
300265,293.0506329113924,0.08530561755071672,1471.8865573930675,0.23368639557164145,13.725000000000001,2.4669426636791747,4.3185850100788254,3
300266,56.565400843881854,0.08806861990848858,5812.307692307692,0.2786885245901639,2.56,1.7525508690476035,4.3185850100788254,2
300267,137.33333333333331,0.08453270618911225,4119.328165374677,0.23845060412224584,3.535,2.137775961313472,4.3185850100788254,1
300268,9.225663716814159,0.14887275454143495,1705.8866279069769,0.32456140350877194,13.07,0.9649976201623753,4.3185850100788254,0
300269,163.8354430379747,0.08453131089850788,2440.681818181818,0.23024251287207134,5.715,2.2144078598829884,4.3185850100788254,3
300270,110.24894514767932,0.09819232450691995,1266.6666666666667,0.2388059701492537,10.93,2.0423744428679154,4.3185850100788254,1
300271,92.21940928270043,0.0964772728595141,1905.9771309771309,0.2376246941464332,7.23,1.9648223359913346,4.3185850100788254,1
300272,76.67299578059072,0.09827218994466483,2213.6243386243386,0.2333333333333333,6.98,1.8846424324170767,4.3185850100788254,1
300273,16.563291139240505,0.08123920921623728,10439.473684210527,0.28455754771544245,2.1950000000000003,1.2191466356854583,4.3185850100788254,2
300274,1285.5949367088606,0.08622675193363696,476.3490891973,0.24669786188647108,138.9,3.109104153298122,4.3185850100788254,3
300275,64.10126582278481,0.10594618311034866,1299.1803278688526,0.2522168247359087,12.175,1.8068666057188572,4.3185850100788254,1
300276,154.43248945147678,0.08152654976195434,2255.403416986839,0.24201447706882484,7.725,2.188738672328507,4.3185850100788254,3
300277,137.69620253164558,0.09108180142854283,1229.7827715355804,0.2278481012658227,13.53,2.138921963188711,4.3185850100788254,1
300278,96.5042194092827,0.08897039652588828,2924.440298507463,0.2361111111111111,4.805,1.9845463022153753,4.3185850100788254,1
300279,96.9704641350211,0.10018021267979547,1639.819004524887,0.2241379310344827,7.17,1.986639474302493,4.3185850100788254,1
300280,185.54852320675104,0.0910369895275625,906.614785992218,0.2666666666666666,23.03,2.268457502119395,4.3185850100788254,3
300281,68.21518987341773,0.10363761489202244,1400.0,0.2333333333333333,6.9399999999999995,1.833881092305584,4.3185850100788254,1
300282,13.78177966101695,0.09304116614773997,6504.310344827586,0.31785714285714284,2.955,1.1393053022635173,4.3185850100788254,2
300283,135.90928270042195,0.09312710071214336,1433.139341536415,0.2068463341144961,7.755,2.13324912036673,4.3185850100788254,1
300284,67.56540084388186,0.09422451696641662,2233.700630252101,0.25,6.835,1.8297243576388602,4.3185850100788254,1
300285,369.457805907173,0.0870192944564803,885.2480366147197,0.22095431232429874,30.439999999999998,2.567564846768647,4.3185850100788254,3
300286,91.0632911392405,0.09830030581271582,593.5064935064936,0.2580645161290322,25.3,1.9593433421920508,4.3185850100788254,1
300287,111.27637130801688,0.08151252279319074,4294.444444444444,0.26997684925880283,4.395,2.0464029549908225,4.3185850100788254,1
300288,65.16877637130801,0.10273631180562398,1190.0,0.2666666666666666,13.545,1.8140395666273657,4.3185850100788254,2
300289,47.30379746835443,0.10487635150214006,1802.777777777778,0.25,6.29,1.6748960065591962,4.3185850100788254,2
300290,183.20675105485233,0.0833940514467911,1434.1346153846157,0.2313432835820895,15.23,2.2629414731082975,4.3185850100788254,3
300291,132.2088607594937,0.09097015429488423,2271.2962962962965,0.2349939975990396,6.21,2.12126056294082,4.3185850100788254,1
300292,168.43037974683546,0.08346619399549694,3481.298083954951,0.2319030966315751,4.74,2.226420427819589,4.3185850100788254,3
300293,103.57805907172997,0.09391838976535102,1127.5252525252527,0.26798654244306414,18.955,2.0152677686017904,4.3185850100788254,1
300294,59.94303797468355,0.1032582405673485,931.372549019608,0.26004484304932735,23.1,1.7777387496574573,4.3185850100788254,2
300295,69.1097046413502,0.10144955333858853,1313.3333333333333,0.2631578947368421,12.07,1.8395390369002973,4.3185850100788254,2
300296,279.73628691983123,0.07964631151113705,3250.955261136713,0.2257700429622078,6.5600000000000005,2.4467488059742255,4.3185850100788254,3
300297,58.139240506329116,0.07266916014845691,16085.714285714286,0.3571428571428571,1.27,1.764469354127482,4.3185850100788254,2
300298,68.81434599156118,0.10048909192950944,836.8534482758621,0.25,17.845,1.8376789867164873,4.3185850100788254,1
300299,129.4451476793249,0.08967074775240363,2345.459831812489,0.232943469785575,6.2,2.112085775314804,4.3185850100788254,1
300300,284.50632911392404,0.08161268598364077,2329.3611793611794,0.270440251572327,9.78,2.4540919321324206,4.3185850100788254,3
300301,12.85192625206384,0.09409124825455445,10457.916666666668,0.3,2.42,1.108968224783805,4.3185850100788254,2
300302,247.0590717299578,0.08850901583640827,1103.9362519201231,0.2329294351901316,19.0,2.392800805320876,4.3185850100788254,3
300303,257.77004219409287,0.08255502407827445,2642.103956442327,0.224394430669464,7.07,2.4112324426302583,4.3185850100788254,3
300304,147.2721518987342,0.0928130956261739,1597.4389712292937,0.21867732558139535,11.695,2.168120632653158,4.3185850100788254,1
300305,56.20253164556962,0.10940195092427986,1471.4285714285716,0.2272727272727272,6.555,1.7497558788241785,4.3185850100788254,1
300306,49.32700421940928,0.11272330356952359,932.0512820512821,0.2553579571363429,12.34,1.6930847402242097,4.3185850100788254,2
300307,74.35864978902954,0.09496011142582314,2584.6153846153848,0.248,7.13,1.8713314952136628,4.3185850100788254,1
300308,1065.824894514768,0.09100188135221868,295.7086993888464,0.2751889901143632,565.14,3.0276858598569754,4.3185850100788254,3
300309,85.15400843881856,0.0697128743700295,17010.23166023166,0.3854669887278583,1.02,1.9302050962432602,4.3185850100788254,2
300310,145.51054852320675,0.08608133701795967,2705.7692307692305,0.2307692307692307,6.0,2.162894477853646,4.3185850100788254,1
300311,25.670886075949365,0.09568167113758262,5320.0,0.2888888888888888,5.32,1.409440859370857,4.3185850100788254,2
300313,15.67965367965368,0.1165951387467799,3163.333333333333,0.3333333333333333,8.14,1.1953364660858954,4.3185850100788254,0
300314,54.16877637130801,0.10864605016102309,783.4841628959276,0.25,12.765,1.7337490253381551,4.3185850100788254,2
300315,228.62025316455697,0.08256585701516202,4222.593561920446,0.24678164713649114,4.96,2.3591147013348137,4.3185850100788254,3
300316,351.8945147679325,0.08603948741695286,699.9013605442176,0.2327386970966344,43.595,2.546412497228527,4.3185850100788254,3
300317,149.32911392405063,0.08440180693989928,3198.7651444547996,0.2356461649655367,4.48,2.174144488126314,4.3185850100788254,3
300318,57.06962025316456,0.10340064317602221,1860.1648351648353,0.2388059701492537,5.875,1.7564049827206096,4.3185850100788254,1
300319,217.11181434599155,0.08673109067587728,1480.580357142857,0.21041337248701145,12.129999999999999,2.3366834566449652,4.3185850100788254,3
300320,73.9324894514768,0.10212741073243717,1394.4014294222752,0.2307692307692307,9.504999999999999,1.8688353299880873,4.3185850100788254,1
300321,36.77353750983337,0.1306825237486055,541.6765091863517,0.3333333333333333,37.43,1.56553540977376,4.3185850100788254,0
300322,302.65400843881855,0.08670212768564335,1075.301996173287,0.23440759184440468,23.59,2.480946430210678,4.3185850100788254,3
300323,203.89029535864978,0.08843411988185398,1579.2183908045977,0.20640040962621606,8.33,2.309396554995946,4.3185850100788254,3
300324,170.97679324894514,0.07912276281902589,4171.729996346365,0.25,4.63,2.2329371674221017,4.3185850100788254,3
300326,21.87506059789927,0.10568162464296149,4475.0,0.2727272727272727,6.16,1.3399492647707767,4.3185850100788254,2
300327,162.43459915611814,0.09028298707101853,822.4014336917562,0.25,27.545,2.210678541051383,4.3185850100788254,1
300328,243.47679324894517,0.08940438140818846,1420.293442387717,0.22066672909448445,16.045,2.386457573171906,4.3185850100788254,3
300329,42.130801687763714,0.11940373049017544,1342.0600858369098,0.2777777777777778,12.85,1.6245997231966176,4.3185850100788254,2
300331,180.17088607594937,0.09689430345826006,654.0575005796429,0.2627846211272863,39.28,2.255684614400625,4.3185850100788254,1
300332,76.29113924050633,0.09665565818970981,3196.153846153846,0.2549019607843137,5.6,1.88247410017747,4.3185850100788254,1
300333,76.16455696202532,0.09934469881137964,1603.71333439036,0.2592592592592592,10.075,1.8817529202012144,4.3185850100788254,1
300334,63.18143459915612,0.10365663215751314,1187.3771297509827,0.2254032258064516,7.52,1.8005894827819162,4.3185850100788254,1
300335,77.88396624472574,0.09480644512214961,2477.4574049803414,0.2389682024659312,5.775,1.8914480598785264,4.3185850100788254,1
300336,11.648332599603787,0.0891958086959332,8734.166666666668,0.29983388704318936,1.8450000000000002,1.0662637627339322,4.3185850100788254,2
300337,226.33966244725738,0.08732194202837693,1584.2857142857144,0.2280788177339901,12.265,2.3547606638649103,4.3185850100788254,3
300338,13.817796610169491,0.10518190849826671,6516.666666666666,0.2857142857142857,3.76,1.1404387958358504,4.3185850100788254,2
300339,411.5632911392405,0.08579966650283827,812.0793185309315,0.24499443207126945,44.36,2.6144366314775986,4.3185850100788254,3
300340,77.74261603375527,0.10047497814869491,1099.5967741935483,0.25677655677655675,11.42,1.890659150520985,4.3185850100788254,1
300341,81.86708860759494,0.10264856326584279,937.562003968254,0.25,15.22,1.9131093460981397,4.3185850100788254,1
300342,517.9915611814347,0.08646581839693691,979.3603062521981,0.2339772416220232,34.45,2.71432268452865,4.3185850100788254,3
300343,48.19409282700422,0.08736363849792092,5195.652173913043,0.28,6.32,1.682993809818649,4.3185850100788254,2
300344,90.30590717299577,0.07914908912365541,4496.385542168675,0.29912280701754385,3.7199999999999998,1.955716159712476,4.3185850100788254,1
300345,77.60759493670886,0.09949312402719374,1984.7083333333335,0.2367683915671531,6.82,1.8899042248367928,4.3185850100788254,1
300346,508.80168776371306,0.08753555865618753,821.6867469879518,0.2285714285714285,45.92,2.706548543256025,4.3185850100788254,3
300347,258.2510548523207,0.08676743904916472,494.5319002701806,0.27240603919049144,54.655,2.4120421041146263,4.3185850100788254,3
300348,143.37552742616032,0.09097286007275954,1512.415979809597,0.238095238095238,13.030000000000001,2.156475028522923,4.3185850100788254,1
300349,82.75738396624473,0.10011351650664008,1152.7713920817368,0.2333333333333333,13.475000000000001,1.917806753779811,4.3185850100788254,1
300350,71.17932489451476,0.0953375688172724,3103.448275862069,0.2558139534883721,5.37,1.8523538645897526,4.3185850100788254,1
300351,134.86708860759495,0.09302302280483178,1207.567084078712,0.25,17.310000000000002,2.129905982437295,4.3185850100788254,1
300352,140.9915611814346,0.08648771904674486,3470.769230769231,0.2428571428571428,5.56,2.1491931194496083,4.3185850100788254,1
300353,155.39662447257385,0.08873243413511471,1315.4423547271654,0.2349496644295302,19.87,2.19144158081717,4.3185850100788254,1
300354,55.16877637130801,0.11111623147730673,562.171052631579,0.31057781919850885,39.33,1.741693351529208,4.3185850100788254,2
300355,76.457805907173,0.08181945789326603,5183.728222996516,0.27202255109231854,3.7649999999999997,1.883421831008673,4.3185850100788254,1
300356,9.327433628318584,0.09573215467614976,4359.289617486338,0.2222222222222222,4.68,0.969762167393108,4.3185850100788254,2
300357,104.89029535864978,0.09400733753378168,659.2320261437908,0.2551105548602419,25.705,2.0207353083350656,4.3185850100788254,1
300358,119.06962025316456,0.093297494197309,1371.7434025828188,0.208893280632411,9.5,2.0758009685405896,4.3185850100788254,1
300359,64.957805907173,0.10373928021186543,2169.1950464396286,0.25,5.335,1.8126313472291131,4.3185850100788254,1
300360,85.19198312236287,0.09205630726687253,1325.2380952380954,0.2419354838709677,16.23,1.9303987279881267,4.3185850100788254,1
300363,154.9367088607595,0.08936058591036844,765.2586206896551,0.24789711505039969,21.365000000000002,2.190154326519101,4.3185850100788254,1
300364,515.0590717299579,0.08300250032244823,1199.9773819621148,0.2330416899051868,25.549999999999997,2.7118570407987677,4.3185850100788254,3
300365,95.31645569620252,0.09811335516605718,2051.266812636847,0.22517605633802815,6.28,1.9791678849102592,4.3185850100788254,1
300366,33.22573839662448,0.09433192536034082,4349.242424242424,0.2857142857142857,6.725,1.521474641323305,4.3185850100788254,2
300368,131.27426160337552,0.08480728391538439,1808.9964494569756,0.2587221095334685,10.205,2.1181795841292996,4.3185850100788254,1
300369,162.9957805907173,0.0899578817136654,1743.0828307819183,0.21512181842929085,7.99,2.2121763621347164,4.3185850100788254,3
300370,60.84388185654009,0.08462967324074896,5639.978021978022,0.2682926829268293,2.63,1.7842169143733064,4.3185850100788254,1
300371,41.926160337552744,0.1184479706820466,680.909090909091,0.2647058823529412,12.515,1.622485090866029,4.3185850100788254,2
300373,260.8902953586498,0.08798998922824147,509.5,0.2460732984293193,68.55,2.416457924441059,4.3185850100788254,3
300374,58.5042194092827,0.10161334453214116,1275.5277777777778,0.27504379678292723,15.280000000000001,1.767187189160586,4.3185850100788254,2
300375,91.34599156118142,0.09137630132319174,2491.655282331512,0.2274575018477457,4.895,1.9606894944246795,4.3185850100788254,1
300376,99.5042194092827,0.0817256679139565,3581.084308574158,0.2585238279736536,6.105,1.9978414971006557,4.3185850100788254,1
300377,284.2257383966245,0.08576094032611409,1379.7140672782875,0.24115828237909945,17.23,2.453663403420766,4.3185850100788254,3
300378,206.65189873417722,0.09021068529038706,628.4410238052621,0.25231978692327517,38.31,2.315239399968501,4.3185850100788254,3
300379,145.86075949367088,0.08737173029240712,1458.997722095672,0.244047619047619,14.82,2.163938470594397,4.3185850100788254,1
300380,73.76582278481013,0.10599672704211219,579.3305084745763,0.29321839080459766,36.07,1.8678551909021728,4.3185850100788254,2
300381,62.4957805907173,0.11191443828158529,1392.7109974424552,0.218070652173913,6.885,1.7958506968956505,4.3185850100788254,1
300382,123.17299578059072,0.10114605627715659,1254.7675902864257,0.2359775280898876,14.605,2.090515504346488,4.3185850100788254,1
300383,431.1413502109705,0.08125913286503207,1785.0812112562994,0.2121212121212121,13.25,2.634619677475206,4.3185850100788254,3
300384,43.22573839662447,0.10865407070281356,1018.0733618233618,0.2672619047619047,15.925,1.6357424207739637,4.3185850100788254,2
300385,49.57805907172996,0.10541379705482684,1463.888888888889,0.2421875,6.79,1.6952895205976513,4.3185850100788254,1
300386,71.72362869198312,0.10060143012303846,1056.9473684210525,0.25937646507266754,14.115,1.8556622535761336,4.3185850100788254,1
300387,61.33122362869199,0.10200971022717331,1397.1626862625026,0.2307692307692307,8.52,1.78768162945005,4.3185850100788254,1
300388,43.32700421940929,0.1114854943752395,1404.5789570665193,0.2352941176470588,7.7,1.6367586614332184,4.3185850100788254,2
300389,93.86286919831224,0.09101562615642513,740.5882352941176,0.22654088050314458,15.765,1.9724938255844373,4.3185850100788254,1
300390,648.8333333333334,0.08426870340182395,611.6302661415443,0.22860581055526902,50.955,2.812133153334518,4.3185850100788254,3
300391,49.061181434599156,0.0848605253645046,4331.578947368422,0.29587542087542085,4.23,1.6907380021734502,4.3185850100788254,2
300392,18.044644941197596,0.09202622980536627,5437.5,0.28285714285714286,3.075,1.256348341003689,4.3185850100788254,2
300393,205.72573839662448,0.08750764314468126,2073.4238554141716,0.2325097847358121,8.79,2.3132886297810344,4.3185850100788254,3
300394,1103.402953586498,0.09082852039885997,358.54529228023205,0.2693579509204363,211.95999999999998,3.042734142141751,4.3185850100788254,3
300395,561.090717299578,0.09084042823077634,477.6192786561265,0.24276634846517045,93.565,2.7490330837829116,4.3185850100788254,3
300396,29.936708860759495,0.11768169326010505,1091.6666666666665,0.3,13.26,1.476204053783389,4.3185850100788254,0
300397,158.06751054852322,0.089348061159473,1609.3402152749716,0.2280701754385964,13.030000000000001,2.198842613515434,4.3185850100788254,1
300398,296.27848101265823,0.08765183779782192,1126.015037593985,0.2261016490943498,24.265,2.4717001094049937,4.3185850100788254,3
300399,87.71308016877637,0.09849317682164554,772.3136384509414,0.27754435107376285,21.34,1.943064362140718,4.3185850100788254,2
300400,121.5,0.09595619459972574,773.8795986622074,0.25,20.61,2.084576277934331,4.3185850100788254,1
300401,119.32278481012659,0.09613790862366167,1461.3985486759025,0.2244243851386708,14.285,2.076723380573011,4.3185850100788254,1
300402,62.561181434599156,0.09880104695072235,885.4283528811831,0.2666666666666666,18.979999999999997,1.7963049415492722,4.3185850100788254,2
300403,111.5464135021097,0.08823789370977297,1608.1720430107528,0.24062353492733235,11.690000000000001,2.04745561118388,4.3185850100788254,1
300404,94.30168776371309,0.0988926770566031,1335.8333333333333,0.24155597722960148,9.78,1.9745194655889509,4.3185850100788254,1
300405,77.41772151898735,0.10038169405431141,1317.3140954495007,0.2286552157519899,6.18,1.888840385449841,4.3185850100788254,1
300406,58.265822784810126,0.10559490865339974,929.2857142857142,0.25,13.28,1.7654138836035327,4.3185850100788254,1
300407,85.13924050632912,0.1017752293458501,945.4518539405046,0.238095238095238,11.76,1.9301297716881753,4.3185850100788254,1
300408,377.2742616033755,0.08122169379437391,571.9974046970729,0.22993102569702262,46.875,2.5766571777827276,4.3185850100788254,3
300409,247.65400843881855,0.08580840310035595,1127.1745140572498,0.2282083160657549,21.545,2.3938453617098396,4.3185850100788254,3
300410,114.32278481012659,0.0931074931915089,1405.89950058302,0.2231968117282852,8.6,2.058132794972388,4.3185850100788254,1
300411,59.270042194092824,0.0973586407976181,1619.090909090909,0.2666666666666666,10.91,1.7728352364115363,4.3185850100788254,2
300412,79.46835443037975,0.09813129150888798,1980.5,0.2191128506196999,5.295,1.9001942200735822,4.3185850100788254,1
300413,182.873417721519,0.08551822731468497,1127.3489613112254,0.240253164556962,23.45,2.262150581496807,4.3185850100788254,3
300414,84.97468354430379,0.09589326357250222,1206.1717352415026,0.2508503401360544,12.17,1.929289555894479,4.3185850100788254,1
300415,114.16877637130801,0.09648340793053872,748.8392857142858,0.2602083333333334,23.835,2.057547346433909,4.3185850100788254,1
300416,178.5379746835443,0.0904981885474315,1035.9027902640428,0.224009264024704,17.44,2.2517306038737686,4.3185850100788254,3
300417,57.092827004219416,0.11327253139126627,675.0,0.2792407660738714,12.625,1.756581548032706,4.3185850100788254,2
300418,740.5168776371308,0.0831607103533445,897.7572140128357,0.22472194135490395,43.23,2.869534961278757,4.3185850100788254,3
300419,20.61603375527426,0.10850618322365622,5027.604166666666,0.2652777777777777,6.79,1.3142051166273139,4.3185850100788254,2
300420,87.0464135021097,0.09004073730199008,3922.7391304347834,0.24,3.89,1.9397508819630476,4.3185850100788254,1
300421,150.8776371308017,0.09188189089465823,953.0865490339809,0.25,22.06,2.178624874033963,4.3185850100788254,1
300422,56.23206751054852,0.10549227824294234,1647.6842105263158,0.2280350877192982,5.0,1.7499840517099254,4.3185850100788254,1
300423,96.62025316455696,0.09721894519003917,1639.1061452513966,0.2352941176470588,8.08,1.9850681710911555,4.3185850100788254,1
300424,137.81645569620252,0.09849723233688494,974.0372272143775,0.24450483091787434,17.1,2.1393010767252783,4.3185850100788254,1
300425,49.757383966244724,0.10735031481758146,1829.6794871794873,0.2222222222222222,4.9350000000000005,1.6968575389076355,4.3185850100788254,1
300426,69.4409282700422,0.11078035088140939,1486.9444721861578,0.25,8.135000000000002,1.8416155177540126,4.3185850100788254,2
300427,208.0253164556962,0.082483429247216,1990.652024129252,0.2435058960093996,9.425,2.3181161913471637,4.3185850100788254,3
300428,121.32067510548524,0.09374488031933942,832.7586206896551,0.237511992324912,21.39,2.083934818336377,4.3185850100788254,1
300429,171.4367088607595,0.09099640673878046,1475.612311417396,0.2395833333333333,13.86,2.2341038207884916,4.3185850100788254,3
300430,76.0042194092827,0.09547806583734783,1090.4761904761904,0.2666666666666666,17.21,1.8808377030084535,4.3185850100788254,1
300432,362.2700421940928,0.08195313228043191,1454.143475572047,0.22181652423751286,17.015,2.559032421675358,4.3185850100788254,3
300433,590.175105485232,0.08414749931806809,1201.7776049766717,0.21604990974288912,28.66,2.7709808863255567,4.3185850100788254,3
300434,87.22151898734177,0.09706955907898468,1269.0848214285716,0.2358119229943462,10.58,1.9406236457641017,4.3185850100788254,1
300435,141.48101265822783,0.091282005962209,857.106720122184,0.23229064841968064,20.265,2.150698159640781,4.3185850100788254,1
300436,162.68143459915612,0.09606596292600138,440.74440052700925,0.2903225806451613,90.655,2.211337993556438,4.3185850100788254,1
300437,119.03375527426161,0.09226020253896527,1273.1420765027322,0.2618910824633208,15.035,2.0756701349267073,4.3185850100788254,1
300438,539.7405063291139,0.08375189392214563,528.4481589611053,0.2392101268722971,52.105000000000004,2.7321850121268993,4.3185850100788254,3
300439,38.30379746835443,0.11285066993441512,1146.0144927536232,0.2352941176470588,10.15,1.5832418323967266,4.3185850100788254,2
300440,77.05907172995781,0.11120325653763774,1332.841928251121,0.25,12.34,1.8868237731043738,4.3185850100788254,1
300441,38.654008438818565,0.10803924111123625,1935.0274725274726,0.25,7.12,1.5871945371312834,4.3185850100788254,2
300442,635.8586497890295,0.09024369108176536,641.7208160570992,0.2442304278359666,65.24,2.8033605835111306,4.3185850100788254,3
300443,119.57805907172997,0.09569468810433973,782.5607257828505,0.26384065372829413,27.72,2.0776514999013376,4.3185850100788254,1
300444,273.831223628692,0.08186783046171799,2041.5932860675757,0.2330416899051868,10.445,2.437482967086913,4.3185850100788254,3
300445,76.55907172995781,0.10571819099616267,641.8495248812203,0.28,20.8,1.8839966590294839,4.3185850100788254,2
300446,143.4409282700422,0.08917255633342025,1110.9292248435245,0.24379487179487175,18.43,2.1566730870759656,4.3185850100788254,1
300447,101.51054852320675,0.0970457849761858,1001.3221153846155,0.2517720890333649,16.990000000000002,2.0065111745387445,4.3185850100788254,1
300448,121.41772151898735,0.09502150718479004,2289.6530936012687,0.2327586206896551,7.115,2.084282078800351,4.3185850100788254,1
300449,69.46413502109705,0.10082189872885361,1802.7027027027027,0.2406896551724138,7.28,1.8417606321764965,4.3185850100788254,1
300450,682.6455696202531,0.08340387956476163,752.8713335851044,0.2292552851759596,47.495,2.834195275993671,4.3185850100788254,3
300451,141.74261603375527,0.08824522243671762,3043.1677018633536,0.2418745429430405,4.98,2.151500443936574,4.3185850100788254,1
300452,62.68565400843882,0.1073921698592533,885.0446428571429,0.2452559971356963,13.915,1.7971681612797,4.3185850100788254,1
300453,53.44092827004219,0.10859707093847279,1302.4468085106384,0.2291666666666666,9.184999999999999,1.7278739932372444,4.3185850100788254,1
300454,267.06962025316454,0.09166083725607169,329.97305792546024,0.28702787398977403,110.805,2.4266244888944803,4.3185850100788254,3
300455,167.42616033755274,0.0893075729585795,1018.8624896608767,0.24682244930912778,23.235,2.223823317472037,4.3185850100788254,3
300456,551.7405063291139,0.08735568083765927,831.9072828730863,0.24680480774460212,43.91,2.7417348690935914,4.3185850100788254,3
300457,189.17721518987344,0.08946934520239913,886.1655265339966,0.2451296647691334,24.935000000000002,2.276868828084858,4.3185850100788254,3
300458,348.1033755274261,0.08620894506513732,757.3719979795196,0.2300588078053996,37.95,2.5417082346196143,4.3185850100788254,3
300459,304.8080168776371,0.07734031549253811,4751.064814814815,0.2640506709895215,4.555,2.484026385370755,4.3185850100788254,3
300460,39.855664020596436,0.10651101693129328,2688.0,0.2790697674418604,9.46,1.6004900491472682,4.3185850100788254,2
300461,117.87763713080169,0.10131700741056623,489.7368421052631,0.2857142857142857,22.975,2.0714314217881764,4.3185850100788254,2
300462,16.554037097654117,0.145389370944686,2130.089285714286,0.3,11.465,1.2189039241193484,4.3185850100788254,0
300463,55.62447257383967,0.10230345241666532,1218.0889115993868,0.25,11.524999999999999,1.7452659060679634,4.3185850100788254,1
300464,97.90506329113924,0.10448476544573851,1582.959091495677,0.2272727272727272,6.775,1.99080515250324,4.3185850100788254,1
300465,123.91350210970464,0.09301985760525577,1297.1960167714885,0.2452830188679245,14.99,2.093118631414406,4.3185850100788254,1
300466,74.94303797468353,0.09699728237295477,1428.6290322580644,0.2389682024659312,8.715,1.874731294160755,4.3185850100788254,1
300467,82.25316455696202,0.10906926036517901,870.0,0.2857142857142857,27.985,1.9151526157185226,4.3185850100788254,2
300468,252.91350210970467,0.08660144426917885,1069.3278943278942,0.2408083265747499,27.445,2.402972015327838,4.3185850100788254,3
300469,129.4915611814346,0.10452709113485306,700.0,0.2900888265544647,53.865,2.1122414668593255,4.3185850100788254,2
300470,46.16033755274262,0.11240101988509654,522.4295506473725,0.2921747967479675,36.315,1.6642689759873082,4.3185850100788254,2
300471,87.0295358649789,0.0988308289661329,1377.3464049344916,0.24384176677587666,12.64,1.9396666674035627,4.3185850100788254,1
300472,25.871308016877634,0.10659083225740036,3857.5892857142862,0.2857142857142857,8.08,1.412818386588661,4.3185850100788254,2
300473,101.9367088607595,0.10025058031904772,563.3663366336634,0.275,30.25,2.0083306078019856,4.3185850100788254,2
300474,255.69620253164558,0.09026197757097768,522.1615773606924,0.24964589235127477,70.03,2.4077242781561825,4.3185850100788254,3
300475,837.0168776371308,0.09178058967123254,423.1165354330709,0.2656449553001277,139.8,2.9227342152104323,4.3185850100788254,3
300476,1016.289029535865,0.09231510420910526,360.7875311045817,0.26262270319165515,269.43,3.0070172375557025,4.3185850100788254,3
300477,63.07172995780591,0.07771726319902417,9396.610169491523,0.3043478260869565,2.89,1.7998347431674961,4.3185850100788254,2
300478,50.061181434599156,0.11535863972345001,851.0869565217391,0.2937254901960784,25.595,1.6995010946623896,4.3185850100788254,2
300479,74.09493670886076,0.10334702978926419,950.0138427464008,0.2666666666666666,18.915,1.869788531399929,4.3185850100788254,2
300480,193.3523206751055,0.09478261547222427,900.0,0.25,22.05,2.286349388978747,4.3185850100788254,3
300481,86.39240506329114,0.10087385518078029,1050.8908045977012,0.2426810477657935,16.174999999999997,1.9364755644223521,4.3185850100788254,1
300482,64.21518987341771,0.09210157334379487,1047.4839743589744,0.25,20.564999999999998,1.8076377710269627,4.3185850100788254,1
300483,149.54852320675104,0.09325205124805377,1318.2683215130023,0.242306236993126,15.8,2.174782128725908,4.3185850100788254,1
300484,54.82911392405063,0.10318029380064274,964.2857142857144,0.265508843886183,17.0,1.7390112274445824,4.3185850100788254,2
300485,58.710970464135016,0.10032239291780845,1214.732142857143,0.25,10.74,1.7687192591161303,4.3185850100788254,1
300486,104.19620253164557,0.09573508115490982,1547.9819563152896,0.2536065549414631,21.125,2.0178518912321777,4.3185850100788254,1
300487,123.78691983122363,0.09974047784702372,350.54072710538424,0.3103448275862069,61.015,2.092674756596545,4.3185850100788254,2
300488,53.78691983122363,0.10885378684422885,521.1111111111111,0.3029894040068458,30.93,1.7306766746294073,4.3185850100788254,2
300489,90.85654008438817,0.10343732276059743,518.6147186147186,0.3,44.89,1.9583561943884857,4.3185850100788254,2
300490,204.0126582278481,0.08980223953689165,1156.7394931692563,0.2286354900704676,13.72,2.3096571146217566,4.3185850100788254,3
300491,143.77637130801688,0.09307434509541813,604.2885957610297,0.2608695652173913,25.865000000000002,2.157687518496607,4.3185850100788254,1
300492,55.563291139240505,0.1249453054191545,311.52852926709295,0.36,66.3425,1.7447879620706077,4.3185850100788254,0
300493,173.00632911392404,0.08737597546385122,1150.5761047463175,0.23284047256649995,16.200000000000003,2.2380619912731534,4.3185850100788254,3
300494,111.63924050632912,0.09134859965599103,1632.8431372549019,0.2558139534883721,12.075,2.0478168732749213,4.3185850100788254,1
300495,21.417721518987342,0.08186198459779126,9204.0,0.3636363636363636,1.9,1.3307732674125634,4.3185850100788254,2
300496,289.7236286919831,0.08878460708842495,534.7898589593917,0.24688775246655295,65.205,2.461983915956525,4.3185850100788254,3
300497,185.84599156118145,0.0903150957936156,1329.3053655570757,0.21878676470588235,15.355,2.269153198406544,4.3185850100788254,3
300498,249.9957805907173,0.08398449471185453,1786.9360051712993,0.21788525006346784,16.855,2.397932678745508,4.3185850100788254,3
300499,333.65822784810126,0.08904859083128155,910.6442193630805,0.2360681114551083,29.395,2.5233018388075603,4.3185850100788254,3
300500,61.80379746835443,0.10545216783693526,780.8449074074074,0.2727272727272727,12.15,1.7910151606694507,4.3185850100788254,2
300501,54.34388185654008,0.10924053359287227,784.3014512369351,0.2692307692307692,15.08,1.735150657428606,4.3185850100788254,2
300502,1203.1793248945148,0.09010176426908367,338.6951512388746,0.26146379797379093,389.23,3.0803303605137144,4.3185850100788254,3
300503,327.3059071729958,0.08864883735389859,716.9725927283357,0.2524308505616917,48.215,2.51495384346714,4.3185850100788254,3
300504,86.34810126582278,0.0987272071524046,816.3992869875223,0.24283374283374282,15.79,1.9362527921774557,4.3185850100788254,1
300505,199.5168776371308,0.08823275092321395,925.4062563477555,0.236284218598913,22.61,2.299979639645017,4.3185850100788254,3
300506,17.82278481012658,0.10851944771557193,6692.045454545454,0.2653061224489796,4.81,1.2509755635156519,4.3185850100788254,2
300507,86.0168776371308,0.09444448123121796,2531.09243697479,0.2467532467532467,8.07,1.9345836738658786,4.3185850100788254,1
300508,79.05907172995781,0.10749608494196689,442.8571428571428,0.2942980873330927,35.94499999999999,1.8979517107794819,4.3185850100788254,2
300509,82.0126582278481,0.10198297661579689,829.6201677431794,0.24,9.99,1.9138808886548853,4.3185850100788254,1
300510,98.96835443037975,0.09224170934417572,2655.1915102575294,0.2322210987529491,4.295,1.995496349210676,4.3185850100788254,1
300511,104.86497890295358,0.09701539887804518,2180.0,0.2195121951219512,6.32,2.02063047381205,4.3185850100788254,1
300512,55.29535864978903,0.11071302229972714,939.5833333333334,0.2492283950617284,8.765,1.7426886792725154,4.3185850100788254,2
300513,71.71097046413502,0.10848223532027124,1205.5714285714284,0.2413793103448276,9.39,1.8555855998461168,4.3185850100788254,1
300514,50.472573839662445,0.11011653053435838,875.8928571428571,0.25,13.355,1.7030554520659844,4.3185850100788254,2
300515,47.516877637130804,0.1066972725377929,633.3333333333334,0.2687617260787992,17.09,1.676847895156718,4.3185850100788254,2
300516,124.60548523206751,0.09843277515734225,545.1572395719589,0.29658564814814814,38.79,2.0955371607307334,4.3185850100788254,2
300517,52.120253164556964,0.11707758815222627,850.4371584699454,0.26219705369871693,11.645,1.7170065165513506,4.3185850100788254,2
300518,78.34599156118144,0.11303526362452057,999.2125984251968,0.29247672911511724,19.979999999999997,1.8940167814377573,4.3185850100788254,2
300519,41.983122362869196,0.11546738757273121,690.387537993921,0.26661147902869753,15.46,1.6230747347356216,4.3185850100788254,2
300520,199.46835443037975,0.08751374875715226,877.1075339239139,0.242137120702615,34.065,2.299874004852817,4.3185850100788254,3
300521,53.40084388185654,0.12152151082075172,708.8888888888889,0.3076923076923077,26.41,1.7275481201434975,4.3185850100788254,0
300522,61.89451476793249,0.1080924788523155,1096.366232941923,0.25699248120300744,12.754999999999999,1.7916521625649644,4.3185850100788254,2
300523,53.89029535864979,0.11174422554818438,737.7358490566038,0.2926829268292683,22.34,1.7315105638573034,4.3185850100788254,2
300525,103.43248945147678,0.096214379579011,1647.855072463768,0.24575783721599076,13.29,2.0146569775703163,4.3185850100788254,1
300526,29.430379746835442,0.09725974599268557,1966.6666666666667,0.2903225806451613,11.2,1.4687958659355314,4.3185850100788254,2
300527,38.46835443037975,0.08864689196999674,4135.0,0.28,8.06,1.5851036087895014,4.3185850100788254,2
300528,129.07383966244726,0.08988854125757184,1246.8550034036762,0.25642715886618317,15.605,2.1108382295514403,4.3185850100788254,1
300529,78.0928270042194,0.09777122908622862,706.5126050420167,0.25,20.075,1.8926111448177556,4.3185850100788254,1
300530,50.835443037974684,0.1174488978470037,608.9898989898991,0.32014437689969605,24.585,1.7061666128465214,4.3185850100788254,0
300531,107.41772151898735,0.09307478038512801,987.2009157942257,0.2347826086956521,16.935000000000002,2.0310759361401556,4.3185850100788254,1
300532,70.0506329113924,0.09817960801276435,1149.8674443266173,0.2307692307692307,11.85,1.8454120635144917,4.3185850100788254,1
300533,120.10337552742615,0.09399161460218074,805.1672592113769,0.27529367184539594,28.585,2.079555213500606,4.3185850100788254,1
300534,62.92827004219409,0.09815186286440436,1520.8504098360654,0.24478940512375155,9.504999999999999,1.798845792744529,4.3185850100788254,1
300535,50.99106951298005,0.1107572874374812,509.18767507002804,0.3,17.365000000000002,1.7074941211793655,4.3185850100788254,2
300536,51.82700421940928,0.11373488544521485,1545.8333333333333,0.2611940298507462,9.02,1.7145561058377667,4.3185850100788254,2
300537,103.50632911392405,0.09213333422500328,1029.812030075188,0.25949975949975945,23.060000000000002,2.014966906461664,4.3185850100788254,1
300538,85.66666666666666,0.09932374128245794,869.6022727272727,0.2631578947368421,16.32,1.932811868611632,4.3185850100788254,1
300539,114.98945147679325,0.09893143117876187,614.1358024691358,0.2727272727272727,26.345,2.060658002305434,4.3185850100788254,1
300540,74.18354430379748,0.10572752876345522,812.406015037594,0.2795698924731182,22.854999999999997,1.8703075789900243,4.3185850100788254,2
300541,108.70253164556962,0.09121924171615937,1492.7640279614584,0.2373067010309278,14.085,2.0362396587771654,4.3185850100788254,1
300542,69.75105485232068,0.09956233495228725,1077.3504273504273,0.2727272727272727,15.83,1.843550779875069,4.3185850100788254,2
300543,57.33755274261603,0.10628550086044973,1231.9247311827958,0.24642199959108566,9.85,1.7584391526310625,4.3185850100788254,1
300545,120.19620253164558,0.09468237272538609,737.9084215370456,0.2702702702702703,31.98,2.0798907468214303,4.3185850100788254,1
300546,74.0253164556962,0.10160491783180925,792.0546689081501,0.2663608562691131,21.205,1.8693802726593627,4.3185850100788254,2
300547,143.79535864978902,0.09804244970742403,703.6654589371981,0.263943603566245,33.83,2.157744868346475,4.3185850100788254,1
300548,663.9493670886077,0.09116349270336359,411.4637073097459,0.265928019483448,138.235,2.822134961246836,4.3185850100788254,3
300549,49.755274261603375,0.11321099061852717,602.3872131992782,0.2903225806451613,17.98,1.6968391245048724,4.3185850100788254,2
300550,66.8902953586498,0.1125661468402483,745.2380952380952,0.2666666666666666,13.73,1.8253631136136976,4.3185850100788254,2
300551,118.75949367088607,0.0989272097962106,1294.7368421052631,0.2618510158013544,14.11,2.074668337320698,4.3185850100788254,1
300552,121.49367088607595,0.09797242509844975,663.0129179331307,0.2747141372141372,27.46,2.084553654305961,4.3185850100788254,1
300553,67.66244725738397,0.1145911464093088,460.76923076923083,0.3235294117647059,42.43,1.8303477015683802,4.3185850100788254,0
300554,86.81434599156118,0.09842432678817085,555.5555555555555,0.2972972972972973,24.1,1.9385914978742036,4.3185850100788254,2
300555,9.658233117483812,0.15108053532494187,2582.2916666666665,0.25,12.8475,0.9848976836088531,4.3185850100788254,0
300556,97.51476793248945,0.09747097934223292,694.6443341604631,0.2692307692307692,19.775,1.9890703915540737,4.3185850100788254,1
300557,72.70886075949367,0.1055345782054837,590.0914457691863,0.28805459326349175,34.32,1.8615873399438025,4.3185850100788254,2
300558,142.25738396624473,0.09248666529256486,514.4496681415928,0.26282894736842105,48.724999999999994,2.153074818002555,4.3185850100788254,1
300559,90.58227848101265,0.10367400906429802,1093.4458302763512,0.24567809239940386,12.22,1.9570432406048939,4.3185850100788254,1
300560,133.59493670886076,0.09256298761193585,918.9512383900928,0.25,16.49,2.1257899985506636,4.3185850100788254,1
300561,66.59071729957806,0.09494995585462962,1951.063829787234,0.2972972972972973,13.82,1.8234136930359717,4.3185850100788254,2
300562,85.21940928270043,0.09950235945354574,892.9546018357728,0.23445828891257997,13.455,1.9305385194660218,4.3185850100788254,1
300563,106.08016877637131,0.0948298937388875,664.5842833257334,0.2682926829268293,32.72,2.0256342020353246,4.3185850100788254,1
300564,43.99367088607595,0.11710651742894357,682.6086956521739,0.28,14.83,1.6433902015552153,4.3185850100788254,2
300565,126.13291139240506,0.09267805539880489,1162.6213592233012,0.2302158273381295,12.965,2.1008284202067893,4.3185850100788254,1
300566,85.92405063291139,0.09850103620406847,882.2066822066822,0.24514836609490415,18.92,1.9341147423551968,4.3185850100788254,1
300567,295.80379746835445,0.09781573454517947,365.2439427224476,0.2916344890189543,105.63499999999999,2.4710037450799587,4.3185850100788254,3
300568,415.03797468354435,0.08127909678493396,1559.189614710513,0.21328431372549014,15.125,2.618087835124141,4.3185850100788254,3
300569,92.28902953586498,0.09214008528008194,2553.8461538461543,0.2393181818181818,6.005,1.9651500791927474,4.3185850100788254,1
300570,580.4008438818565,0.08921688350567525,396.3331314957897,0.2602378838692707,114.745,2.7637280352146423,4.3185850100788254,3
300571,104.10759493670886,0.09557115651469632,608.1623514085654,0.273030303030303,31.700000000000003,2.017482413648721,4.3185850100788254,1
300572,70.17299578059071,0.11739693949326693,937.9746835443038,0.2857142857142857,27.11,1.8461700175464488,4.3185850100788254,2
300573,123.02742616033755,0.09379214803833383,511.23464189391666,0.2662004662004661,70.80000000000001,2.090001938287767,4.3185850100788254,1
300575,78.9071729957806,0.10586115473993114,1430.6010928961748,0.23503836317135546,6.22,1.8971164842092918,4.3185850100788254,1
300576,205.91139240506328,0.09316651555583287,794.9407755056432,0.2608695652173913,40.32,2.313680375378513,4.3185850100788254,3
300577,37.74050632911393,0.12042114199923079,593.75,0.310727969348659,19.65,1.5768077223913166,4.3185850100788254,0
300578,108.12869198312237,0.09978805998529423,771.2468382681149,0.26914453259744736,19.91,2.0339409494256877,4.3185850100788254,1
300579,86.86286919831224,0.10462061517323432,552.0008003201281,0.29217154526889044,28.175,1.938834170598562,4.3185850100788254,2
300580,150.084388185654,0.09445216494166778,715.9051348999129,0.2666666666666666,24.225,2.1763355191756766,4.3185850100788254,1
300581,105.96624472573839,0.08963555790504776,1488.8531779406462,0.26,12.885000000000002,2.025167543906199,4.3185850100788254,1
300582,89.73839662447257,0.10054016711097397,1098.0654761904761,0.24233013363448147,14.085,1.9529783056320371,4.3185850100788254,1
300583,46.66033755274262,0.12025001347769693,657.5,0.2727272727272727,14.71,1.6689478762657752,4.3185850100788254,2
300584,82.51054852320675,0.0975608274475677,548.840874428063,0.2970861486486487,38.265,1.9165094742780457,4.3185850100788254,2
300585,88.39240506329114,0.10446407580694621,913.2867132867132,0.2689655172413793,17.3,1.946414950750575,4.3185850100788254,2
300586,100.4873417721519,0.09849163245172712,1418.1939249301904,0.2347711811997526,10.375,2.0021113578287486,4.3185850100788254,1
300587,110.22995780590718,0.10192654462092615,2427.772227772228,0.2307692307692307,6.04,2.0422996411733534,4.3185850100788254,1
300588,65.71186440677967,0.10840219038969225,967.7685950413224,0.2781456953642384,22.51,1.8176437893650659,4.3185850100788254,2
300589,151.35864978902953,0.08975783571541057,1257.6614583333333,0.2425809292519548,14.850000000000001,2.1800072449047754,4.3185850100788254,1
300590,93.542194092827,0.09500892645622841,1100.0,0.2238805970149253,12.535,1.971007552350679,4.3185850100788254,1
300591,94.61181434599156,0.09684272514716846,1861.0360643377735,0.24341649341649335,7.15,1.9759453709145354,4.3185850100788254,1
300592,108.5253164556962,0.09551979506709028,957.579365079365,0.23956521739130435,13.17,2.0355310608987796,4.3185850100788254,1
300593,246.5042194092827,0.0918670668509543,848.6501847115658,0.23858423686405333,26.89,2.3918243574894564,4.3185850100788254,3
300594,52.64978902953587,0.11689516476735316,605.0,0.3396226415094339,19.66,1.7213966352842407,4.3185850100788254,0
300595,95.71518987341773,0.09402055605543731,1028.3650260999254,0.23660287081339704,15.565000000000001,1.9809808652033905,4.3185850100788254,1
300596,99.27848101265823,0.10406654694820577,458.48770076887297,0.2760063482902899,42.805,1.9968551237196492,4.3185850100788254,2
300597,58.11603375527426,0.10840716012905366,1345.0,0.25,9.25,1.7642959673435463,4.3185850100788254,2
300598,111.07594936708861,0.09932317431413581,621.7043615299428,0.2857142857142857,42.56,2.0456200338474204,4.3185850100788254,2
300599,68.13080168776372,0.10948791871990078,1222.132616487455,0.24103448275862072,9.165,1.833343499265591,4.3185850100788254,1
300600,62.962025316455694,0.09847870957424683,1280.6785508913167,0.2666666666666666,12.06,1.7990786896434758,4.3185850100788254,2
300601,118.56118143459915,0.0903995009459948,1095.486693838408,0.23426265590608947,15.13,2.0739425183003233,4.3185850100788254,1
300602,296.40928270042195,0.09061671221650466,792.0283152600471,0.2358641130870953,30.965,2.471891800395156,4.3185850100788254,3
300603,116.4789029535865,0.08740109577767277,1820.2051282051282,0.2368773117179507,10.375,2.066247271623431,4.3185850100788254,1
300604,553.9240506329113,0.087097859404969,437.3565952155333,0.24735648389370765,115.445,2.743450222034933,4.3185850100788254,3
300605,77.26582278481013,0.10057744876822239,821.9131097560976,0.25380974370815057,14.28,1.8879874336563827,4.3185850100788254,1
300606,174.09915611814347,0.09684835324399553,609.9555555555555,0.2629728092610042,30.405,2.2407966660390892,4.3185850100788254,1
300607,173.69198312236287,0.0882423446884458,868.2512474422945,0.25,28.985,2.2397797737374354,4.3185850100788254,3
300608,122.02742616033755,0.09301995175210863,1366.8708452041785,0.2454545454545454,11.86,2.0864574510966163,4.3185850100788254,1
300609,88.39662447257385,0.10695647985055673,619.1503267973856,0.294207650273224,35.0,1.9464356812922103,4.3185850100788254,2
300610,53.926160337552744,0.10742362244066848,828.2861292665214,0.25,11.445,1.7317994986568213,4.3185850100788254,2
300611,81.38396624472574,0.09945364564139807,871.2316176470588,0.2668174962292609,25.9,1.9105388513592934,4.3185850100788254,1
300612,98.35232067510549,0.09650961925054125,1042.439898289413,0.2608695652173913,15.98,1.9927846117846089,4.3185850100788254,1
300613,116.05485232067511,0.09602627342178337,470.2970297029703,0.2784090909090909,47.59,2.064663303275681,4.3185850100788254,1
300614,48.755274261603375,0.12123096396603669,784.4965675057208,0.2777777777777778,13.15,1.6880216038050242,4.3185850100788254,2
300615,77.19198312236287,0.10194383405366111,727.9973466617303,0.245855847605092,13.72,1.8875721984379223,4.3185850100788254,1
300616,71.23839662447257,0.10568310072726994,724.0090968161144,0.2508503401360544,14.01,1.8527141361564472,4.3185850100788254,1
300617,100.41983122362869,0.10194178188853124,517.8947368421052,0.29038208168642954,39.379999999999995,2.0018194871169146,4.3185850100788254,2
300618,153.20464135021098,0.0914848487007982,654.973075704783,0.2654443891377689,41.685,2.1852719224914403,4.3185850100788254,1
300619,129.8945147679325,0.09889637124493118,533.4609914668833,0.2787753900500441,42.905,2.1135908119173967,4.3185850100788254,1
300620,546.0126582278481,0.09417116018935939,361.8131868131868,0.2710027100271002,154.61,2.737202711083458,4.3185850100788254,3
300621,47.25105485232068,0.11407034783693792,1009.0230664857531,0.25,8.78,1.674411508325249,4.3185850100788254,2
300622,93.24261603375527,0.09520495940295123,774.6520146520147,0.27529583831937243,25.035,1.9696144496735766,4.3185850100788254,1
300623,203.8438818565401,0.08732762482207262,907.3927216113652,0.24,28.655,2.3092976811263246,4.3185850100788254,3
300624,238.3122362869198,0.09093628963621425,447.8077168367347,0.27389106327462487,70.07,2.3771463420336434,4.3185850100788254,3
300625,37.72573839662447,0.11458286505489675,679.2405063291139,0.25,11.98,1.576637748870189,4.3185850100788254,2
300626,100.23206751054852,0.10196456874015798,871.8081566688849,0.25652371227592463,15.815000000000001,2.0010066887451203,4.3185850100788254,1
300627,151.8776371308017,0.09109861636368764,757.8825536062378,0.24596669268800414,32.025,2.181493831889956,4.3185850100788254,1
300628,151.30168776371306,0.0888261206738856,586.6978609625669,0.2607539315448658,36.019999999999996,2.1798437725861683,4.3185850100788254,1
300629,114.14978902953587,0.09607363117895562,1020.188492063492,0.2620999219359875,22.36,2.057475113168408,4.3185850100788254,1
300630,113.084388185654,0.08501921450958418,1335.3658536585365,0.2571428571428571,19.21,2.0534026527343414,4.3185850100788254,1
300631,56.85443037974684,0.11259861243317192,581.5031503150315,0.3072203869749882,27.665,1.7547643127266126,4.3185850100788254,2
300632,97.01898734177215,0.09350913862590592,1113.9795117075957,0.24769794298699316,14.315000000000001,1.986856737264116,4.3185850100788254,1
300633,89.29746835443038,0.10389755403118206,506.9296375266525,0.2741935483870967,27.380000000000003,1.9508391465113193,4.3185850100788254,2
300634,202.38396624472574,0.09022457789088068,896.8278172182781,0.24157196969696965,24.71,2.3061761027958885,4.3185850100788254,3
300635,55.73839662447257,0.11222704033370354,870.8333333333334,0.2758620689655172,13.67,1.7461544716044233,4.3185850100788254,2
300636,49.92194092827005,0.11429151453934347,1142.6587301587301,0.2290411646586345,8.02,1.6982914620519898,4.3185850100788254,1
300637,80.63291139240506,0.09811783899589281,1077.8590425531916,0.25058139534883717,11.09,1.906512341044909,4.3185850100788254,1
300638,219.3945147679325,0.08553200033394973,1012.1100565287179,0.23447145061728394,24.29,2.3412257652815445,4.3185850100788254,3
300639,73.66666666666667,0.09440793845833981,1729.4444444444443,0.2312382739212007,6.17,1.8672710189654482,4.3185850100788254,1
300640,88.96413502109705,0.09986937830501977,1343.6227951153323,0.2253521126760563,6.87,1.9492149605589117,4.3185850100788254,1
300641,98.54430379746836,0.09242000326906175,1270.0,0.25,18.45,1.9936315256136976,4.3185850100788254,1
300642,50.345991561181435,0.10827296918850732,680.3940568475452,0.2763409961685823,16.855,1.7019648986799212,4.3185850100788254,2
300643,65.78059071729957,0.10703942004748909,903.3008658008657,0.26852134146341466,17.865000000000002,1.8180977691787379,4.3185850100788254,2
300644,62.26160337552743,0.10686769895212447,525.7536606373816,0.2807017543859649,27.29,1.794220300544662,4.3185850100788254,2
300645,76.16455696202532,0.10108063011823931,586.5036231884058,0.2727272727272727,17.215,1.8817529202012144,4.3185850100788254,2
300647,104.67721518987341,0.09554895241849012,1693.3333333333333,0.22756041426927495,6.720000000000001,2.019852160244509,4.3185850100788254,1
300648,71.10970464135022,0.11584869609726964,614.8198970840481,0.3150375939849624,47.735,1.8519288747744516,4.3185850100788254,0
300649,50.39662447257384,0.11051400610028653,652.1985815602836,0.27789303826648226,15.265,1.702401448706865,4.3185850100788254,2
300650,99.32489451476793,0.0988163664466486,1019.3589743589744,0.24709263015551045,14.99,1.997058112497312,4.3185850100788254,1
300651,105.41983122362869,0.09665910324878392,802.240099009901,0.2734006734006734,22.53,2.0229223165772368,4.3185850100788254,1
300652,52.4789029535865,0.11210452741922095,539.2307692307693,0.31558704453441294,42.43,1.719984747743678,4.3185850100788254,2
300653,37.17299578059072,0.11982824083851748,682.4561403508771,0.29478609625668445,20.57,1.5702275624019442,4.3185850100788254,0
300654,119.8860759493671,0.0932640791559103,1390.5523324371493,0.238095238095238,10.68,2.0787687453214385,4.3185850100788254,1
300655,323.7848101265823,0.0834784750354768,1635.7862300301324,0.23095521499776817,15.65,2.5102564706281485,4.3185850100788254,3
300656,74.27215189873418,0.10274549085985621,510.7916451779268,0.2865600218758545,24.810000000000002,1.8708260069801887,4.3185850100788254,2
300657,304.6497890295359,0.09005446373050828,1002.8679653679652,0.23725202775334694,29.335,2.483800881710972,4.3185850100788254,3
300658,147.12025316455697,0.09805166231144385,963.5363247863248,0.23831367409349055,11.739999999999998,2.167672463564683,4.3185850100788254,1
300659,83.64345991561181,0.09511999523171477,934.1076923076923,0.25,15.08,1.922431989128652,4.3185850100788254,1
300660,140.4620253164557,0.09397317098067222,661.0598913664951,0.2763618943334245,42.97,2.147558926200583,4.3185850100788254,1
300661,295.4345991561181,0.08607979694007356,411.5363864702198,0.2614508253894443,77.13,2.4704613553722243,4.3185850100788254,3
300662,71.28481012658227,0.10094883217780642,574.0740740740741,0.2857142857142857,25.064999999999998,1.8529969971588638,4.3185850100788254,2
300663,123.88818565400844,0.09421395325297881,1357.3115860517435,0.2494444444444444,14.82,2.093029892736735,4.3185850100788254,1
300664,52.31645569620253,0.1009448837567972,2519.117223502304,0.2389682024659312,5.51,1.7186383139912667,4.3185850100788254,1
300665,56.381856540084385,0.10293615263464016,1419.5238095238096,0.238252917060864,8.585,1.7511393722067305,4.3185850100788254,1
300666,282.0,0.09413248928777407,407.5187969924812,0.2666666666666666,96.69,2.450249108319361,4.3185850100788254,3
300667,99.1012658227848,0.09978128799201244,860.340909090909,0.25490951097420095,17.48,1.996079201774272,4.3185850100788254,1
300668,72.0084388185654,0.11745684529658607,535.7083333333333,0.30810147299509,25.175,1.857383395286516,4.3185850100788254,0
300669,33.28691983122363,0.14610696105315274,600.0,0.34552590266875977,26.6075,1.5222736100502594,4.3185850100788254,0
300670,70.24261603375527,0.10653928911278321,1453.393665158371,0.2352941176470588,6.96,1.8466006775544783,4.3185850100788254,1
300671,176.95991561181435,0.09286823776569611,591.6684618054309,0.2689437428243398,40.345,2.247874902519427,4.3185850100788254,1
300672,264.4177215189874,0.09738224174752858,418.9722280664844,0.29099445155783177,117.125,2.4222905586048014,4.3185850100788254,3
300673,49.70391725666882,0.1150211099266,885.1293103448276,0.2777777777777778,15.95,1.6963906176249752,4.3185850100788254,2
300674,128.72362869198312,0.09019647071423316,1176.1691279887482,0.25,20.14,2.1096582739335163,4.3185850100788254,1
300675,46.345991561181435,0.10883493697168455,780.2289603960396,0.2785947712418301,15.425,1.6660121782185948,4.3185850100788254,2
300676,105.4915611814346,0.09653924036147657,512.4287749287749,0.2746865810246092,44.955,2.023217719549149,4.3185850100788254,1
300677,194.98101265822783,0.08638856412628337,634.3112244897959,0.24001853568118625,40.925,2.2899923216227793,4.3185850100788254,3
300678,106.53164556962025,0.09542940307188072,783.8181818181818,0.2636173449980981,30.07,2.0274786355192225,4.3185850100788254,1
300679,150.45147679324896,0.09367435507979846,596.109022556391,0.2606868834490318,44.11,2.1773964550206735,4.3185850100788254,1
300680,132.89662447257382,0.09363853860970586,750.4375804375804,0.2647058823529412,38.614999999999995,2.1235139501560343,4.3185850100788254,1
300681,120.71518987341773,0.09557011915021396,689.1866028708134,0.2592592592592592,26.189999999999998,2.0817619218217773,4.3185850100788254,1
300682,185.0801687763713,0.08755978118368332,1163.926984126984,0.22783197437390795,15.565,2.2673598868653206,4.3185850100788254,3
300683,91.60970464135022,0.10394370313056775,521.0784313725491,0.29864864864864865,30.134999999999998,1.9619414829357484,4.3185850100788254,2
300684,227.92827004219407,0.09288165349762964,648.9522058823529,0.2531491103763187,48.885000000000005,2.357798194254107,4.3185850100788254,3
300685,86.0210970464135,0.09798660578925823,758.6420722135008,0.25549516908212555,21.32,1.9346049769086762,4.3185850100788254,1
300686,74.85021097046413,0.10051159137952886,990.5882352941176,0.25304029304029296,15.0,1.8741930287696429,4.3185850100788254,1
300687,153.4662447257384,0.09464379834270406,849.485596707819,0.25,23.115000000000002,2.1860128661881215,4.3185850100788254,1
300688,107.47468354430379,0.09919693050151313,847.2222222222222,0.27596081684243784,28.16,2.0313061750250068,4.3185850100788254,1
300689,55.76160337552743,0.11681818514795367,443.9560439560439,0.3333333333333333,46.62,1.7463352530227472,4.3185850100788254,0
300690,72.63924050632912,0.09665549234810772,837.3351648351648,0.2776323443862711,26.759999999999998,1.8611712946865602,4.3185850100788254,2
300691,80.22151898734177,0.10101245654596361,761.7857142857142,0.25,17.155,1.904290881050951,4.3185850100788254,1
300692,49.40717299578059,0.10822172459652153,2033.669082125604,0.24847560975609756,8.085,1.6937900049224626,4.3185850100788254,2
300693,238.5337552742616,0.08891412864690772,588.9287098024022,0.25380867682313824,40.08,2.3775498453972554,4.3185850100788254,3
300694,63.41772151898734,0.10582708968560786,878.9971751412429,0.25,12.06,1.8022106345768043,4.3185850100788254,1
300695,36.5084388185654,0.13493106747386685,311.01190476190476,0.3788443616029823,66.9625,1.5623932619560614,4.3185850100788254,0
300696,127.56118143459915,0.1016417760923859,698.3032258064516,0.267156862745098,27.28,2.1057185328988544,4.3185850100788254,1
300697,114.65400843881856,0.0923428790528765,956.5124990444156,0.2365312888520513,15.65,2.0593892427766303,4.3185850100788254,1
300698,72.08860759493672,0.10432794953966365,522.9020979020979,0.3125,36.629999999999995,1.8578666371246777,4.3185850100788254,2
300699,245.60970464135022,0.08630364697723619,813.1610323787029,0.22665292532107179,32.135000000000005,2.3902455228474695,4.3185850100788254,3
300700,86.4071729957806,0.11027156619817535,1032.9931972789118,0.2567121320890165,14.075,1.93654979645089,4.3185850100788254,2
300701,60.78691983122363,0.10826819644621463,1042.901855577912,0.2585238279736536,11.315000000000001,1.7838101375579232,4.3185850100788254,2
300702,62.27215189873418,0.10930972829864635,507.07455113192816,0.2727272727272727,22.41,1.7942938736160239,4.3185850100788254,2
300703,80.06751054852322,0.09930425623070097,888.0882352941176,0.2764557670772676,17.534999999999997,1.9034563256740649,4.3185850100788254,2
300705,60.5,0.09806428475940387,1205.4107142857144,0.2654871499808208,15.56,1.7817553746524688,4.3185850100788254,2
300706,156.29113924050634,0.09263827698570348,567.4275479422538,0.2592592592592592,35.79,2.193934356854531,4.3185850100788254,1
300707,84.04008438818565,0.10028284173844917,830.837789661319,0.25677655677655675,15.485,1.924486479827501,4.3185850100788254,1
300708,149.75316455696202,0.085010420639717,2138.9950423466225,0.2352941176470588,9.53,2.175376008591265,4.3185850100788254,3
300709,159.8523206751055,0.09603957743429241,587.59941089838,0.2679375804375804,42.05,2.2037189455753436,4.3185850100788254,1
300710,65.87552742616033,0.10954626809050357,608.6873456911079,0.2941176470588235,29.0,1.818724105372088,4.3185850100788254,2
300711,88.28270042194092,0.09744610504555876,712.9415760869565,0.2700138026224983,21.46,1.9458756090434335,4.3185850100788254,1
300712,51.50210970464135,0.11109975852799128,737.5,0.30262721785535096,27.73,1.7118250196104703,4.3185850100788254,2
300713,69.5632911392405,0.10299824631715337,662.0108442358268,0.2764557670772676,17.134999999999998,1.8423801209126058,4.3185850100788254,2
300715,63.280590717299575,0.11292975994536786,804.9411764705883,0.25,12.6375,1.8012705245993887,4.3185850100788254,2
300716,24.953264678538225,0.12829986474479024,2424.278846153846,0.2971780604133545,13.015,1.3971273731706955,4.3185850100788254,0
300717,40.43037974683544,0.12025811988651126,516.1904761904761,0.2941176470588235,19.225,1.6067078205120227,4.3185850100788254,0
300718,146.59282700421943,0.09404010935516258,500.3424657534247,0.2758620689655172,71.63499999999999,2.1661127201775487,4.3185850100788254,1
300719,84.4493670886076,0.0941984228358259,1015.283764367816,0.25324894514767926,15.92,1.9265963990703754,4.3185850100788254,1
300720,100.32278481012659,0.11366111067965196,666.5366795366796,0.29716350013379716,32.735,2.0013995790177916,4.3185850100788254,2
300721,88.40506329113924,0.09588158326076066,830.7893925377737,0.2626765083440308,15.2,1.946477139407072,4.3185850100788254,1
300722,70.48523206751055,0.10116940060105134,824.5,0.2802439024390244,29.09,1.8480981339640463,4.3185850100788254,2
300723,163.60337552742618,0.09313036979139798,633.6632609621115,0.263578947368421,34.879999999999995,2.2137922599576227,4.3185850100788254,1
300724,335.6898734177215,0.08935713403429216,455.9395424836601,0.2623692604406201,88.805,2.5259382403092627,4.3185850100788254,3
300725,105.27215189873418,0.09762957555473722,633.6309523809524,0.2857142857142857,38.120000000000005,2.0223135005658657,4.3185850100788254,2
300726,147.47046413502107,0.09381084390669323,538.9200561009818,0.2553579571363429,44.705,2.1687050471098708,4.3185850100788254,1
300727,76.63713080168776,0.10422925036989669,641.5184678522571,0.2888888888888888,33.5,1.8844392369327012,4.3185850100788254,2
300729,34.13080168776371,0.1137687620032747,1175.855,0.2692307692307692,13.955,1.533146489406179,4.3185850100788254,2
300730,100.28270042194093,0.09647165522205928,1081.4747718733224,0.24456264775413705,13.52,2.001226020166088,4.3185850100788254,1
300731,200.7911392405063,0.09965054539480991,544.042487684729,0.2791745233605698,54.035,2.3027445438123197,4.3185850100788254,1
300732,54.73839662447257,0.10218585403640994,1435.0985221674878,0.245029624753127,7.57,1.7382920720777164,4.3185850100788254,1
300733,59.820675105485236,0.10924217208283973,1141.0818713450292,0.27806414662084766,17.33,1.7768513099479324,4.3185850100788254,2
300735,189.26160337552741,0.08790597026724362,838.7716589466461,0.2394366197183098,23.060000000000002,2.2770625150016164,4.3185850100788254,3
300736,95.57594936708861,0.10660910517962899,866.2783751493429,0.2740830755634114,18.465,1.9803486206103975,4.3185850100788254,2
300737,117.1350210970464,0.09515750040171711,2080.4,0.2266984884645982,6.265,2.068686760104838,4.3185850100788254,1
300738,490.57383966244726,0.08262059627163755,1289.1414141414143,0.218065268065268,20.07,2.6907043853029706,4.3185850100788254,3
300739,198.42827004219407,0.09194940536308642,961.9795842018066,0.2367880415592197,18.58,2.297603546087808,4.3185850100788254,3
300740,131.5,0.09492714010832648,945.226480836237,0.2528501101178908,20.695,2.1189257528257768,4.3185850100788254,1
300741,38.16244725738396,0.1151090346791678,657.1666666666667,0.2857142857142857,17.509999999999998,1.5816362170881022,4.3185850100788254,2
300742,29.333333333333332,0.10461303061017795,3143.478260869565,0.3103448275862069,5.47,1.467361417430506,4.3185850100788254,2
300743,56.35232067510549,0.10360381546090516,617.156862745098,0.2644284128745838,17.52,1.750911805664109,4.3185850100788254,2
300745,102.59915611814347,0.10260081950754582,577.1352621643488,0.27959077959077955,27.175,2.0111437887022996,4.3185850100788254,2
300746,57.835443037974684,0.10659734925894976,755.1339285714286,0.2641509433962264,12.46,1.7621940667652636,4.3185850100788254,2
300747,223.9915611814346,0.08931032801992353,759.3223785932493,0.23598008385744235,28.369999999999997,2.3502316567208883,4.3185850100788254,3
300748,385.34599156118145,0.0848776997815262,935.9847130341498,0.22739539476967274,32.025,2.5858508457356404,4.3185850100788254,3
300749,101.60548523206751,0.10503835708748893,719.4857430151548,0.26000711617149974,12.405000000000001,2.006917154224626,4.3185850100788254,1
300750,916.1708860759493,0.08302242166855833,321.0261936339523,0.2582982109441947,370.395,2.961976486722471,4.3185850100788254,3
300751,383.88396624472574,0.09260322156391534,264.83983983983984,0.29753753753753753,217.51,2.584199973235253,4.3185850100788254,3
300752,77.12236286919831,0.09956571742225556,788.6973180076628,0.2547237076648841,18.145,1.887180326980538,4.3185850100788254,1
300753,87.12869198312237,0.09842816763109305,630.3977036359098,0.2796396396396396,25.729999999999997,1.9401611942501176,4.3185850100788254,2
300755,66.79746835443038,0.10646498390488743,718.8392857142858,0.2727272727272727,16.755,1.8247600028866822,4.3185850100788254,2
300756,70.66244725738396,0.11268822943083892,549.1486291486292,0.3055555555555556,37.535,1.8491886743098782,4.3185850100788254,2
300757,313.9240506329114,0.09842327576289253,283.9622641509434,0.3178571428571428,273.99,2.496824589535775,4.3185850100788254,3
300758,111.80801687763713,0.09070405489466057,1318.9256656804732,0.2532183528635088,13.3,2.048472944524418,4.3185850100788254,1
300759,279.4978902953586,0.08385467112639342,893.6078381647224,0.22901918299493806,28.775,2.446378534095279,4.3185850100788254,3
300760,246.38185654008439,0.08562188224082493,285.463691026827,0.27689129052765415,196.765,2.3916087234004952,4.3185850100788254,3
300761,99.4873417721519,0.10584745256288647,744.5670628183361,0.2689437428243398,20.17,1.9977678269947727,4.3185850100788254,2
300762,412.9704641350211,0.08824464406039063,1007.1535469136268,0.2289977477477477,35.405,2.615918991797142,4.3185850100788254,3
300763,298.24894514767936,0.08922798868199092,464.8580586080586,0.2605551311433665,79.435,2.4745789163244343,4.3185850100788254,3
300765,198.56540084388186,0.09349360231874983,608.8709677419355,0.2621359223300971,31.48,2.2979035768298988,4.3185850100788254,3
300766,270.3607594936709,0.08632899990274577,979.3103448275863,0.2424409748667174,30.82,2.4319436577871643,4.3185850100788254,3
300767,88.76582278481013,0.10339473250901757,893.9435336976321,0.26377724187209717,20.365000000000002,1.9482457829737765,4.3185850100788254,1
300768,84.45147679324896,0.10096464099097219,765.1446280991736,0.2547237076648841,17.17,1.9266072484310202,4.3185850100788254,1
300769,287.9704641350211,0.08870748520402377,618.1160225908302,0.24749118979694573,45.875,2.4593479463669596,4.3185850100788254,3
300770,56.40506329113924,0.10433446914835526,524.8076923076924,0.2727272727272727,40.0,1.751318090875231,4.3185850100788254,2
300771,63.04852320675106,0.09916369795240992,1021.2158808933003,0.23294573643410849,13.25,1.7996749184956153,4.3185850100788254,1
300772,157.06751054852322,0.09492746495775978,1077.2238514173998,0.24747371644380928,15.945,2.19608636041411,4.3185850100788254,1
300773,293.55274261603375,0.08510868658893858,1192.532126034664,0.2222222222222222,22.515,2.467686142276092,4.3185850100788254,3
300774,146.873417721519,0.0957885061595998,801.4507154213036,0.25,14.23,2.1669432009535843,4.3185850100788254,1
300775,256.23417721518985,0.08755864991520443,855.5753373313344,0.232491408361416,29.92,2.408637056657775,4.3185850100788254,3
300776,184.34599156118145,0.09417545294391746,391.13910969793324,0.2746489403640417,75.29499999999999,2.2656336986994647,4.3185850100788254,1
300777,160.87130801687763,0.09379615117285324,794.2775974025974,0.24655297735532566,35.230000000000004,2.206478593004619,4.3185850100788254,1
300778,67.39451476793249,0.10621902427308459,943.8048245614035,0.2745098039215686,13.07,1.8286245507940737,4.3185850100788254,2
300779,164.72362869198312,0.10414513805695066,366.59270739864587,0.32,87.875,2.2167559007757514,4.3185850100788254,2
300780,132.84599156118145,0.09675972722527285,754.0064102564102,0.2582839587447882,20.29,2.1233484547257966,4.3185850100788254,1
300781,116.75527426160338,0.09531961959859798,603.7974683544304,0.2954545454545454,36.12,2.0672765083471236,4.3185850100788254,2
300782,281.9556962025316,0.08726327664413493,431.3581120452843,0.26440418118466896,89.00999999999999,2.45018087283584,4.3185850100788254,3
300783,85.83333333333334,0.09093026603423388,1026.2112403100775,0.25,20.05,1.9336559786575473,4.3185850100788254,1
300785,180.5,0.09009522447252397,643.0917789836046,0.2689089881288863,41.405,2.256477206241677,4.3185850100788254,3
300786,80.20464135021098,0.09921567801481765,913.03841265358,0.2603453196347032,16.384999999999998,1.9041995011327995,4.3185850100788254,1
300787,61.51476793248945,0.10403676437124867,883.28173374613,0.25,12.17,1.788979389948801,4.3185850100788254,1
300788,82.09915611814345,0.10176672432429745,537.0611485700999,0.2895058494848961,29.765,1.9143386931107047,4.3185850100788254,2
300789,40.45147679324894,0.11188333654028983,551.4705882352941,0.30247858017135865,21.88,1.6069343813611814,4.3185850100788254,2
300790,172.47257383966246,0.09149641627681862,757.0113980968315,0.23443556287535672,25.84,2.2367200444697253,4.3185850100788254,3
300791,38.90084388185654,0.11786633070976293,564.4347826086956,0.3,23.200000000000003,1.5899590226434057,4.3185850100788254,0
300792,104.4113924050633,0.09536783623097697,765.9976986598078,0.2738284066330209,29.854999999999997,2.0187478874471187,4.3185850100788254,1
300793,85.90084388185653,0.09494212093203885,1291.022544283414,0.25,15.93,1.9339974303205725,4.3185850100788254,1
300795,43.35232067510549,0.1167146657863076,954.631217838765,0.2857142857142857,14.045,1.637012350472357,4.3185850100788254,2
300796,47.14978902953587,0.11235700413306288,1393.005698005698,0.25789823744595936,9.375,1.6734797538387045,4.3185850100788254,2
300797,54.356540084388186,0.11239711611404196,797.1844168985581,0.2653061224489796,15.245000000000001,1.7352518051230086,4.3185850100788254,2
300798,124.81856540084388,0.09597123078217693,1543.1817292846113,0.23537077732917666,7.6899999999999995,2.0962791867204476,4.3185850100788254,1
300799,23.568376068376068,0.10992316901322996,300.0,0.3870967741935484,148.31,1.3723296593660665,4.3185850100788254,0
300800,49.280590717299575,0.1182975476658562,696.060794044665,0.2592592592592592,11.805,1.6926759049949645,4.3185850100788254,2
300801,94.0928270042194,0.0992354481368381,713.5107816711591,0.275,26.57,1.9735565170380567,4.3185850100788254,2
300802,73.5042194092827,0.10054935509688358,670.6753154733788,0.2704444134856506,19.615000000000002,1.8663122698810963,4.3185850100788254,2
300803,455.789029535865,0.08943406206260851,454.8595165237235,0.25937646507266754,98.11,2.658763867861963,4.3185850100788254,3
300805,90.01898734177215,0.10023564282758099,1036.7521367521367,0.2419354838709677,10.305,1.9543341230841964,4.3185850100788254,1
300806,181.1054852320675,0.10223244879353434,721.1963431615911,0.2685893931109896,33.19499999999999,2.2579316042066204,4.3185850100788254,1
300807,49.57805907172996,0.1155746497653756,526.6666666666666,0.3157894736842105,44.43,1.6952895205976513,4.3185850100788254,0
300808,41.630801687763714,0.1321357421550426,661.25,0.3333333333333333,25.955,1.6194147742117742,4.3185850100788254,0
300809,94.12869198312237,0.09742385186676378,632.3573825503356,0.283641975308642,33.765,1.9737220237527346,4.3185850100788254,2
300810,71.11181434599156,0.10471229143515297,459.6168730650155,0.2962962962962963,31.95,1.8519417593659082,4.3185850100788254,2
300811,204.34388185654007,0.09855155007957934,445.87472611283823,0.2981612685560054,76.61500000000001,2.310361639279221,4.3185850100788254,2
300812,154.38185654008439,0.09352106643489938,807.556092843327,0.26302224633749316,28.715,2.1885962592929538,4.3185850100788254,1
300813,45.25949367088607,0.11385635794606244,561.25,0.3223864155315768,24.915,1.6557096910864468,4.3185850100788254,0
300814,218.13080168776372,0.09845804488127113,482.71004527922184,0.28248081841432227,76.65,2.338716995512302,4.3185850100788254,3
300815,58.67299578059072,0.10117936346115959,1042.8822937625755,0.2653061224489796,20.465,1.7684382633955347,4.3185850100788254,2
300816,82.48798541085604,0.11538853356841916,379.7899159663866,0.3299232736572889,48.8,1.9163906970378373,4.3185850100788254,0
300817,55.53586497890295,0.1093313090858962,758.215811965812,0.28308080808080804,18.85,1.7445735404538731,4.3185850100788254,2
300818,79.88818565400844,0.10939008116515711,441.0678137651822,0.3160580021482277,31.185000000000002,1.9024825579792315,4.3185850100788254,2
300819,138.06540084388183,0.10416378694944979,535.3902912621359,0.286535303776683,35.72,2.1400848581209395,4.3185850100788254,2
300820,98.04430379746836,0.10130913537069657,454.0081591024987,0.294540837917901,54.365,1.991422366987092,4.3185850100788254,2
300821,288.62025316455697,0.08562002626423704,1524.8475609756097,0.2214824774462179,12.44,2.4603268032958976,4.3185850100788254,3
300822,51.8244617548415,0.10912504330903267,761.3122605363985,0.2816901408450704,15.18,1.7145348002378495,4.3185850100788254,2
300823,53.54852320675106,0.1077738381895878,529.7239263803681,0.276759410801964,16.355,1.7287474980996616,4.3185850100788254,2
300824,53.860759493670884,0.10679967766258083,828.5521235521235,0.24918300653594772,10.105,1.7312724731301652,4.3185850100788254,2
300825,87.30590717299577,0.1018884627957857,1485.2125744356736,0.2446712018140589,10.61,1.941043629339518,4.3185850100788254,1
300826,42.244725738396625,0.11473683522513992,801.5151515151515,0.2579385080645161,16.585,1.6257724949260817,4.3185850100788254,2
300827,253.47257383966246,0.08742249040463847,905.4042749108578,0.25,36.415,2.403930974815438,4.3185850100788254,3
300828,73.83544303797468,0.10243582016595149,736.9318181818182,0.2684746996723698,17.04,1.868264885139574,4.3185850100788254,2
300829,46.40466101694915,0.10837253885809162,1014.3965517241379,0.2857142857142857,17.99,1.6665616045263623,4.3185850100788254,2
300830,120.01898734177215,0.09087887629309149,1472.738594253083,0.24901574803149606,10.075,2.079249958093002,4.3185850100788254,1
300831,81.31223628691983,0.09594158571814267,1214.0221402214022,0.25,14.74,1.9101559053974833,4.3185850100788254,1
300832,111.59282700421942,0.09687199983122757,382.19104733347615,0.29611761477958654,56.120000000000005,2.047636279793283,4.3185850100788254,2
300833,33.556193234642066,0.13169833216826693,320.7142857142857,0.3565375302663438,40.9,1.525772686633368,4.3185850100788254,0
300834,33.71308016877637,0.11752930672775969,564.0988372093022,0.2865697177074422,24.31,1.5277984333038876,4.3185850100788254,2
300835,109.93459915611814,0.1065453948068103,443.6908909905426,0.30793420416061923,66.645,2.041134397225759,4.3185850100788254,2
300836,49.70675105485232,0.130428191643428,371.67708333333337,0.36085106382978727,55.125,1.696415377601649,4.3185850100788254,0
300837,62.74050632911393,0.10753787185314995,362.37373737373736,0.3225806451612903,31.825,1.797548019223902,4.3185850100788254,2
300838,50.143459915611814,0.11617953699978413,575.733137829912,0.2666666666666666,15.434999999999999,1.7002142971215226,4.3185850100788254,2
300839,70.85654008438819,0.1049228308984685,793.4426229508197,0.25,12.37,1.8503799419719835,4.3185850100788254,1
300840,120.08649789029536,0.09820229723735824,937.7083333333333,0.25934955644671276,19.28,2.079494179581222,4.3185850100788254,1
300841,57.41772151898734,0.11889500029990094,407.6923076923077,0.3333333333333333,61.144999999999996,1.7590459545944088,4.3185850100788254,0
300842,192.3565400843882,0.09787009383611169,385.3571428571429,0.28492762743864064,76.80000000000001,2.2841069568205064,4.3185850100788254,1
300843,157.24050632911394,0.0996727582324492,454.7919293820934,0.2928931875525651,49.86,2.1965644336190904,4.3185850100788254,2
300844,39.898501752127586,0.12574588315307633,379.10891089108907,0.3684210526315789,34.254999999999995,1.6009565875915008,4.3185850100788254,0
300845,71.5590717299578,0.10321228641550272,854.3735224586288,0.25588968957871394,12.83,1.854664698228876,4.3185850100788254,1
300846,384.84599156118145,0.08486906001383498,1166.7970073404856,0.22969508043237713,21.46,2.585286967439799,4.3185850100788254,3
300847,56.64978902953587,0.10048533333172796,1152.7902621722847,0.2772689675915482,16.630000000000003,1.7531982968387978,4.3185850100788254,2
300848,52.664556962025316,0.11198455868536819,965.3872633390705,0.28297101449275364,16.405,1.7215184350556,4.3185850100788254,2
300849,45.905036472859905,0.12306493851635236,649.5206884251828,0.3043478260869565,16.915,1.6618603367872915,4.3185850100788254,0
300851,36.69620253164557,0.12252849029357094,390.73756432247,0.3333333333333333,27.490000000000002,1.564621124064556,4.3185850100788254,0
300852,112.17510548523207,0.09887832180670347,501.5922619047619,0.2830188679245283,40.010000000000005,2.0498964865994305,4.3185850100788254,2
300853,67.91772151898735,0.10525607102869577,563.2382382382382,0.2792952033639713,22.4,1.8319831079142095,4.3185850100788254,2
300854,57.79535864978903,0.11279657910510578,611.8421052631579,0.30470085470085473,17.729999999999997,1.7618929630966436,4.3185850100788254,2
300855,118.42405063291139,0.10311658954803944,553.6375661375662,0.28821194075431367,33.475,2.0734399118163713,4.3185850100788254,2
300856,63.11603375527426,0.10571852137902588,883.2976827094474,0.26289207868155234,14.16,1.8001396997653831,4.3185850100788254,2
300857,340.72151898734177,0.09389515081880931,345.9634220997857,0.2781877818778188,185.29500000000002,2.5323995632195726,4.3185850100788254,3
300858,59.25105485232068,0.10668973430379296,880.6298533218292,0.2759907359752959,17.18,1.772696086538076,4.3185850100788254,2
300859,62.972573839662445,0.09851040932507134,829.5399515738499,0.2857142857142857,33.22,1.799151444318717,4.3185850100788254,2
300860,46.689873417721515,0.11242486641699687,715.8653846153846,0.3163646821972965,26.99,1.669222696503957,4.3185850100788254,2
300861,108.33544303797468,0.09076578160061778,748.1162974683544,0.24217986314760503,18.9,2.034770563713023,4.3185850100788254,1
300862,62.80801687763713,0.11571988806792505,722.5865209471767,0.3043478260869565,24.240000000000002,1.798015081054195,4.3185850100788254,2
300863,64.38396624472574,0.11872567064396747,559.3721535458686,0.3174242424242424,52.724999999999994,1.8087777270116177,4.3185850100788254,0
300864,31.27180177753838,0.12545971029776234,555.0862068965517,0.3009433962264151,21.005000000000003,1.4951529045719871,4.3185850100788254,0
300865,34.5898769934921,0.12267341295423934,454.1958041958042,0.3333333333333333,26.59,1.538949017604341,4.3185850100788254,0
300866,163.55274261603375,0.0940401838308477,307.23399703801215,0.3157894736842105,104.38,2.2136578312064765,4.3185850100788254,2
300867,62.244725738396625,0.10045362993529883,968.627450980392,0.2555220395056923,19.28,1.7941025576994503,4.3185850100788254,1
300868,72.57594936708861,0.11549488594024565,461.2085769980506,0.31840463458110513,31.85,1.8607927255535384,4.3185850100788254,0
300869,43.58016877637131,0.10394787199018082,970.2380952380952,0.2727272727272727,14.83,1.6392889078401311,4.3185850100788254,2
300870,219.86919831223628,0.10247526794454415,258.1140350877193,0.3285268785268785,224.27,2.34216439288974,4.3185850100788254,2
300871,90.59915611814347,0.09923941851176163,739.2036124794745,0.2631578947368421,21.865000000000002,1.9571241524787941,4.3185850100788254,1
300872,128.77848101265823,0.094738879544985,1054.5160285259294,0.24073509226780535,17.244999999999997,2.1098432981306106,4.3185850100788254,1
300873,47.98945147679325,0.11272252590980156,747.1022727272727,0.2857142857142857,22.17,1.6811457859406873,4.3185850100788254,2
300875,77.07594936708861,0.09906375241190075,677.9411764705883,0.3043478260869565,39.07,1.8869188827640813,4.3185850100788254,2
300876,39.62236286919831,0.13145046077953776,523.1200941915229,0.3333333333333333,26.705,1.5979403710121107,4.3185850100788254,0
300877,47.552742616033754,0.1172959292403711,579.4230769230769,0.3076923076923077,26.744999999999997,1.6771755700360027,4.3185850100788254,0
300878,53.34388185654008,0.12362352139865024,579.2307692307693,0.3333333333333333,26.835,1.7270846162944782,4.3185850100788254,0
300879,58.78691983122363,0.10586068975094301,734.2681151407932,0.2916666666666667,22.835,1.769280705718134,4.3185850100788254,2
300880,63.06962025316456,0.10358304788032233,1006.2820512820513,0.2795348837209302,20.3,1.7998202160820838,4.3185850100788254,2
300881,63.936708860759495,0.11228912907789453,394.72237493128097,0.3333333333333333,36.785,1.805750277221908,4.3185850100788254,0
300882,70.49367088607596,0.1018288864596008,809.0709728867623,0.2777777777777778,19.21,1.8481501265993177,4.3185850100788254,2
300883,56.90506329113924,0.10980481458464121,2418.8449848024316,0.25,6.595,1.7551509107108845,4.3185850100788254,2
300884,81.75527426160338,0.09915250944630849,957.781954887218,0.2445243804956035,13.13,1.9125157797888732,4.3185850100788254,1
300885,108.24683544303798,0.09675279139007477,864.9982219061167,0.265938915340843,23.205,2.0344152087693717,4.3185850100788254,1
300886,38.620253164556964,0.12902949403710046,423.81414612049434,0.3333333333333333,25.91,1.5868151163519657,4.3185850100788254,0
300887,110.542194092827,0.09501656786133272,1203.4007730898923,0.2381922218989428,9.68,2.043528080409958,4.3185850100788254,1
300888,65.13713080168776,0.09876170278519698,511.28725428027906,0.2790697674418604,35.315,1.813828624593637,4.3185850100788254,2
300889,54.620253164556964,0.11076458457488793,939.3939393939394,0.2747252747252747,22.08,1.7373537087607869,4.3185850100788254,2
300890,98.66455696202532,0.0973518622915304,650.5901639344263,0.27296841089944535,31.494999999999997,1.9941611700938724,4.3185850100788254,1
300891,67.4915611814346,0.10902938318762573,1144.279201042119,0.2428571428571428,8.915,1.8292494741428782,4.3185850100788254,1
300892,49.037974683544306,0.11758939930593126,532.0675105485232,0.3333333333333333,27.7,1.6905325250926506,4.3185850100788254,0
300893,44.61603375527426,0.1199360826139445,640.9722222222222,0.3157894736842105,23.72,1.6494909600589887,4.3185850100788254,0
300894,54.87552742616033,0.10640255884546224,1206.5176528277216,0.2692307692307692,11.96,1.7393787074127338,4.3185850100788254,2
300895,144.00210970464133,0.09390354973568474,560.0824350031705,0.2768543956043956,49.425,2.158368854778392,4.3185850100788254,1
300896,112.10759493670886,0.09690864795751769,295.6519886363636,0.3170731707317073,143.995,2.049635035675893,4.3185850100788254,2
300897,33.41772151898734,0.12841398967020512,617.3913043478261,0.3234524847428073,26.18,1.5239768355793897,4.3185850100788254,0
300898,65.3438818565401,0.10726611647272996,667.1747967479674,0.29057961701580776,24.045,1.8152049308556424,4.3185850100788254,2
300899,17.751496574107463,0.1567870000163644,752.2727272727273,0.3333333333333333,31.97,1.2492349729673413,4.3185850100788254,0
300900,292.95147679324896,0.0885168782106595,846.6403162055336,0.24313556584472915,32.945,2.4667956916643834,4.3185850100788254,3
300901,42.09282700421941,0.1286142288437926,832.9123554473524,0.3101019912578922,15.205,1.6242080944603823,4.3185850100788254,0
300902,56.664556962025316,0.11169613972289216,756.6666666666667,0.3022044573643411,20.44,1.753311497538488,4.3185850100788254,2
300903,312.98312236286915,0.09391654757647097,982.5117370892019,0.23420877659574466,20.409999999999997,2.49552091881705,4.3185850100788254,3
300905,85.78691983122363,0.10104569957010381,553.7981859410431,0.2884615384615384,32.385,1.9334210748164005,4.3185850100788254,2
300906,40.5,0.12989029479987657,490.0491400491401,0.3333333333333333,31.009999999999998,1.6074550232146685,4.3185850100788254,0
300907,41.05696202531645,0.11801496954634735,519.187675070028,0.3157894736842105,29.14,1.613386810975804,4.3185850100788254,0
300908,33.67721518987342,0.12396592609961674,413.8888888888889,0.3174242424242424,28.700000000000003,1.5273361719702998,4.3185850100788254,0
300909,66.20042194092827,0.11748288881205146,555.012894906512,0.3125,42.135,1.8208607575066615,4.3185850100788254,0
300910,81.6350210970464,0.10423209407182585,411.1686697057604,0.3056429113637036,49.7,1.9118765093216326,4.3185850100788254,2
300911,75.01898734177215,0.10923910501852392,544.6360153256705,0.3050071133627121,34.0,1.875171197446686,4.3185850100788254,2
300912,80.25738396624473,0.10265000926457182,674.4942196531792,0.28438995215311,19.86,1.9044849995600357,4.3185850100788254,2
300913,184.6856540084388,0.09476074593143058,519.2833876221498,0.2673048600883652,51.519999999999996,2.2664331616722513,4.3185850100788254,1
300915,25.221518987341774,0.1428090884396982,452.1428571428571,0.3571428571428571,25.2625,1.4017712387777086,4.3185850100788254,0
300916,59.49367088607595,0.10758002000115481,455.8441558441559,0.31400560224089635,31.259999999999998,1.7744707666452761,4.3185850100788254,2
300917,114.46413502109705,0.09773985510363033,600.7575757575758,0.29051627384960715,33.980000000000004,2.058669430759926,4.3185850100788254,2
300918,79.32911392405063,0.1061516576867876,1167.003164556962,0.2608695652173913,14.175,1.8994326034095297,4.3185850100788254,2
300919,250.2805907172996,0.09003669686771915,529.6197706135595,0.2649110807113543,50.245000000000005,2.3984271713372913,4.3185850100788254,3
300920,45.872443324036325,0.12621702053038242,419.5238095238095,0.3529411764705882,38.695,1.6615518727652172,4.3185850100788254,0
300921,140.1223628691983,0.0920317604408819,702.9124778237729,0.2605160834217038,24.935000000000002,2.146507452171219,4.3185850100788254,1
300922,67.73839662447257,0.10203675449625046,742.7954292084727,0.2727272727272727,19.865000000000002,1.83083491263065,4.3185850100788254,2
300923,35.6828799712721,0.1243255904095353,424.03846153846155,0.3333333333333333,24.935000000000002,1.5524598990997078,4.3185850100788254,0
300925,125.83966244725738,0.0928388039261067,1082.9198966408267,0.2529941193344807,18.759999999999998,2.0998175446637837,4.3185850100788254,1
300926,81.72784810126582,0.09875501767051106,679.6480828308113,0.2695360195360195,26.145,1.9123700640717523,4.3185850100788254,1
300927,78.29535864978902,0.09887495643019606,650.0,0.28804213840056136,24.075000000000003,1.893736017836618,4.3185850100788254,2
300928,42.523503007451296,0.12839653986508487,419.95948050854594,0.3483495670995671,32.455,1.6286290337003182,4.3185850100788254,0
300929,43.13291139240506,0.11591381388300256,782.2222222222222,0.2557297499066816,11.645,1.6348087732162697,4.3185850100788254,2
300930,46.65822784810126,0.11705803731643512,408.93236074270555,0.3333333333333333,29.59,1.6689282395926135,4.3185850100788254,0
300931,54.24894514767932,0.11653252727584668,1079.5711759504863,0.267852990998771,11.205,1.7343912978939122,4.3185850100788254,2
300932,82.915611814346,0.10271108989248642,1155.9519980942173,0.25,13.27,1.9186363096393328,4.3185850100788254,1
300933,83.15400843881856,0.10314379366675881,1771.3186007540844,0.23950997652582154,7.985,1.9198831892248178,4.3185850100788254,1
300935,55.20675105485232,0.12546314965300684,423.8418530351438,0.3549043062200956,30.134999999999998,1.74199218944284,4.3185850100788254,0
300936,72.64135021097047,0.11028867980532259,432.04954954954957,0.3237948152233866,41.975,1.8611839079761914,4.3185850100788254,2
300937,56.95569620253164,0.10724955575429151,593.7568157033807,0.313579163008487,29.895,1.7555371648614397,4.3185850100788254,2
300938,123.0253164556962,0.10838462978120131,755.6142995169082,0.2857142857142857,36.870000000000005,2.0899944908350423,4.3185850100788254,2
300939,88.85443037974683,0.0992557814500647,597.8636363636364,0.2824194084413426,35.975,1.948679087082315,4.3185850100788254,2
300940,70.4493670886076,0.10677035494525591,762.2852639873917,0.2792407660738714,20.115000000000002,1.847877095796547,4.3185850100788254,2
300941,71.10970464135022,0.10032278535091729,761.5079365079365,0.2748626373626374,21.965,1.8519288747744516,4.3185850100788254,2
300942,61.91983122362869,0.10676557843632212,945.2513648771611,0.23483455882352938,9.344999999999999,1.7918297639095482,4.3185850100788254,1
300943,141.0548523206751,0.09513181643564389,864.0625,0.2603092783505155,21.52,2.1493880305824646,4.3185850100788254,1
300945,103.46835443037975,0.09451003402886261,972.0483641536273,0.2542534220165799,15.305,2.014807542085133,4.3185850100788254,1
300946,43.60337552742617,0.12791502531979407,433.3333333333333,0.3475757575757576,46.2725,1.639520111199539,4.3185850100788254,0
300947,59.791139240506325,0.10556899966114883,762.3015873015872,0.28,17.27,1.7766368284017837,4.3185850100788254,2
300948,77.60126582278481,0.11245355231643481,806.8280871670702,0.29658564814814814,19.905,1.8898688054768333,4.3185850100788254,2
300949,44.917721518987335,0.1222318017896426,321.6666666666667,0.3677792041078305,39.315,1.6524177182744642,4.3185850100788254,0
300950,46.13502109704641,0.11220539866877723,627.3417148034885,0.2919871794871795,20.810000000000002,1.6640307235454346,4.3185850100788254,2
300951,53.08227848101266,0.11008452858438422,457.3341917241031,0.3214285714285714,36.849999999999994,1.7249495560630366,4.3185850100788254,2
300952,108.02742616033755,0.10595033998227499,500.0,0.2953782794386821,29.055,2.0335340288015016,4.3185850100788254,2
300953,193.10759493670886,0.10209113489767738,299.428562531141,0.3195160366552119,145.175,2.2857993549510067,4.3185850100788254,2
300955,54.93248945147679,0.12504706887207806,475.0,0.325,36.11,1.7398292809900622,4.3185850100788254,0
300956,75.39662447257383,0.10250535505399198,738.8888888888889,0.25,16.19,1.877351902822689,4.3185850100788254,1
300957,119.25738396624473,0.09413603927503847,474.4637494637494,0.2729915433403805,41.885000000000005,2.076485278416685,4.3185850100788254,1
300958,42.60970464135021,0.1149082432525671,810.5329451024013,0.2727272727272727,13.28,1.6295085238020406,4.3185850100788254,2
300959,100.45569620253164,0.0988881392643621,356.3380281690141,0.3214285714285714,85.09,2.001974567855681,4.3185850100788254,2
300960,39.949367088607595,0.12032205284476238,550.0,0.3278222681477654,22.79,1.6015099032469413,4.3185850100788254,0
300961,57.80801687763713,0.10378803380430973,1069.9078341013824,0.2727272727272727,13.375,1.7619880710206464,4.3185850100788254,2
300962,30.17932489451477,0.11755279540675131,1158.4173826834103,0.2727272727272727,16.335,1.4797095204671964,4.3185850100788254,2
300963,102.00210970464136,0.0948902293759879,1089.4694122351061,0.25,17.005000000000003,2.0086091543463187,4.3185850100788254,1
300964,100.542194092827,0.09849315650259063,492.9,0.2941176470588235,57.9,2.002348358433436,4.3185850100788254,2
300965,32.628691983122366,0.1289081417358505,374.48979591836735,0.34375,53.2,1.5135996641679452,4.3185850100788254,0
300966,44.58438818565401,0.1132653288041273,561.6546762589928,0.3018163563344286,21.345,1.6491828113632694,4.3185850100788254,2
300967,62.62658227848101,0.10302387920882147,1180.7407407407409,0.2822021116138763,17.74,1.7967587115879924,4.3185850100788254,2
300968,81.02320675105486,0.10136982419630637,1057.90625,0.25,12.085,1.9086094277728698,4.3185850100788254,1
300969,76.98945147679325,0.1186473030959174,311.0139318885449,0.3506604906501973,99.88499999999999,1.8864312254420244,4.3185850100788254,0
300970,95.82489451476793,0.10215602438954119,501.4818460192476,0.2745098039215686,20.48,1.981478349849902,4.3185850100788254,2
300971,66.35654008438819,0.1022208438553652,578.7698412698413,0.2857142857142857,23.54,1.8218837332680597,4.3185850100788254,2
300972,116.38185654008439,0.1122399428014085,195.76919552867878,0.38762755102040813,182.76999999999998,2.0658852808405768,4.3185850100788254,0
300973,59.40506329113924,0.11403003009322872,470.08474576271186,0.3320209973753281,38.445,1.7738234629220533,4.3185850100788254,0
300975,262.337552742616,0.08466317820916268,1424.6638655462184,0.2180651420210566,13.425,2.41886046284181,4.3185850100788254,3
300976,51.10126582278481,0.11302712287716785,360.50847457627117,0.3259648265754763,59.85,1.7084316581198729,4.3185850100788254,0
300977,51.262068225702635,0.11446007781386769,487.5979714153988,0.29504870129870125,19.035,1.7097961243002329,4.3185850100788254,2
300978,50.4535864978903,0.10782474899214142,1281.7378838327784,0.25385500575373987,11.64,1.702892043533898,4.3185850100788254,2
300979,68.5632911392405,0.10338546462343058,372.38095238095235,0.3029458974601076,49.980000000000004,1.8360916561920664,4.3185850100788254,2
300980,82.62658227848101,0.11165016671778463,536.7146144994247,0.31030061892130856,27.36,1.9171197892045406,4.3185850100788254,2
300981,56.61603375527426,0.10257519027588713,1069.0476190476188,0.2576036866359447,13.265,1.7529394415297466,4.3185850100788254,2
300982,82.44303797468353,0.10475667136750612,687.8406708595388,0.2833333333333333,21.490000000000002,1.916153986883641,4.3185850100788254,2
300983,24.98693256219991,0.14543886979836868,465.09029649595686,0.3466880341880342,28.185,1.3977129446788066,4.3185850100788254,0
300984,75.85443037974684,0.12283517895756943,383.16666666666663,0.3455667789001122,58.42,1.8799809514152501,4.3185850100788254,0
300985,65.84599156118144,0.10779324042054672,567.8815004262574,0.30320054477357844,22.67,1.818529342003245,4.3185850100788254,2
300986,164.75105485232066,0.09213248964873977,883.5051546391752,0.25,18.81,2.216828203934184,4.3185850100788254,1
300987,68.9704641350211,0.10202628900517914,722.6112185686654,0.25866188769414566,17.005000000000003,1.8386631485726777,4.3185850100788254,1
300988,77.83122362869199,0.10742790140551116,622.1929824561404,0.2894736842105263,22.905,1.8911538582916525,4.3185850100788254,2
300989,45.89662447257384,0.11687032883789561,1017.6169590643274,0.2857142857142857,15.805,1.6617807459546508,4.3185850100788254,2
300990,118.42405063291139,0.10197162598445264,378.6304347826087,0.3097968341019568,81.66499999999999,2.0734399118163713,4.3185850100788254,2
300991,94.37341772151899,0.11086614016148393,525.6325632563256,0.30189808481532143,38.5225,1.974849683253682,4.3185850100788254,2
300992,53.54430379746835,0.12616396935680596,521.9827586206897,0.3333333333333333,25.57,1.728713276084601,4.3185850100788254,0
300993,45.79746835443038,0.11259444536564744,994.0259740259739,0.262531328320802,12.26,1.6608414712333535,4.3185850100788254,2
300994,43.381856540084385,0.11311732850135842,709.5370370370371,0.27443553178847296,15.09,1.6373081338437168,4.3185850100788254,2
300995,49.57172995780591,0.11666720037688835,415.6081081081081,0.3333333333333333,34.305,1.695234075209755,4.3185850100788254,0
300996,82.14978902953587,0.10323918546316635,1027.6315789473683,0.2608695652173913,17.025,1.914606452452443,4.3185850100788254,1
300997,92.93881856540085,0.099988838436184,871.2470588235294,0.2666666666666666,18.244999999999997,1.9681971474435993,4.3185850100788254,1
300998,44.219409282700425,0.12701144241956652,605.331592096298,0.3233031674208145,24.005000000000003,1.645612936637604,4.3185850100788254,0
300999,135.10337552742618,0.08641583719736283,730.3137400793651,0.2246376811594203,29.384999999999998,2.1306661999074565,4.3185850100788254,1
301000,91.76582278481013,0.09952794079515515,586.5551051709027,0.2857142857142857,32.69,1.9626809629041202,4.3185850100788254,2
301001,50.56540084388186,0.10836733091676284,519.3667763157895,0.3125,28.63,1.7038534543452875,4.3185850100788254,2
301002,76.34599156118144,0.10653813397130694,502.13312422871246,0.2941176470588235,34.605000000000004,1.8827862399705748,4.3185850100788254,2
301003,45.838044411070584,0.129874544560523,487.44072664128765,0.34600042814328524,43.879999999999995,1.661226081044902,4.3185850100788254,0
301004,30.166979546592287,0.13534623468611662,290.4461890310947,0.3714285714285714,50.465,1.4795318288387078,4.3185850100788254,0
301005,273.2869198312236,0.09561379482652155,382.14327508191604,0.2965592488436064,98.715,2.4366188458124394,4.3185850100788254,3
301006,37.483122362869196,0.12632112981968724,535.624586913417,0.31762749445676275,16.985,1.5738357606704962,4.3185850100788254,0
301007,78.19409282700423,0.11115931580276169,685.7142857142857,0.3015873015873015,34.15,1.8931739455210137,4.3185850100788254,2
301008,63.462025316455694,0.10923520478281437,608.7433862433863,0.311542730299667,30.130000000000003,1.8025139279869782,4.3185850100788254,2
301009,42.358649789029535,0.11466642676256904,852.1284829721362,0.265761633950957,11.77,1.626942108222049,4.3185850100788254,2
301010,50.0337552742616,0.11429933226826502,562.3611111111111,0.3125,20.795,1.699263099998841,4.3185850100788254,0
301011,48.5506329113924,0.1134788226637739,577.3863636363636,0.3086080586080586,23.490000000000002,1.686194895791575,4.3185850100788254,2
301012,101.43881856540085,0.10112755596137682,792.4603174603175,0.2697505197505198,27.28,2.006204182439126,4.3185850100788254,1
301013,152.24472573839662,0.09318824135164293,998.4496124031009,0.2463768115942029,24.435000000000002,2.182542256166084,4.3185850100788254,1
301015,74.39662447257385,0.10396048713705361,654.7916666666667,0.2857142857142857,23.475,1.8715532311615872,4.3185850100788254,2
301016,57.80379746835443,0.11187234514338568,689.9590455840456,0.30636839556981177,20.585,1.7619563706934862,4.3185850100788254,2
301017,72.47257383966246,0.1015766373784581,1163.3779264214045,0.27874423780003177,14.405000000000001,1.8601736854180886,4.3185850100788254,2
301018,254.62025316455697,0.09459787042870768,464.2309907834101,0.27132295485965013,65.275,2.4058929456168388,4.3185850100788254,3
301019,33.28902953586498,0.12231895411637717,619.1025641025641,0.3069306930693069,21.45,1.5223011344969464,4.3185850100788254,0
301020,34.96802367160123,0.12339120804166578,566.2878787878788,0.30245854774156655,21.869999999999997,1.5436710874773154,4.3185850100788254,0
301021,130.8607594936709,0.09993319710278907,485.6611771245918,0.2857142857142857,48.855000000000004,2.1168094365412307,4.3185850100788254,2
301022,45.11181434599156,0.11040402998289206,602.7777777777778,0.3181818181818182,29.735,1.654290294280303,4.3185850100788254,2
301023,41.72784810126582,0.11910626087553385,456.1111111111111,0.3333333333333333,40.957499999999996,1.62042598878928,4.3185850100788254,0
301024,38.835443037974684,0.13742728428246784,355.0801282051282,0.3950428396572827,36.315,1.5892282639865019,4.3185850100788254,0
301025,89.23206751054852,0.09867953820610488,987.5,0.25,10.64,1.95052095572297,4.3185850100788254,1
301026,89.43459915611814,0.10330461675106561,571.8246869409661,0.2916666666666667,29.270000000000003,1.9515055648321882,4.3185850100788254,2
301027,80.50421940928271,0.11325597097407833,764.4849432285666,0.27434210526315794,18.455,1.9058186433261999,4.3185850100788254,2
301028,66.20464135021098,0.10599109352922492,777.1973466003317,0.23971830985915488,14.33,1.8208884372059637,4.3185850100788254,1
301029,138.5590717299578,0.09301156724251347,727.1712158808932,0.2592592592592592,27.535,2.1416349651473805,4.3185850100788254,1
301030,76.75105485232068,0.09860476051592397,1044.3653846153843,0.2777777777777778,13.4,1.8850843530533796,4.3185850100788254,2
301031,97.66877637130801,0.1109794206404886,230.07936507936506,0.3559964047252183,123.36500000000001,1.9897557467592442,4.3185850100788254,0
301032,57.26793248945148,0.11071860539173461,821.1006956068891,0.2555459521751656,12.155000000000001,1.7579115043176137,4.3185850100788254,2
301033,38.06826465571416,0.13714596265120033,279.0096618357488,0.3846153846153846,55.754999999999995,1.580563079923774,4.3185850100788254,0
301035,60.64978902953587,0.1307164777646358,235.69662921348316,0.3724871895940086,70.98,1.7828292945106252,4.3185850100788254,0
301036,40.911392405063296,0.11708668325052574,546.4540270848183,0.31225,28.595,1.611844260812107,4.3185850100788254,0
301037,41.46413502109705,0.12382843122858579,540.0,0.3333333333333333,14.895,1.6176726100419203,4.3185850100788254,0
301038,52.55907172995781,0.10849078624801747,848.5479797979798,0.2977456940222898,20.465,1.7206476863440177,4.3185850100788254,2
301039,111.86286919831224,0.09257365773345429,1387.3015873015872,0.2083333333333333,9.26,2.0486859544613325,4.3185850100788254,1
301040,83.1139240506329,0.10974851189972519,612.9671361502348,0.302167982354307,28.53,1.9196737871028797,4.3185850100788254,2
301041,83.54008438818565,0.10244946131496946,587.023562023562,0.290099896333993,28.275,1.9218949096327755,4.3185850100788254,2
301042,40.41914288779232,0.12936748052318253,386.6071428571429,0.34398182492581597,75.795,1.6065870998015288,4.3185850100788254,0
301043,43.71308016877637,0.13580911010519484,350.0,0.375,48.57,1.6406114093991104,4.3185850100788254,0
301045,70.60126582278481,0.11558227078445357,485.3617161575768,0.32077384815055154,30.810000000000002,1.848812487665434,4.3185850100788254,0
301046,60.37552742616034,0.11362013338751409,744.5833333333333,0.3114224137931034,26.11,1.7808609376688116,4.3185850100788254,2
301047,33.449367088607595,0.12782220253587628,290.1612903225806,0.35931034482758617,70.44,1.5243879046890225,4.3185850100788254,0
301048,44.42827004219409,0.10941966524058816,1330.7792207792209,0.2631578947368421,10.75,1.6476594029155007,4.3185850100788254,2
301049,43.244725738396625,0.12333019683837845,458.7400793650794,0.3333333333333333,22.744999999999997,1.6359331471213396,4.3185850100788254,0
301050,108.85021097046413,0.09522508609356037,598.6703250316589,0.2727272727272727,49.5,2.036829275115465,4.3185850100788254,1
301051,55.042194092827,0.11531649948032613,510.39136302294196,0.31070845428156746,21.97,1.7406957374261356,4.3185850100788254,0
301052,98.52320675105486,0.09904928542829583,519.0074906367041,0.2884615384615384,34.864999999999995,1.993538538892027,4.3185850100788254,2
301053,34.926160337552744,0.13057082919610602,477.41935483870964,0.3286966463414634,34.19,1.5431508434140022,4.3185850100788254,0
301055,56.232326753915466,0.11450482377195759,500.2645502645503,0.2946898496240601,19.985,1.7499860539074117,4.3185850100788254,2
301056,51.11392405063291,0.11803173822252916,697.9166666666667,0.2727272727272727,11.79,1.708539223317179,4.3185850100788254,2
301057,62.654008438818565,0.1201853231547757,444.92753623188406,0.3333333333333333,28.0,1.796948861238732,4.3185850100788254,0
301058,52.11181434599156,0.10105371948234285,1446.756947715497,0.25,10.89,1.7169361940022103,4.3185850100788254,1
301059,49.45991561181435,0.11379441632109577,754.8872180451128,0.2604347826086957,12.94,1.6942533710354963,4.3185850100788254,2
301060,77.42194092827003,0.101584407661057,939.1173245614035,0.22886904761904756,10.344999999999999,1.8888640546588777,4.3185850100788254,1
301061,60.502109704641356,0.12852555038907085,250.0,0.3605555555555555,68.145,1.7817705187369235,4.3185850100788254,0
301062,60.371308016877634,0.1187893669531778,1318.6212624584714,0.25,8.445,1.780830585466828,4.3185850100788254,2
301063,44.981012658227854,0.11241116782263738,555.718954248366,0.3007936507936507,24.119999999999997,1.653029228488005,4.3185850100788254,2
301065,31.8604734320246,0.13071553300851874,515.9798080105925,0.3280788177339901,22.384999999999998,1.5032522249299025,4.3185850100788254,0
301066,70.4620253164557,0.10436999966371974,899.734893957583,0.27139568947478554,14.695,1.847955122114023,4.3185850100788254,2
301067,67.71097046413502,0.10820626758527135,486.038961038961,0.31209415584415584,32.635000000000005,1.8306590383462116,4.3185850100788254,2
301068,32.37286324786325,0.14019324572852837,386.9747899159664,0.375,28.950000000000003,1.5101811126789022,4.3185850100788254,0
301069,111.01476793248945,0.096675412839139,990.8490965556183,0.2636363636363636,22.155,2.045380755408082,4.3185850100788254,1
301070,54.70307029356316,0.13132526075763,433.3333333333333,0.3551324667866727,60.4025,1.7380117024601534,4.3185850100788254,0
301071,167.91350210970464,0.0912964958110297,569.2470450897417,0.2615031757233591,40.04,2.2250856196399633,4.3185850100788254,1
301072,44.116257240935425,0.12240440499170577,415.34154535274354,0.3333333333333333,23.145,1.644598660419157,4.3185850100788254,0
301073,90.09704641350211,0.1052768734886792,589.6551724137931,0.2916666666666667,25.57,1.9547105540496181,4.3185850100788254,2
301075,51.791139240506325,0.1407399343035823,380.7598039215686,0.375,56.345,1.7142554642216743,4.3185850100788254,0
301076,90.0168776371308,0.10105598453932826,577.0732793522267,0.2962962962962963,33.8,1.954323944744627,4.3185850100788254,2
301077,44.91139240506329,0.11955269057675733,626.3383458646616,0.315128668666201,26.67,1.6523565198692474,4.3185850100788254,0
301078,151.05696202531647,0.08550752324956194,2144.3216697360344,0.24691389126820168,9.594999999999999,2.1791407461568033,4.3185850100788254,3
301079,121.59915611814345,0.09598249415233756,681.2964566645016,0.2816778149386845,32.565,2.084930561001639,4.3185850100788254,1
301080,72.46624472573839,0.10859414348378603,377.5832193342453,0.31946606700109553,48.81,1.8601357563210872,4.3185850100788254,2
301081,53.356540084388186,0.11833721201204765,818.1144662921348,0.2692307692307692,11.815000000000001,1.727187659908194,4.3185850100788254,2
301082,74.35864978902953,0.0981293879047477,883.9646464646464,0.2533619509767326,17.265,1.8713314952136626,4.3185850100788254,1
301083,51.54430379746836,0.11466759344589034,666.7582417582419,0.2857142857142857,17.215,1.712180678038261,4.3185850100788254,2
301085,110.90506329113924,0.10396007696091095,459.023066485753,0.3142857142857143,59.815,2.044951374004934,4.3185850100788254,2
301086,75.00421940928271,0.12490810096781249,300.0,0.3636363636363636,116.16,1.8750856955866886,4.3185850100788254,0
301087,76.72151898734177,0.11405545811602785,319.9099099099099,0.3142857142857143,45.855000000000004,1.8849171927195687,4.3185850100788254,2
301088,33.720982621754985,0.12388198939841512,621.9219219219219,0.2808392315470172,14.774999999999999,1.527900221379403,4.3185850100788254,0
301089,54.47679324894514,0.1071304106108653,649.1935483870968,0.3125,29.049999999999997,1.7362115351147742,4.3185850100788254,2
301090,61.130801687763714,0.10467525020861038,1244.157280772325,0.22257607926397735,7.615,1.7862600912958981,4.3185850100788254,1
301091,90.42616033755274,0.09854311806518498,858.2026143790849,0.2679289387564282,25.075,1.956294090283678,4.3185850100788254,1
301092,63.17088607594937,0.10930696078375163,502.0102339181287,0.30368906455862976,35.269999999999996,1.8005169686340623,4.3185850100788254,2
301093,73.98945147679325,0.1266834186854715,486.6071428571429,0.3333333333333333,50.8,1.8691698076773404,4.3185850100788254,0
301095,173.17932489451476,0.09351847450003457,344.6045458745265,0.29410755148741413,76.82,2.238496042299168,4.3185850100788254,1
301096,63.687763713080166,0.11641378460262994,435.7142857142857,0.3285714285714285,54.54,1.8040559996452754,4.3185850100788254,0
301097,35.16083816062361,0.1579545427317244,252.9510395707579,0.4,52.965,1.5460592191945428,4.3185850100788254,0
301098,48.03604376743188,0.10989890002577474,1073.4615384615386,0.23168047799195335,9.035,1.6815672318548178,4.3185850100788254,1
301099,108.90295358649789,0.09788859613442247,427.6979616048318,0.28880908248378123,47.66,2.037039658533765,4.3185850100788254,2
301100,34.63291139240506,0.12399064206887822,504.4714095744681,0.3024027459954233,18.825,1.5394890017576373,4.3185850100788254,0
301101,60.16877637130801,0.10952605654675007,460.5654761904762,0.29716350013379716,37.6,1.779371179505743,4.3185850100788254,2
301102,46.11392405063291,0.11581499628942263,806.5742397137747,0.2620874219446922,11.285,1.6638320799514745,4.3185850100788254,2
301103,38.892405063291136,0.11737408601896498,481.02060982495766,0.2957646790000641,20.445,1.5898648002680502,4.3185850100788254,2
301105,29.69425511197663,0.1665543683616033,312.375,0.41160130718954246,45.495,1.4726724353609542,4.3185850100788254,0
301106,40.190677966101696,0.12010127339134172,400.0,0.3181818181818182,30.9,1.6041253322545748,4.3185850100788254,0
301107,40.10970464135021,0.11642992218273754,415.5753968253968,0.32037735849056603,28.14,1.6032494639486359,4.3185850100788254,0
301108,37.5084388185654,0.12648623685445962,388.4187788018433,0.3333333333333333,29.950000000000003,1.5741289882618328,4.3185850100788254,0
301109,75.9493670886076,0.096520949338625,840.4255319148937,0.2254335260115607,15.64,1.8805241590932023,4.3185850100788254,1
301110,79.75949367088609,0.10235928711040611,413.0252100840336,0.3086670838548185,57.375,1.9017823883246854,4.3185850100788254,2
301111,89.18354430379748,0.10173210221195772,719.655172413793,0.28222027929420934,20.335,1.9502847279484887,4.3185850100788254,2
301112,41.16033755274262,0.11911496801743106,452.3809523809524,0.3333333333333333,34.22,1.614478927720433,4.3185850100788254,0
301113,37.329703926196096,0.13628878023173535,425.0,0.3478260869565217,25.185000000000002,1.5720545454117267,4.3185850100788254,0
301115,47.90506329113924,0.11157276606933182,641.9330669330669,0.2771867612293144,19.235,1.6803814182828145,4.3185850100788254,2
301116,58.299578059071735,0.10947013963037266,902.1100047415837,0.26289207868155234,11.114999999999998,1.7656654115809705,4.3185850100788254,2
301117,122.5801687763713,0.09770276407464931,510.5739291424725,0.2894736842105263,45.144999999999996,2.088420214981471,4.3185850100788254,2
301118,73.62236286919831,0.10666126343516956,545.4195804195804,0.29456424652290414,25.555,1.8670097517765913,4.3185850100788254,2
301119,49.30379746835443,0.12609260337840278,430.0344644750795,0.3509334076344385,40.375,1.692880370718142,4.3185850100788254,0
301120,144.21097046413502,0.08993122925476124,1198.3253851797508,0.2432432432432432,18.810000000000002,2.1589982994320454,4.3185850100788254,1
301121,54.099156118143455,0.11937216241857956,421.98067632850245,0.3333333333333333,39.84,1.7331904906871223,4.3185850100788254,0
301122,46.91518272187656,0.13056586554147248,420.9118209118209,0.3356164383561644,28.884999999999998,1.671313412123947,4.3185850100788254,0
301123,183.82700421940928,0.09377230939387535,482.9115684093437,0.2709306853582554,55.305,2.264409309672664,4.3185850100788254,1
301125,57.39451476793249,0.11600269619151565,629.2811355311355,0.2916666666666667,18.725,1.7588703885678383,4.3185850100788254,2
301126,57.32700421940928,0.10814105724399432,842.1717171717172,0.25,11.91,1.7583592471126492,4.3185850100788254,2
301127,97.94303797468353,0.10826809713248188,1237.9419191919192,0.25,15.13,1.990973570737733,4.3185850100788254,1
301128,131.3987341772152,0.10381055634867145,364.4432023847546,0.3090026954177897,98.75,2.1185911814908973,4.3185850100788254,2
301129,49.19620253164557,0.11671831767110115,465.83333333333337,0.3333333333333333,25.52,1.6919315807510646,4.3185850100788254,0
301130,31.98964898105755,0.13092363162817688,407.75395581430064,0.3333333333333333,29.619999999999997,1.5050094746440905,4.3185850100788254,0
301131,38.242616033755276,0.12091625020081825,364.91803278688525,0.3414634146341463,42.41,1.5825475930748873,4.3185850100788254,0
301132,83.87552742616035,0.09969198181641736,526.3241685144123,0.28257815244116613,35.150000000000006,1.9236352641165522,4.3185850100788254,2
301133,64.23628691983123,0.12323203085471013,514.2857142857143,0.3333333333333333,36.255,1.8077804292688602,4.3185850100788254,0
301135,44.81856540084388,0.11669967291832299,465.4123640051632,0.3181818181818182,26.68,1.6514579510730145,4.3185850100788254,0
301136,97.10759493670886,0.09641926914160354,955.8333333333334,0.2608695652173913,14.879999999999999,1.9872531980862918,4.3185850100788254,1
301137,107.53375527426161,0.09468940837819897,712.697247706422,0.2777777777777778,40.83,2.0315448124212283,4.3185850100788254,1
301138,43.55405671172137,0.1146181556787459,483.33333333333337,0.3157894736842105,33.325,1.6390286122819961,4.3185850100788254,0
301139,53.10548523206751,0.10175379384905017,788.8888888888889,0.2941176470588235,19.13,1.725139381401363,4.3185850100788254,2
301148,47.82627118644068,0.12289462565601741,465.3061224489796,0.3333333333333333,49.59,1.6796665220745515,4.3185850100788254,0
301149,74.39873417721519,0.1051498655711359,1240.1776776776778,0.24776237623762376,11.344999999999999,1.8715655465065355,4.3185850100788254,1
301150,197.457805907173,0.09115207743567699,524.1515300278187,0.2645947547784857,45.025,2.2954743069527987,4.3185850100788254,3
301151,36.83333333333333,0.11613375415902547,612.5718390804598,0.29133064516129037,18.395,1.566241023301467,4.3185850100788254,2
301152,91.30379746835443,0.10046844739950384,553.1372549019609,0.29805897723030983,29.935000000000002,1.9604888408996246,4.3185850100788254,2
301153,83.27426160337552,0.10256210786427364,602.6900584795321,0.2756861365235749,23.27,1.9205107904715757,4.3185850100788254,2
301155,92.77848101265823,0.10336052160142438,420.9001782531194,0.3052141286065468,67.045,1.9674472578871938,4.3185850100788254,2
301156,54.991561181434605,0.11831085048800088,523.2181055874048,0.2941176470588235,18.48,1.7402960492483093,4.3185850100788254,2
301158,82.80801687763713,0.09902064245526414,780.2702702702702,0.26429738562091504,20.525,1.9180723840937999,4.3185850100788254,1
301159,74.94092827004219,0.10831275869540624,427.40384615384613,0.3333333333333333,38.33,1.8747190682621857,4.3185850100788254,2
301160,58.64767932489451,0.11667852070090444,454.28285904635004,0.3286966463414634,57.83,1.7682508318593457,4.3185850100788254,0
301161,64.88818565400844,0.10647907961446723,521.25,0.28817016317016314,31.175,1.8121656309707677,4.3185850100788254,2
301162,63.88396624472574,0.12005547462134056,408.45588235294116,0.3384150592609807,54.629999999999995,1.805391871535415,4.3185850100788254,0
301163,45.208860759493675,0.11790710386863554,405.532891381948,0.3333333333333333,27.634999999999998,1.6552235631701198,4.3185850100788254,0
301165,257.57805907172997,0.093668481524118,403.0095512704992,0.27264002791833886,74.25999999999999,2.4109088663356606,4.3185850100788254,3
301166,31.959915611814345,0.12983194573541837,404.73241928350285,0.3333333333333333,30.835,1.5046056239156786,4.3185850100788254,0
301167,43.4704641350211,0.11308119947925517,595.4102564102564,0.2939660400242571,16.515,1.638194277186522,4.3185850100788254,2
301168,51.61181434599156,0.12824595383001555,477.35042735042737,0.3333333333333333,43.2,1.7127491263941599,4.3185850100788254,0
301169,65.03586497890296,0.12871267413460233,362.04013377926424,0.3636363636363636,53.095,1.8131529207481678,4.3185850100788254,0
301171,467.8396624472574,0.08446793464226844,854.9295774647887,0.230593607305936,35.94,2.6700970375924267,4.3185850100788254,3
301175,107.32911392405063,0.09103243062503544,2277.974683544304,0.2119719361098671,5.875,2.0307175439744207,4.3185850100788254,1
301176,95.41772151898735,0.09579898038113163,447.8058471209156,0.28130600358422936,25.93,1.9796290418231448,4.3185850100788254,2
301177,45.15822784810126,0.11349171092624433,376.1663286004057,0.3071581196581197,29.12,1.6547368904962432,4.3185850100788254,2
301178,55.95540120145891,0.11542589054146324,448.68329868329874,0.3260390729745259,48.635000000000005,1.7478420139881123,4.3185850100788254,0
301179,67.37130801687763,0.10166105664760189,842.6560358789087,0.2661276125852191,20.315,1.8284749792808015,4.3185850100788254,2
301180,82.76371308016877,0.10367923262945161,623.2753357753359,0.2640754716981132,17.01,1.9178399664554509,4.3185850100788254,2
301181,61.11181434599156,0.11675471050664292,446.2651500421285,0.3333333333333333,35.375,1.7861251776611686,4.3185850100788254,0
301182,97.32489451476793,0.10994026482020375,420.35714285714283,0.32188651436993365,40.945,1.9882239416819638,4.3185850100788254,2
301183,221.86075949367088,0.09660525020227115,359.20296430732003,0.3006755509616449,152.41,2.346080495371349,4.3185850100788254,3
301185,55.06962025316456,0.10810197724412553,715.7894736842105,0.2785285285285285,18.884999999999998,1.740912081701479,4.3185850100788254,2
301186,48.26793248945148,0.12376776215739282,352.4154334038055,0.3333333333333333,46.8,1.683658696629905,4.3185850100788254,0
301187,40.381856540084385,0.11444070576288165,718.3333333333333,0.3,20.91,1.6061862815858146,4.3185850100788254,2
301188,61.729957805907176,0.10420480412162617,804.2307692307693,0.25439137134052386,17.869999999999997,1.790495980115207,4.3185850100788254,1
301189,66.93037974683544,0.11005818284143018,427.0319634703196,0.3103448275862069,42.05,1.8256232890926574,4.3185850100788254,2
301190,45.991561181434605,0.11327717757253386,521.3344594594595,0.30013774104683194,21.3425,1.6626781519305198,4.3185850100788254,2
301191,122.55274261603375,0.10036991386442826,323.878010743372,0.3170840787119857,108.0,2.0883230348021438,4.3185850100788254,2
301192,44.17299578059072,0.12726551986174617,416.7601683029453,0.3333333333333333,25.7225,1.64515685379451,4.3185850100788254,0
301193,64.51476793248945,0.11767865930234356,575.7936507936508,0.3053261897258115,21.475,1.8096591394022163,4.3185850100788254,0
301195,31.03182511895143,0.12137890754775749,477.67973856209153,0.3333333333333333,33.675,1.491807319115576,4.3185850100788254,0
301196,116.30801687763713,0.10655639630034353,372.77858373379274,0.3165349634710004,78.445,2.065609650805184,4.3185850100788254,2
301197,54.151898734177216,0.1125139696188441,593.844537815126,0.2981899015560495,21.43,1.7336136889450677,4.3185850100788254,2
301198,62.04430379746835,0.11408471971823886,639.7791666666667,0.27648525135022844,13.95,1.7927019156835275,4.3185850100788254,2
301199,44.85443037974683,0.11142328690927952,561.7343630816172,0.3,23.244999999999997,1.6518053458070938,4.3185850100788254,2
301200,157.38607594936707,0.10315238290008241,291.4085545722714,0.31838947472810813,124.64,2.1969663074014134,4.3185850100788254,2
301201,88.13080168776372,0.1015289872841861,525.8620689655172,0.2857142857142857,39.870000000000005,1.9451277207290458,4.3185850100788254,2
301205,321.50632911392404,0.09811140560802446,329.6428571428571,0.29814709150424934,183.445,2.50718952678496,4.3185850100788254,3
301206,21.640075410719096,0.129111034076199,610.844435736677,0.302866473149492,26.985,1.3352587698542229,4.3185850100788254,0
301207,71.84599156118144,0.09743075936045294,754.8573445400223,0.2666666666666666,19.465,1.8564025429445425,4.3185850100788254,1
301208,43.90506329113924,0.11781646877082624,494.6901709401709,0.3280788177339901,36.92,1.6425146075451096,4.3185850100788254,0
301209,43.936708860759495,0.1389398557918408,363.74752964426875,0.37198879551820724,88.315,1.6428275223809705,4.3185850100788254,0
301211,54.90295358649789,0.10473697844743353,1066.875,0.2804509422904907,12.84,1.739595708599712,4.3185850100788254,2
301212,42.60126582278481,0.12443593554152683,426.7261904761905,0.3386158886158886,28.512500000000003,1.6294225036023233,4.3185850100788254,0
301213,55.32278481012658,0.11185710576952292,420.2701149425287,0.3333333333333333,61.870000000000005,1.7429040332816481,4.3185850100788254,0
301215,88.46413502109705,0.09560366841757226,1509.1455490578298,0.2142857142857142,6.145,1.9467672354504288,4.3185850100788254,1
301216,121.66877637130801,0.09868921031163426,829.1316208229143,0.2547237076648841,21.51,2.0851791403544055,4.3185850100788254,1
301217,429.210970464135,0.08818404851256562,706.2955992340801,0.23406702991055064,32.864999999999995,2.6326708138324713,4.3185850100788254,3
301218,93.41772151898734,0.10577469148719484,593.3333333333334,0.2941176470588235,32.52,1.9704292705326,4.3185850100788254,2
301219,175.4620253164557,0.09300790300333145,413.10883669925977,0.27668171072426395,61.144999999999996,2.244183138009461,4.3185850100788254,1
301220,38.0464135021097,0.13552946599169824,530.625,0.3442887931034483,37.59,1.5803137236649283,4.3185850100788254,0
301221,72.64767932489451,0.10783506140927933,405.9006105834464,0.3208391608391608,50.46,1.861221745647254,4.3185850100788254,2
301222,39.244725738396625,0.11566471981678265,465.94202898550725,0.3214285714285714,30.015,1.5937812983647357,4.3185850100788254,0
301223,31.018987341772153,0.11636271659151248,475.0,0.27172275238573573,18.455,1.4916276155582069,4.3185850100788254,2
301226,70.22573839662448,0.10481510297949197,581.8840579710145,0.29912280701754385,31.61,1.8464963143370339,4.3185850100788254,2
301227,39.31645569620253,0.13724625906539556,466.6002986560478,0.3442887931034483,32.03,1.5945743601020983,4.3185850100788254,0
301228,66.65189873417722,0.12295212805300257,596.0530373111317,0.31914251207729466,40.79,1.8238125258133469,4.3185850100788254,0
301229,43.58016877637131,0.11949062543780842,669.3286873676782,0.3021687134254138,20.064999999999998,1.6392889078401311,4.3185850100788254,0
301230,99.32067510548524,0.09939481646052423,551.237298266587,0.28632305194805197,37.75,1.9970396628920966,4.3185850100788254,2
301231,101.59071729957806,0.10044657475988605,574.7549019607843,0.2896232057416268,30.505,2.006854026749598,4.3185850100788254,2
301233,34.62447257383967,0.1255860683039069,373.98648648648646,0.34462035809018565,50.489999999999995,1.53938316662079,4.3185850100788254,0
301234,37.70464135021097,0.13531557421353216,375.0,0.3611111111111111,37.85,1.5763948140974489,4.3185850100788254,0
301235,120.21518987341773,0.10231784173442848,509.3752738105669,0.2913858939802336,39.989999999999995,2.0799593467134097,4.3185850100788254,2
301236,321.82489451476795,0.08707758442845234,785.7694876443088,0.241268433307462,43.08,2.5076196355747666,4.3185850100788254,3
301237,40.41561181434599,0.13763764519939917,346.2811526479751,0.3677548301132578,53.0,1.6065491575644413,4.3185850100788254,0
301238,139.07805907172997,0.091469857876636,803.4880292487321,0.24373928675947987,20.65,2.143258621180625,4.3185850100788254,1
301239,59.84388185654009,0.11747840337289195,390.11437908496737,0.3235294117647059,36.25,1.7770197568850747,4.3185850100788254,0
301248,132.51054852320675,0.09830651697865846,625.2561669829222,0.27970588235294114,37.425,2.122250451729988,4.3185850100788254,1
301255,45.08860759493671,0.11439030133826024,531.7839805825242,0.32076328044833846,28.979999999999997,1.6540668238367833,4.3185850100788254,0
301256,106.4873417721519,0.09764980479903834,1166.7396380618798,0.25,12.745000000000001,2.027297985941592,4.3185850100788254,1
301257,67.95569620253164,0.11103309278793308,301.6968325791855,0.3333333333333333,51.745000000000005,1.8322258661552442,4.3185850100788254,0
301258,33.46273153114496,0.12872779733908984,400.0,0.3333333333333333,32.019999999999996,1.5245613891214225,4.3185850100788254,0
301259,59.0126582278481,0.11522809972360788,659.1666666666667,0.3143659113097991,33.255,1.7709451778941165,4.3185850100788254,0
301263,70.25527426160338,0.11755379576700345,679.7619047619048,0.3043478260869565,27.075,1.8466789335127483,4.3185850100788254,2
301265,91.12447257383965,0.10550629964542496,945.2332885455156,0.2549743892828999,13.98,1.9596350276477437,4.3185850100788254,1
301266,74.76371308016877,0.1061963998797335,525.7187853335487,0.3088235294117647,38.535,1.8736908621314063,4.3185850100788254,2
301267,76.52320675105486,0.10037847060606671,653.1876138433515,0.27055180180180183,18.61,1.8837931611083572,4.3185850100788254,2
301268,78.48523206751055,0.10958981611082422,513.6293436293437,0.28721076527542255,20.02,1.894787946745863,4.3185850100788254,2
301269,139.60759493670886,0.09570210862942036,377.9196428571429,0.28425173140620297,102.435,2.144909045431702,4.3185850100788254,1
301270,62.59704641350211,0.11248555439684954,574.2647058823529,0.32,36.239999999999995,1.7965538418912677,4.3185850100788254,2
301273,40.80566374553716,0.12914711608498625,324.8891352549889,0.37048869956218194,29.564999999999998,1.6107204464899467,4.3185850100788254,0
301276,43.08438818565401,0.12020778945262028,535.1165501165501,0.3,24.725,1.6343199301821145,4.3185850100788254,0
301277,41.61392405063291,0.11428713951509836,869.5046439628484,0.27231793743890514,12.425,1.6192386702073729,4.3185850100788254,2
301278,48.26371308016878,0.11102641067433092,506.9073783359497,0.32,37.495000000000005,1.6836207305068016,4.3185850100788254,2
301279,56.05907172995781,0.1149992919476287,467.56436314363145,0.3145502645502646,26.64,1.7486459020954268,4.3185850100788254,0
301280,53.44092827004219,0.12231292041279623,368.0909090909091,0.33792293233082704,48.599999999999994,1.7278739932372444,4.3185850100788254,0
301282,130.73417721518987,0.09251156809110217,586.7334438611034,0.2755198264887548,28.44,2.1163891379679223,4.3185850100788254,1
301283,39.09083351212186,0.12380951113471465,333.3333333333333,0.34292763157894735,44.045,1.5920749307508923,4.3185850100788254,0
301285,79.73417721518987,0.12600041834900905,487.64214046822735,0.33821025750159606,70.25,1.9016445170594312,4.3185850100788254,0
301286,65.44303797468353,0.12035172550041282,425.925925925926,0.3333333333333333,45.334999999999994,1.815863451803501,4.3185850100788254,0
301288,12.526338958180483,0.1589941679752261,1029.4258373205741,0.3333333333333333,17.715,1.097824159375162,4.3185850100788254,0
301289,33.77848101265823,0.1261935736194451,391.56671664167914,0.3345070422535211,52.61,1.528640115849165,4.3185850100788254,0
301290,34.065034327397555,0.1212645962768486,450.0,0.3219758532621314,27.549999999999997,1.5323088309149826,4.3185850100788254,0
301296,28.780590717299578,0.12439736851388623,1110.1010101010102,0.25,8.53,1.4590997035210442,4.3185850100788254,2
301297,125.94092827004219,0.09499611889233733,630.8391608391607,0.2628968253968254,37.175,2.1001668900226687,4.3185850100788254,1
301298,37.499034541943786,0.12252568157090435,687.5143513203215,0.27823315118397085,15.96,1.574020086434282,4.3185850100788254,0
301299,57.99789029535865,0.11769272337519614,350.05639097744364,0.3333333333333333,58.015,1.7634121961534852,4.3185850100788254,0
301300,38.219409282700425,0.1236013920267462,409.5472482652683,0.35239651416122,38.44,1.5822839703368345,4.3185850100788254,0
301301,96.28270042194093,0.08861436456833037,1790.7693984306889,0.229570747217806,10.265,1.983548262345631,4.3185850100788254,1
301302,104.1139240506329,0.0938469179557986,643.0947775628626,0.2769141168104775,24.755000000000003,2.0175088153315706,4.3185850100788254,1
301306,158.07805907172997,0.10084818879577304,362.75167785234896,0.30896016291205286,104.845,2.198871594882645,4.3185850100788254,2
301308,539.2573839662448,0.0961460783756931,300.0139211136891,0.29105878111879213,278.185,2.7317961005410907,4.3185850100788254,3
301309,24.229957805907173,0.13257464171420152,443.6216216216216,0.3333333333333333,28.885,1.3843526578569598,4.3185850100788254,0
301311,43.61392405063291,0.11175083744001987,870.5004101722724,0.29716350013379716,18.604999999999997,1.6396251629602658,4.3185850100788254,2
301312,113.18143459915612,0.10163534330711244,363.27456229422444,0.3076923076923077,79.955,2.05377519441066,4.3185850100788254,2
301313,89.4789029535865,0.10264857383942386,564.8228516164686,0.2885016760483208,30.775,1.9517206508367015,4.3185850100788254,2
301316,177.44725738396625,0.09401803875914137,653.2178082191781,0.2727272727272727,42.22,2.2490692913014523,4.3185850100788254,1
301318,36.363718443824645,0.12018643594661173,441.68965517241384,0.3103311439518336,28.6525,1.5606682864603842,4.3185850100788254,0
301319,74.43881856540085,0.1111377896426944,405.2848079851125,0.3,50.605,1.871799471731717,4.3185850100788254,2
301321,102.36286919831224,0.10479108846771805,574.2261904761905,0.2727272727272727,19.72,2.0101424505204504,4.3185850100788254,2
301326,73.4282700421941,0.1264217914912738,277.72727272727275,0.3846153846153846,109.375,1.8658632964227222,4.3185850100788254,0
301327,55.20675105485232,0.10942697456317932,322.08672086720867,0.33602150537634407,61.265,1.74199218944284,4.3185850100788254,0
301328,56.80379746835443,0.11801162634003995,316.2280701754386,0.3529411764705882,50.85,1.7543773702959342,4.3185850100788254,0
301330,65.99578059071729,0.10097366830026569,572.6041666666667,0.2814192238267148,30.755000000000003,1.8195161700154132,4.3185850100788254,2
301331,32.418556423377325,0.13625791665888815,457.8378817413905,0.3457052139037433,27.195,1.5107936721004118,4.3185850100788254,0
301333,56.79535864978903,0.11745169789170937,326.7942583732057,0.34912362937840646,58.03,1.7543128463598643,4.3185850100788254,0
301335,35.063291139240505,0.12771684617850357,521.6666666666666,0.3333333333333333,25.3,1.544852677774007,4.3185850100788254,0
301336,38.16244725738397,0.1276394656466638,350.80645161290323,0.3469899665551839,51.815,1.5816362170881022,4.3185850100788254,0
301338,152.17088607594937,0.10312733781837916,310.42281219272365,0.3131127450980392,89.31,2.1823315694776833,4.3185850100788254,2
301339,68.47679324894514,0.09859949140437596,762.3481781376518,0.2413793103448276,14.855,1.8355434142436187,4.3185850100788254,1
301349,85.0042194092827,0.10393888154122881,380.60271646859087,0.30936751472777885,49.235,1.9294404836047394,4.3185850100788254,2
301356,36.371308016877634,0.12318412886535193,508.7121212121212,0.31095328282828283,21.775,1.5607589198146088,4.3185850100788254,0
301359,43.71097046413502,0.11711900433883364,486.1904761904762,0.3157894736842105,21.055,1.6405904487349057,4.3185850100788254,0
301361,55.67088607594937,0.10759389220318705,583.1764705882354,0.286535303776683,33.4,1.7456281337343302,4.3185850100788254,2
301363,131.63291139240505,0.09470013283961921,533.3191621274523,0.25673658733360216,27.75,2.1193644869157633,4.3185850100788254,1
301365,79.75949367088607,0.10948030573867004,556.687779433681,0.291502624671916,25.25,1.9017823883246854,4.3185850100788254,2
301366,81.34810126582278,0.09861115462588418,529.5959595959596,0.2933173269307723,37.125,1.910347420586962,4.3185850100788254,2
301367,39.436708860759495,0.12441745190903691,313.5632183908046,0.3666666666666666,77.025,1.5959006643003388,4.3185850100788254,0
301368,87.75316455696202,0.10207616164771387,504.76641414141415,0.30662393162393164,53.16,1.9432627869594579,4.3185850100788254,2
301369,55.881856540084385,0.12571905867562827,278.0234029095509,0.3666666666666666,126.91499999999999,1.747270826069927,4.3185850100788254,0
301377,180.44725738396625,0.10174112967165388,291.24161755740704,0.304326923076923,146.735,2.2563502856082653,4.3185850100788254,2
301379,80.33122362869199,0.10076206915957552,742.9882044560943,0.270759920330933,26.87,1.9048843823143504,4.3185850100788254,2
301380,45.42194092827005,0.12304758621249366,500.0,0.332051282051282,35.165,1.6572656881494021,4.3185850100788254,0
301388,50.23628691983122,0.10929424559200529,489.86842105263156,0.3064516129032258,29.805,1.7010175322056307,4.3185850100788254,2
301389,166.75527426160338,0.09565568597308804,488.2016129032258,0.26849349349349344,50.975,2.222079578999297,4.3185850100788254,1
301391,52.82278481012658,0.12341521880436049,283.64208118925103,0.3673469387755102,77.195,1.7228212934212674,4.3185850100788254,0
301396,279.5337552742616,0.09251241355366434,440.50491611040945,0.27789303826648226,74.70500000000001,2.44643425889217,4.3185850100788254,3
301398,61.289029535864984,0.11766632086849135,385.79926784624774,0.3430703624733475,47.5525,1.787382744691064,4.3185850100788254,0
000153,55.47679324894515,0.1046339812733313,1610.344827586207,0.2278481012658227,6.51,1.7441113493994829,4.3185850100788254,1
002186,57.333333333333336,0.0993507257254795,1187.5,0.2575757575757575,10.91,1.7584071921878865,4.3185850100788254,1
300084,98.80590717299577,0.10287630539911671,1721.3326446280992,0.2344662596931199,10.205,1.9947829099312069,4.3185850100788254,1
300850,202.59071729957805,0.09026694167939972,663.0573248407643,0.2578616352201258,40.36,2.3066195421203677,4.3185850100788254,3
301317,81.27848101265823,0.10760242544334808,473.8104448742747,0.3050358196375895,34.644999999999996,1.9099755786260533,4.3185850100788254,2
301260,50.30379746835443,0.10939101043814618,768.2432432432432,0.2777777777777778,16.24,1.701600771483355,4.3185850100788254,2
301373,40.45569620253165,0.10361925368563407,449.6,0.2972972972972973,34.61,1.6069796793515123,4.3185850100788254,2
001260,40.439471143531435,0.12001023455066179,528.344671201814,0.295546858046858,20.47,1.6068054673703025,4.3185850100788254,0
001314,88.05274261603375,0.09572254265997084,478.28125,0.2941176470588235,46.17,1.9447428876679675,4.3185850100788254,2
301358,425.4978902953587,0.0870310564652304,521.7886061307114,0.24721359940872129,65.435,2.6288974111060224,4.3185850100788254,3
301419,70.32489451476793,0.10296766205627904,581.4939874939876,0.2955826972010178,36.075,1.8471090894090327,4.3185850100788254,2
001225,41.16877637130802,0.13144934734298389,335.0,0.3676470588235294,48.45,1.6145679589798476,4.3185850100788254,0
001311,95.94514767932489,0.10425410512396625,491.8518518518519,0.2917771883289125,31.1,1.9820230156594962,4.3185850100788254,2
301303,41.69198312236287,0.10464530572420906,788.9830508474577,0.25,15.64,1.6200525532845,4.3185850100788254,2
001278,60.70675105485232,0.10829180554123163,558.1992337164752,0.29236378074972474,20.03,1.7832369906277443,4.3185850100788254,2
001337,228.56540084388186,0.08875201626961374,651.360544217687,0.2589399744572158,34.54,2.359010489577099,4.3185850100788254,3
001366,55.98523206751055,0.1054106948290807,702.5,0.2547237076648841,13.82,1.7480734827666065,4.3185850100788254,2
301157,51.719409282700425,0.11565031290875964,361.89516129032256,0.3333333333333333,55.519999999999996,1.713653555908112,4.3185850100788254,0
301322,43.29535864978903,0.11696824675067169,474.875,0.32456526524323137,31.915,1.6364413415998875,4.3185850100788254,0
301408,142.82278481012656,0.0909895799267241,1081.8461538461538,0.2534616683552853,17.259999999999998,2.15479749685162,4.3185850100788254,1
001368,52.92827004219409,0.10752693361752846,466.8965517241379,0.3,25.03,1.7236876993302594,4.3185850100788254,2
301246,138.60337552742615,0.09307471636572973,735.7142857142857,0.25,22.18,2.1417738071522923,4.3185850100788254,1
301378,67.57383966244726,0.10618801491494605,375.6756756756757,0.3255813953488372,31.95,1.8297785969897367,4.3185850100788254,2
301439,65.45991561181435,0.10119630909334251,963.3333333333333,0.25,15.93,1.8159754410980626,4.3185850100788254,1
301314,43.779920260316096,0.12986274910114887,317.18424008987324,0.3591746794871795,46.0,1.6412749662192074,4.3185850100788254,0
301345,82.03797468354429,0.12004468173035021,193.80645161290323,0.3953488372093023,208.71,1.9140149301627094,4.3185850100788254,0
301386,37.5675105485232,0.11630274576148954,705.7983193277311,0.3076923076923077,24.215,1.5748124170261075,4.3185850100788254,0
001286,165.22784810126583,0.0874838572468187,1264.3835616438355,0.2,10.1,2.218083246721938,4.3185850100788254,3
001287,276.2151898734177,0.08497847041845491,904.1666666666666,0.2307692307692307,23.63,2.4412475580109403,4.3185850100788254,3
001328,41.18143459915612,0.123949106208024,437.5,0.3235294117647059,33.13,1.614701471656588,4.3185850100788254,0
001360,70.78902953586498,0.10406499502934653,640.0,0.2777777777777778,20.11,1.8499659585202937,4.3185850100788254,2
001367,38.33755274261603,0.1169805466271819,454.54545454545456,0.3076923076923077,23.85,1.5836243864685033,4.3185850100788254,0
301141,82.35864978902954,0.10368659530277359,478.125,0.3148148148148148,52.26,1.9157092180579345,4.3185850100788254,2
301203,28.966244725738395,0.1388990933560573,353.57142857142856,0.3448275862068966,37.74,1.46189219556267,4.3185850100788254,0
301281,79.10759493670886,0.11132182299770937,521.7336769759451,0.31966386554621845,35.205,1.898218181105265,4.3185850100788254,2
301357,83.82700421940929,0.098054760423799,371.1111111111111,0.325,101.91,1.9233839457695059,4.3185850100788254,2
301387,85.74261603375527,0.11033264560302024,362.7314814814815,0.3243243243243243,56.155,1.9331967298358266,4.3185850100788254,2
301429,37.459915611814345,0.12122764725051269,467.94871794871796,0.30600358422939067,19.5,1.573566794679244,4.3185850100788254,0
301307,149.89029535864978,0.098095184820438,543.9024390243902,0.2727272727272727,36.91,2.175773515379142,4.3185850100788254,1
301360,62.46413502109704,0.11800448756105246,285.5036855036855,0.3522727272727273,72.5,1.7956307304129704,4.3185850100788254,0
301293,176.84177215189874,0.09224471233550646,521.1829836829837,0.2671955065037446,62.144999999999996,2.247584858370991,4.3185850100788254,1
301325,77.62236286919831,0.1082400773192072,382.13714384538895,0.3333333333333333,50.18,1.8899868587780666,4.3185850100788254,2
301390,37.380830798203675,0.1279870666682469,344.44444444444446,0.35,36.05,1.5726489494522793,4.3185850100788254,0
001324,48.607594936708864,0.11154624467252305,680.0,0.2924528301886792,19.32,1.6867041330770893,4.3185850100788254,2
001380,36.949367088607595,0.11172136616695026,636.35,0.2954545454545454,22.17,1.5676070036975729,4.3185850100788254,2
301305,80.9493670886076,0.10596312794047755,619.672131147541,0.2592592592592592,23.93,1.9082134575242313,4.3185850100788254,1
301332,32.79324894514768,0.1151707414855496,1122.9166666666667,0.25,9.52,1.515784445917641,4.3185850100788254,2
301382,193.71729957805908,0.09254239829020476,669.109947643979,0.2564102564102564,37.38,2.287168406345377,4.3185850100788254,3
301399,52.21518987341772,0.10945927210439507,645.054945054945,0.2962962962962963,20.77,1.7177968615955024,4.3185850100788254,2
301428,90.74683544303798,0.09705818358386133,646.1538461538462,0.2857142857142857,35.15,1.9578314890955946,4.3185850100788254,2
001282,58.565400843881854,0.09918577459444158,673.4144615820009,0.27970588235294114,21.130000000000003,1.7676411201087323,4.3185850100788254,2
001373,55.10126582278481,0.11862518497496072,361.20401337792646,0.35,34.625,1.7411615758669567,4.3185850100788254,0
301252,88.4493670886076,0.104989128016276,495.0951825951826,0.3073731248005107,35.83,1.9466947296040382,4.3185850100788254,2
301337,47.31856540084388,0.11328604833292918,550.0,0.32,28.84,1.67503156926228,4.3185850100788254,0
301353,30.529535864978904,0.13207010420788684,419.54545454545456,0.3333333333333333,27.555,1.484720201848261,4.3185850100788254,0
301310,45.60337552742616,0.11427444805065486,461.1940298507463,0.3009433962264151,40.16,1.6589969900038704,4.3185850100788254,2
301320,45.51054852320675,0.11540618366289053,667.6190476190476,0.2894736842105263,17.11,1.6581120699420397,4.3185850100788254,2
301323,60.4789029535865,0.11428704194123848,387.5,0.3271520146520146,55.474999999999994,1.7816039047562964,4.3185850100788254,0
301355,50.57805907172996,0.11364240370956845,928.125,0.2592592592592592,12.67,1.7039621593181722,4.3185850100788254,2
301383,55.75949367088607,0.11032247208592427,514.2857142857143,0.303030303030303,33.95,1.7463188214576253,4.3185850100788254,2
301225,89.55907172995781,0.11581668436402803,267.54385964912285,0.3458265658421421,97.565,1.9521095835152296,4.3185850100788254,0
301232,190.84388185654007,0.09940996229152949,338.89552748378287,0.3037868162692847,134.38,2.280678241735815,4.3185850100788254,2
301262,63.77215189873418,0.10114152277282543,748.5294117647059,0.2765092544542467,24.75,1.8046310718716527,4.3185850100788254,2
301287,32.392405063291136,0.13198038059319483,359.49453551912563,0.3449843260188088,40.555,1.510443194596744,4.3185850100788254,0
301315,62.11181434599156,0.10461647020797313,490.85094549499445,0.31791443850267376,52.56,1.793174215591449,4.3185850100788254,2
301376,55.21729957805907,0.11390199377250629,542.6075268817203,0.2916666666666667,18.625,1.7420751634943914,4.3185850100788254,2
301448,39.85209718944432,0.12916996552069487,371.4631782945736,0.3556819279435912,38.84,1.60045118078452,4.3185850100788254,0
300804,41.39662447257384,0.12527159884653435,411.1111111111111,0.3333333333333333,36.035,1.6169649297029856,4.3185850100788254,0
301170,34.607594936708864,0.12438468218090877,442.8571428571428,0.3333333333333333,27.92,1.5391714189413621,4.3185850100788254,0
301210,55.30801687763713,0.10821028955122114,448.8888888888889,0.2967741935483871,38.18,1.7427880867002343,4.3185850100788254,2
301291,151.9071729957806,0.09564285724364432,545.5284552845528,0.2702702702702703,43.66,2.1815782815582176,4.3185850100788254,1
301295,56.620253164556964,0.12366303276201827,431.578947368421,0.3461538461538461,34.1,1.7529718068822155,4.3185850100788254,0
301395,53.0253164556962,0.1166029757586185,775.0,0.2666666666666666,13.09,1.724483269070778,4.3185850100788254,2
301397,64.13502109704642,0.1108121816638704,530.0,0.3103448275862069,33.21,1.8070952419346686,4.3185850100788254,2
301488,71.75527426160338,0.10828590543947395,332.9113924050633,0.3354430379746835,132.42,1.8558538287304274,4.3185850100788254,2
301202,65.58227848101265,0.11501914376167555,434.7670807453416,0.3333333333333333,39.35,1.8167865009966797,4.3185850100788254,0
301261,79.46202531645571,0.10520593656821947,379.47368421052636,0.3260560037968675,81.02000000000001,1.9001596300945187,4.3185850100788254,2
301272,33.502109704641356,0.1416428090589466,325.1124437781109,0.3912003825920612,40.932500000000005,1.5250721564169925,4.3185850100788254,0
301292,263.06962025316454,0.08964862631006645,557.1275464709513,0.26254288982081586,59.47,2.4200706978834905,4.3185850100788254,3
301370,46.87552742616033,0.1098543154387552,1022.5745085605581,0.2641509433962264,11.225000000000001,1.670946167284733,4.3185850100788254,2
301381,72.43881856540085,0.10430589298385334,585.0,0.27823315118397085,21.475,1.859971358611772,4.3185850100788254,2
301393,51.80801687763713,0.12512723114651114,366.31205673758865,0.3434728969080114,52.295,1.7143969685545852,4.3185850100788254,0
301486,224.91772151898735,0.09816488378901672,353.99039310380647,0.2957272727272727,144.005,2.3520236753320165,4.3185850100788254,3
301329,83.70464135021098,0.09709258757753024,690.4761904761905,0.2686567164179104,23.35,1.9227495399155945,4.3185850100788254,1
301456,43.70338983050848,0.11512582520359692,542.8571428571429,0.3095238095238095,29.064999999999998,1.6405151241005895,4.3185850100788254,0
301468,164.34177215189874,0.101096933038653,493.3333333333333,0.2828282828282828,48.34,2.2157479658044608,4.3185850100788254,1
301499,71.29957805907173,0.10623592932235464,503.7037037037037,0.2954545454545454,30.38,1.8530869597654833,4.3185850100788254,2
301503,32.40506329113924,0.1305591975750427,355.4054054054054,0.3333333333333333,35.78,1.5106128740214082,4.3185850100788254,0
301505,50.9662447257384,0.11553412025398417,595.8333333333333,0.3157894736842105,22.95,1.7072826352569082,4.3185850100788254,0
301512,43.41525423728814,0.12874774647612997,314.6341463414634,0.3760217983651226,47.37,1.6376423485702158,4.3185850100788254,0
301172,109.4831223628692,0.10082734801303875,616.9191919191919,0.2857142857142857,28.145,2.0393471746133884,4.3185850100788254,2
301371,45.0042194092827,0.10734434038500014,560.625,0.2981297185998627,26.57,1.653253233336754,4.3185850100788254,2
301446,39.871308016877634,0.1334661560297863,411.517094017094,0.3536889332003988,36.269999999999996,1.6006604833472236,4.3185850100788254,0
301515,42.72371018272034,0.12224735853801331,463.7194008037998,0.3157894736842105,21.955,1.6306689603574864,4.3185850100788254,0
301519,42.40928270042194,0.11669772197641609,662.2844827586207,0.28206600065509335,14.235,1.6274609269779108,4.3185850100788254,2
300904,44.80590717299578,0.12756105335125437,361.6161616161616,0.3636363636363636,60.34,1.6513352747908834,4.3185850100788254,0
301348,155.67088607594937,0.09248252931884503,833.3333333333334,0.265625,26.46,2.192207397418188,4.3185850100788254,1
301362,66.80168776371308,0.11339132075418246,332.94117647058823,0.3333333333333333,47.31,1.824787435188236,4.3185850100788254,0
301372,37.48101265822785,0.1282092406796783,470.5882352941176,0.3539823008849557,28.23,1.5738113160988578,4.3185850100788254,0
301487,192.14345991561183,0.08946424558582977,810.3384615384615,0.2574850299401197,22.88,2.283625606750411,4.3185850100788254,3
301509,56.39662447257384,0.10716491759485237,557.6923076923077,0.3,34.97,1.7512531107775706,4.3185850100788254,2
301518,61.19409282700422,0.11528740851407028,518.0327868852459,0.3157894736842105,33.98,1.786709500961647,4.3185850100788254,0
301418,31.789029535864977,0.1291206882407982,410.8187134502924,0.31698564593301437,39.03,1.502277269857145,4.3185850100788254,0
301469,40.92405063291139,0.12391314728429187,472.6461038961039,0.3333333333333333,31.055,1.6119786133211147,4.3185850100788254,0
301498,92.43881856540085,0.10524700650407534,366.8560606060606,0.32152606847169385,56.07,1.9658543862466438,4.3185850100788254,2
301510,149.38185654008439,0.09395999107653115,607.1915584415585,0.2647058823529412,33.995000000000005,2.174297852613109,4.3185850100788254,1
301511,433.59493670886076,0.08651127257554238,769.4535128885261,0.23199742475454688,34.655,2.637084202099885,4.3185850100788254,3
301533,34.930128377771794,0.11974140375235753,587.159816066066,0.3157894736842105,32.675,1.5432001817915384,4.3185850100788254,0
301421,157.27848101265823,0.09661047894980464,420.6896551724138,0.2962962962962963,93.48,2.1966693061149285,4.3185850100788254,2
301525,45.856540084388186,0.12122166674106652,379.3893129770992,0.3522727272727273,76.63,1.6614012837357492,4.3185850100788254,0
301528,36.86497890295359,0.13193110709114356,308.3333333333333,0.375,66.51,1.5666139897016573,4.3185850100788254,0
301251,144.4071729957806,0.09937080771843057,439.53086974428095,0.29061583577712613,53.885000000000005,2.159588766052983,4.3185850100788254,2
301507,59.789029535864984,0.10001627999156484,775.6387362637363,0.25,14.35,1.7766215042373565,4.3185850100788254,1
301529,121.76582278481013,0.11168449546634762,282.58980942036146,0.3402127659574468,105.53,2.085525407682479,4.3185850100788254,0
301548,75.81856540084388,0.11253849041359679,316.9491525423729,0.3380281690140845,67.14,1.8797755626755963,4.3185850100788254,0
301550,200.8649789029536,0.10100758064732014,333.5164835164835,0.2954545454545454,114.44,2.3029042234828596,4.3185850100788254,2
301500,166.56118143459918,0.09371409247194477,745.0496472432715,0.2622950819672131,20.435000000000002,2.221573792670228,4.3185850100788254,1
301520,26.438818565400844,0.12916327794168928,367.6053113553113,0.35,41.965,1.4222420445355826,4.3185850100788254,0
301558,77.35232067510549,0.09444261365905578,1407.4998698255663,0.24209124209124205,8.4,1.8884733476575444,4.3185850100788254,1
301517,142.50210970464136,0.0972010015015837,446.1538461538461,0.2982456140350877,56.62,2.1538212940027877,4.3185850100788254,2
301559,36.721518987341774,0.11259438155741394,734.4827586206897,0.2647058823529412,16.19,1.5649206375122227,4.3185850100788254,2
301489,155.19198312236287,0.10214912440293335,296.9408369408369,0.32342161314953977,169.76999999999998,2.1908692828007363,4.3185850100788254,2
001376,146.53586497890296,0.09322122178626793,919.4444444444443,0.2560975609756097,15.75,2.1659439322406393,4.3185850100788254,1
001378,37.10126582278481,0.11247229853928567,544.2105263157895,0.268,23.51,1.569388727147994,4.3185850100788254,2
301555,71.37130801687763,0.10764425978083032,486.8686868686869,0.303030303030303,35.09,1.8535236561138955,4.3185850100788254,2
001306,41.85232067510549,0.12802407248571693,293.66471734892787,0.3636363636363636,71.185,1.6217195442516135,4.3185850100788254,0
001326,49.440677966101696,0.13286162935209886,309.09090909090907,0.35637676542423274,52.165,1.6940844174795884,4.3185850100788254,0
301508,46.18776371308017,0.112877655676772,449.390243902439,0.3,31.240000000000002,1.6645269353883423,4.3185850100788254,2
301568,109.16244725738397,0.10147291974346812,441.7782952435823,0.3033707865168539,49.965,2.0380732633340997,4.3185850100788254,2
001239,41.257383966244724,0.10591781205226006,887.8787878787879,0.2714285714285714,15.56,1.615501686917713,4.3185850100788254,2
301459,34.28691983122363,0.13005909627307594,427.0833333333333,0.3387096774193548,39.75,1.535128471980289,4.3185850100788254,0
301516,87.0886075949367,0.10282071199780979,757.7380952380952,0.2635135135135135,17.01,1.9399613469450698,4.3185850100788254,1
001358,35.39265236206275,0.12906824300264053,452.5,0.3333333333333333,26.229999999999997,1.548913110335855,4.3185850100788254,0
301413,131.24261603375527,0.10120156657338975,346.4102564102564,0.3107416879795396,116.07499999999999,2.1180748785084416,4.3185850100788254,2
301526,663.9535864978902,0.0780109233863844,2350.95131644312,0.21107386121753935,8.844999999999999,2.8221377211867296,4.3185850100788254,3
301566,150.39662447257385,0.0917187466468266,995.3488372093024,0.2435897435897435,21.0,2.1772380889857708,4.3185850100788254,1
301578,32.654008438818565,0.13202293248413136,400.9090909090909,0.3397435897435897,35.27,1.513936500649595,4.3185850100788254,0
001387,56.11392405063292,0.10274048058245283,750.0,0.2589399744572158,14.024999999999999,1.7490706400088931,4.3185850100788254,2
301567,52.41561181434599,0.11749663476092972,415.1188915933346,0.3333333333333333,44.489999999999995,1.7194606594074666,4.3185850100788254,0
001379,60.835443037974684,0.10172862014926794,622.7272727272727,0.2941176470588235,21.7,1.78415667517744,4.3185850100788254,2
301577,47.15611814345991,0.12306549050316443,295.0617283950617,0.3571428571428571,61.96,1.6735380470960215,4.3185850100788254,0
301502,37.17427058084209,0.1307880183785035,315.9206081081081,0.3846153846153846,45.495000000000005,1.5702424557192602,4.3185850100788254,0
301589,46.561181434599156,0.13837455688444986,204.16666666666663,0.4242424242424242,168.53,1.66802399148757,4.3185850100788254,0
301591,63.85232067510549,0.11409448890889846,464.58333333333337,0.32320292982057686,42.269999999999996,1.8051766860642329,4.3185850100788254,0
301588,67.38818565400844,0.11559296852345485,588.3870967741935,0.3076923076923077,22.79,1.8285837636716022,4.3185850100788254,2
301538,56.09282700421941,0.12342129069230133,315.77850877192986,0.35504201680672265,79.965,1.748907328428018,4.3185850100788254,0
001359,74.39662447257383,0.11218315922145097,360.5547309833024,0.3333333333333333,74.26,1.8715532311615872,4.3185850100788254,0
001389,271.8565400843882,0.09365559922604459,343.35664335664336,0.2863849765258216,102.37,2.4343397853362423,4.3185850100788254,3
301536,237.9451476793249,0.09111574578875441,402.06489675516224,0.2844036697247706,69.74,2.3764768528305926,4.3185850100788254,3
301539,36.0084388185654,0.12099408564673717,686.911231884058,0.3,19.494999999999997,1.5564042925131893,4.3185850100788254,0
301587,63.60375992276335,0.10617866640028267,625.6578947368421,0.2857142857142857,24.505,1.8034827896333647,4.3185850100788254,2
301596,44.729957805907176,0.12030841439305172,332.5581395348837,0.36,73.04,1.6505984884997233,4.3185850100788254,0
301392,137.51054852320675,0.10475598946991911,303.3333333333333,0.3181818181818182,132.76,2.1383360144550405,4.3185850100788254,2
300784,34.10998176357005,0.1329227894272978,308.2207207207207,0.3636363636363636,51.08,1.5328814872179215,4.3185850100788254,0
301565,79.27848101265823,0.09692747783649037,745.4545454545455,0.2760736196319018,23.62,1.8991553204108664,4.3185850100788254,2
301580,101.69198312236287,0.10313445601366403,363.1578947368421,0.3125,56.9,2.0072867167088266,4.3185850100788254,2
301603,63.87763713080169,0.10738065524720103,386.9565217391304,0.3076923076923077,72.89,1.8053488429699902,4.3185850100788254,2
301552,30.251054852320678,0.13038922242106424,438.81410256410254,0.3333333333333333,38.295,1.4807405230729422,4.3185850100788254,0
301606,116.60970464135022,0.09333477816813532,332.9956726986625,0.30346320346320343,62.74,2.0667346953355423,4.3185850100788254,2
301608,54.74683544303797,0.11804063118829837,287.5,0.3478260869565217,84.01,1.7383590205103916,4.3185850100788254,0
301571,110.88185654008439,0.10043135381754302,423.9495798319328,0.2890173410404624,58.31,2.044860488897999,4.3185850100788254,2
301611,354.30379746835445,0.09158997951347685,391.4405010438413,0.2650602409638554,103.23,2.549375807175721,4.3185850100788254,3
001277,31.122827719373525,0.12507955534666854,430.95238095238096,0.31296641791044777,37.599999999999994,1.4930790487009962,4.3185850100788254,0
301586,31.303797468354432,0.1324323667930538,447.4078341013825,0.3333333333333333,45.925,1.495597025070856,4.3185850100788254,0
301607,121.1139240506329,0.09188305592508912,404.7468567202312,0.2745098039215686,46.269999999999996,2.083194075353894,4.3185850100788254,1
301600,59.54430379746835,0.1243181261780679,281.6326530612245,0.3846153846153846,117.45,1.7748402217776407,4.3185850100788254,0
301551,84.96413502109705,0.09217823522528476,687.5461936437546,0.2727272727272727,32.295,1.929235640426954,4.3185850100788254,1
001279,21.852320675105485,0.12767038469730355,531.0381679389313,0.3090185676392573,34.08,1.33949756500779,4.3185850100788254,0
301618,23.17721518987342,0.12708780895905553,453.6734693877551,0.3333333333333333,50.24,1.3650612530112551,4.3185850100788254,0
301522,115.25949367088607,0.09496383641192405,702.5699912510936,0.26747967479674795,32.790000000000006,2.0616767074158804,4.3185850100788254,1
301556,56.639240506329116,0.10506366410884738,348.33333333333337,0.3125,90.17,1.7531174211273024,4.3185850100788254,2
301592,42.962025316455694,0.12456982902868012,293.42105263157896,0.352112676056338,121.84,1.6330847466912155,4.3185850100788254,0
301613,33.540084388185655,0.12301661734973093,558.7121212121212,0.3265306122448979,47.45,1.5255641509736226,4.3185850100788254,0
301626,88.79746835443038,0.12565759253032605,264.7058823529412,0.3666666666666666,222.25,1.9484005840739373,4.3185850100788254,0
301628,82.57383966244726,0.10388865543360808,356.8181818181818,0.3157894736842105,99.77,1.9168424796478973,4.3185850100788254,2
301633,18.881475287997027,0.15483543877486233,312.5995124557537,0.3636363636363636,66.62,1.2760359245174013,4.3185850100788254,0
301631,74.13291139240506,0.10859688170796553,299.3421052631579,0.3495283018867924,99.17,1.8700110563314771,4.3185850100788254,0
301617,68.60337552742617,0.11255270276674167,384.8484848484849,0.3265306122448979,62.66,1.8363454850488594,4.3185850100788254,0
301622,65.64978902953587,0.11046508399566565,360.0,0.3265306122448979,64.04,1.8172333347902256,4.3185850100788254,2
301585,28.02525387971108,0.12923030090165247,513.0681818181818,0.32107142857142856,30.479999999999997,1.4475495555420572,4.3185850100788254,0
301598,24.238396624472575,0.15077218668064474,315.8333333333333,0.3636363636363636,62.525000000000006,1.3845038877642608,4.3185850100788254,0
001391,75.13080168776371,0.06894748013103322,3159.090909090909,0.2666666666666666,5.75,1.8758180230300199,4.3185850100788254,1
301458,127.9789029535865,0.095065798303352,517.4258474576271,0.2655936043777521,36.489999999999995,2.107138383038528,4.3185850100788254,1
301581,22.10035131562268,0.13438296522755422,441.6233766233766,0.3333333333333333,48.725,1.3443991774508863,4.3185850100788254,0
301601,27.569620253164558,0.12550380597907468,688.0,0.3076923076923077,27.29,1.4404307841293147,4.3185850100788254,0
001356,34.35443037974684,0.10123654637956604,1096.0,0.26516544117647056,12.085,1.535982752033277,4.3185850100788254,2
001395,23.783898305084747,0.12842535289980367,426.3764880952381,0.3333333333333333,42.2,1.3762830392495657,4.3185850100788254,0
301602,38.76160337552743,0.11233256785157768,567.2619047619048,0.2857142857142857,21.165,1.5884017333617455,4.3185850100788254,2
302132,166.70886075949366,0.08624742643488384,574.2622950819672,0.2352941176470588,72.22,2.2219586836713425,4.3185850100788254,3
301173,23.662393162393162,0.14484320607987358,355.55555555555554,0.3529411764705882,44.76,1.3740586661017906,4.3185850100788254,0
301557,42.34177215189873,0.15097767944359194,306.8965517241379,0.3777777777777777,105.1,1.6267690308134004,4.3185850100788254,0
301275,92.52742616033755,0.09498585885921287,523.6098108968358,0.2723930481283422,49.15,1.9662704815459398,4.3185850100788254,1
301479,81.01054852320675,0.11274443518723169,333.6936936936937,0.3333333333333333,87.69,1.9085415727940478,4.3185850100788254,0
301501,24.417721518987342,0.12805734561114518,560.0,0.3333333333333333,39.815,1.3877051363534432,4.3185850100788254,0
001382,50.767932489451475,0.09343617710196371,928.731343283582,0.2619047619047619,20.69,1.7055894772374631,4.3185850100788254,1
301535,68.38396624472574,0.1107366678320583,755.5555555555555,0.2916666666666667,19.79,1.8349542861102481,4.3185850100788254,2
301616,26.350210970464136,0.1363442777433737,398.52941176470586,0.3451327433628318,48.91,1.4207840967000505,4.3185850100788254,0
301629,102.1097046413502,0.10947944055499174,225.53191489361703,0.3611111111111111,290.02,2.0090670199703276,4.3185850100788254,0
301658,127.62447257383965,0.09273527838948062,535.2422035480859,0.28055002488800396,31.935000000000002,2.105933960315383,4.3185850100788254,1
001335,37.279661016949156,0.13748517444074917,494.9367088607595,0.3333333333333333,45.91,1.5714719546707376,4.3185850100788254,0
301662,87.39240506329114,0.11281717178292087,268.75,0.358974358974359,138.1,1.9414736914167117,4.3185850100788254,0
301665,55.33755274261603,0.1027844205289254,536.0544217687075,0.2824427480916031,28.23,1.7430199489162685,4.3185850100788254,2
001400,97.18987341772151,0.10698114714747278,289.6689723320158,0.34042743449879276,113.36,1.9876210164909447,4.3185850100788254,2
301560,60.33333333333333,0.12083112801087596,493.75,0.3333333333333333,36.730000000000004,1.780557320149522,4.3185850100788254,0
301595,54.30801687763713,0.125503506452188,462.3422746781116,0.3461538461538461,47.625,1.7348639442983558,4.3185850100788254,0
301636,64.37130801687763,0.11306675667613345,383.04597701149424,0.3333333333333333,54.864999999999995,1.8086923340278453,4.3185850100788254,0
001390,32.278481012658226,0.109863258748226,800.0,0.3,22.48,1.5089130891435136,4.3185850100788254,2
301590,41.24050632911393,0.1404982071323891,211.89872068230278,0.4074074074074074,179.82999999999998,1.6153239886820492,4.3185850100788254,0
301678,81.75949367088607,0.10042165278807079,409.09090909090907,0.3116883116883117,64.94,1.9125381932527081,4.3185850100788254,2
001388,27.780590717299578,0.11376353482699506,543.2234432234432,0.3,42.519999999999996,1.4437414761941096,4.3185850100788254,2
301630,67.13924050632912,0.11728537838480495,239.1304347826087,0.3857142857142857,195.08,1.8269764241062754,4.3185850100788254,0
001221,58.24894514767932,0.11207615672858885,327.58620689655174,0.3235294117647059,59.43,1.765288064965178,4.3185850100788254,0
301609,49.561181434599156,0.09849623709525057,668.9655172413793,0.2872340425531915,46.36,1.6951416504968344,4.3185850100788254,2
001285,43.411392405063296,0.101425769859398,482.6333333333333,0.3076923076923077,52.125,1.6376037159040644,4.3185850100788254,2
001386,63.43037974683544,0.09079118230271468,936.7738359201774,0.2631578947368421,21.905,1.8022973114520353,4.3185850100788254,1
301491,22.569620253164558,0.11640350245752251,451.29617267467734,0.3333333333333333,54.0,1.353524251884913,4.3185850100788254,0
301563,98.75949367088609,0.09692145645634581,277.3986682107701,0.33030715085586304,164.36,1.9945788546853311,4.3185850100788254,2
301575,19.95957446808511,0.13646046089283345,450.0,0.3461538461538461,48.035,1.3001512780268782,4.3185850100788254,0
301584,53.0210970464135,0.09867105919075421,934.2635135135135,0.29587542087542085,28.015,1.7244487093698164,4.3185850100788254,2
301632,36.82911392405063,0.1088389406265684,860.3504273504274,0.3076923076923077,22.41,1.5661912702389882,4.3185850100788254,2
301638,298.210970464135,0.08167992118781353,1156.439802211234,0.23367025599349855,23.96,2.4745236160599706,4.3185850100788254,3
301656,81.19409282700423,0.0879840028220577,1037.4773960216999,0.2546876831126216,24.575000000000003,1.9095244338476214,4.3185850100788254,1
301668,38.01246156046628,0.10636314953986453,511.437908496732,0.32,50.385,1.5799259939786057,4.3185850100788254,2
001233,66.81434599156118,0.10591563503301551,348.38709677419354,0.3333333333333333,64.18,1.824869721697827,4.3185850100788254,2
001280,303.73839662447256,0.08861017433795423,473.9583333333333,0.271551724137931,78.27,2.482499696060799,4.3185850100788254,3
001325,43.69198312236287,0.10260669194050537,480.5312219227314,0.30311730926989333,51.230000000000004,1.6404017572193674,4.3185850100788254,2
301449,39.30801687763713,0.10823602022121427,416.6666666666667,0.3333333333333333,76.38,1.5944811338525393,4.3185850100788254,0
301667,113.83122362869199,0.09395717152740073,428.84615384615387,0.3243243243243243,80.7,2.056261404323587,4.3185850100788254,2
001369,146.85443037974682,0.07943014503678253,1380.4024542689278,0.2599717648930247,15.145,2.1668870530750466,4.3185850100788254,3
001396,54.90295358649789,0.10508865598528219,436.7003367003367,0.3333333333333333,44.83,1.739595708599712,4.3185850100788254,2
301687,82.12658227848101,0.09615759925672354,556.0,0.3,60.4,1.9144837499126581,4.3185850100788254,2
001220,30.08016877637131,0.10595592434374632,531.578947368421,0.32,39.27,1.478280268702886,4.3185850100788254,2
301680,84.54430379746836,0.09497347846968568,388.3666666666667,0.32596153846153847,112.7,1.9270843521742929,4.3185850100788254,2
301682,154.57383966244726,0.09093775098405421,358.9928057553957,0.3148148148148148,146.06,2.1891359950700706,4.3185850100788254,2
001257,320.7932489451477,0.08171309209462334,917.0854271356784,0.2620578778135048,25.16,2.5062252200338206,4.3185850100788254,3
301683,94.10548523206751,0.09163604322215566,339.3571705176197,0.32992950445780633,133.55,1.9736149383750823,4.3185850100788254,2
301696,210.0717299578059,0.09257073684041453,390.84762987460385,0.3005193708821964,117.28,2.322367611904266,4.3185850100788254,3
301666,337.47257383966246,0.09841834070454737,210.5428870292887,0.3720930232558139,638.0,2.5282384837919865,4.3185850100788254,2
301513,87.87763713080169,0.10007022972879777,402.1739130434783,0.3333333333333333,68.77,1.9438783710198628,4.3185850100788254,2
001312,47.80590717299578,0.08949395174489491,917.6470588235294,0.3055555555555556,20.5,1.6794815638532934,4.3185850100788254,2
301599,185.4704641350211,0.09002980151537054,566.1431226765799,0.2986790186996054,49.675,2.268274758778641,4.3185850100788254,3
301531,213.63713080168776,0.0940224849139078,489.3966282165039,0.31207655826558267,74.33500000000001,2.329676736656386,4.3185850100788254,2
001393,158.0506329113924,0.08736310333451414,454.56349206349205,0.2964747356051704,58.75,2.198796239304829,4.3185850100788254,1
001365,201.20675105485233,0.08787939499402878,548.0,0.2888888888888888,43.29,2.30364254843499,4.3185850100788254,3
001237,122.63713080168776,0.09094991681715436,468.75,0.3,64.88,2.0886219812823033,4.3185850100788254,2
301669,378.210970464135,0.08874882871401642,858.5127201565558,0.3,39.81,2.5777341219255687,4.3185850100788254,3
001399,1395.818565400844,0.09635220665047431,873.2505643340858,0.3130434782608696,36.77,3.1448289704603907,4.3185850100788254,3
