date,map,h,ic,nbkt,n_xs
20260609,0,1,-0.0010236595894166224,233,2800
20260609,0,2,0.0009009907356902043,231,2800
20260609,0,5,-0.0008592817706453777,225,2800
20260609,0,10,5.7297632355224015e-05,215,2800
20260609,0,30,-0.0008848678395644971,175,2800
20260609,1,1,1.173623980406731e-05,233,2800
20260609,1,2,0.0005715482074997318,231,2800
20260609,1,5,-7.367332781225206e-05,225,2800
20260609,1,10,0.0001477069799243522,215,2800
20260609,1,30,-0.00136357094194302,175,2800
20260609,2,1,-0.0009221921998605902,233,2800
20260609,2,2,0.0004887646050116402,231,2800
20260609,2,5,8.175629178429314e-06,225,2800
20260609,2,10,0.0003682853565139041,215,2800
20260609,2,30,-0.001098970350512849,175,2800
20260609,3,1,-0.00017250368216172076,233,2800
20260609,3,2,0.0005297284324457775,231,2800
20260609,3,5,-0.0002520472505834449,225,2800
20260609,3,10,-0.0003794328214313747,215,2800
20260609,3,30,0.0001589648355927174,175,2800
20260609,4,1,0.00018428080697097126,233,2800
20260609,4,2,-0.0004932550279006874,231,2800
20260609,4,5,-0.00028173518127071694,225,2800
20260609,4,10,0.000635944289884727,215,2800
20260609,4,30,2.1758128460148684e-05,175,2800
20260609,5,1,-0.0010476390671651675,233,2800
20260609,5,2,0.0003780537738115598,231,2800
20260609,5,5,0.0006921242975779473,225,2800
20260609,5,10,-0.0004434478295498955,215,2800
20260609,5,30,-0.00010909777831426691,175,2800
20260609,6,1,0.001319098210216119,233,2800
20260609,6,2,0.0008060605394715754,231,2800
20260609,6,5,0.00116131915480873,225,2800
20260609,6,10,0.001451745936864662,215,2800
20260609,6,30,0.0010787419879009616,175,2800
20260609,7,1,0.0020984544152255393,233,2800
20260609,7,2,0.0011155871462699086,231,2800
20260609,7,5,0.0015391467629565188,225,2800
20260609,7,10,0.0010085435827220713,215,2800
20260609,7,30,0.0011882202931851574,175,2800
20260609,8,1,-0.0007545676863991257,233,2800
20260609,8,2,0.00099534973481123,231,2800
20260609,8,5,0.0005820169513444163,225,2800
20260609,8,10,-0.000674364458353745,215,2800
20260609,8,30,-0.0005127033592053899,175,2800
20260609,9,1,-0.0003214186024049763,233,2800
20260609,9,2,-0.00033841458853442214,231,2800
20260609,9,5,-9.74482961473534e-05,225,2800
20260609,9,10,-0.00017043664803313875,215,2800
20260609,9,30,-0.0012199656323675712,175,2800
20260609,10,1,0.0035979421757076067,233,2800
20260609,10,2,0.00117366549482649,231,2800
20260609,10,5,0.0004996514043404553,225,2800
20260609,10,10,0.0008154913950654143,215,2800
20260609,10,30,-0.00057927873311761,175,2800
20260609,11,1,-0.0002918964327684303,233,2800
20260609,11,2,-0.0012110352666553261,231,2800
20260609,11,5,-0.000387376343362162,225,2800
20260609,11,10,-0.0004086606151394076,215,2800
20260609,11,30,-1.1774546708418963e-05,175,2800
20260609,12,1,0.0011016685621970381,233,2800
20260609,12,2,0.0001420392441405653,231,2800
20260609,12,5,-0.0002993568462386447,225,2800
20260609,12,10,0.0009658715812792622,215,2800
20260609,12,30,0.0011018621009616645,175,2800
20260609,13,1,-0.0007785606507524977,233,2800
20260609,13,2,-0.0002976822305874235,231,2800
20260609,13,5,0.0007500761299790316,225,2800
20260609,13,10,0.001555246557962598,215,2800
20260609,13,30,-0.0002731473158225265,175,2800
20260609,14,1,-0.00045795815599005606,233,2800
20260609,14,2,8.955593701790357e-05,231,2800
20260609,14,5,0.0003248026454228973,225,2800
20260609,14,10,0.0004870495548791297,215,2800
20260609,14,30,0.0001522767890329373,175,2800
20260609,15,1,-0.000598892870250809,233,2800
20260609,15,2,-0.0005027835717760873,231,2800
20260609,15,5,-0.0012652108785813133,225,2800
20260609,15,10,-9.514637748767405e-05,215,2800
20260609,15,30,0.0002424584242049797,175,2800
20260609,16,1,-0.0005729606881024319,233,2800
20260609,16,2,0.0007271192986573724,231,2800
20260609,16,5,0.00035473051600043535,225,2800
20260609,16,10,-0.00023921373258233667,215,2800
20260609,16,30,-0.00032192483913471475,175,2800
20260609,17,1,0.0005245528789592896,233,2800
20260609,17,2,-0.00046987568259031334,231,2800
20260609,17,5,-0.0002120615300760034,225,2800
20260609,17,10,-0.0007423536759683184,215,2800
20260609,17,30,-0.0005889119630882277,175,2800
20260609,18,1,-4.2220507633703375e-05,233,2800
20260609,18,2,0.0009020312900980261,231,2800
20260609,18,5,0.0007676498415124417,225,2800
20260609,18,10,-0.000146340600407108,215,2800
20260609,18,30,-7.065619522284723e-05,175,2800
20260609,19,1,0.0020752005358650677,233,2800
20260609,19,2,0.0021039135662555284,231,2800
20260609,19,5,0.0016924152496079535,225,2800
20260609,19,10,0.0007929655240153648,215,2800
20260609,19,30,0.00022864045814734057,175,2800
20260610,0,1,0.0007657443800754275,233,2800
20260610,0,2,0.0008008490964006292,231,2800
20260610,0,5,0.0010233670176999555,225,2800
20260610,0,10,0.001813317814406565,215,2800
20260610,0,30,0.0006153263552356646,175,2800
20260610,1,1,-0.002263252407131641,233,2800
20260610,1,2,-0.0014803528745193654,231,2800
20260610,1,5,-4.524925783249762e-05,225,2800
20260610,1,10,-0.0015974756587961566,215,2800
20260610,1,30,-0.0020221564667234843,175,2800
20260610,2,1,-0.0004024794792891556,233,2800
20260610,2,2,8.785794298202627e-05,231,2800
20260610,2,5,-2.3750150024104194e-05,225,2800
20260610,2,10,-0.00018044385581591314,215,2800
20260610,2,30,9.760205937081145e-05,175,2800
20260610,3,1,0.0016176301522670402,233,2800
20260610,3,2,0.0006008939904267196,231,2800
20260610,3,5,-0.0005791559043912659,225,2800
20260610,3,10,4.7446755918832635e-05,215,2800
20260610,3,30,0.0010982930390558017,175,2800
20260610,4,1,-0.0001262630316655926,233,2800
20260610,4,2,-0.001084653614919001,231,2800
20260610,4,5,0.00029587668120953934,225,2800
20260610,4,10,0.00023407450728736941,215,2800
20260610,4,30,-0.0005059944167682148,175,2800
20260610,5,1,-0.001206201212723612,233,2800
20260610,5,2,-0.00096700459728803,231,2800
20260610,5,5,-0.0008428308500374731,225,2800
20260610,5,10,-0.0008724071399358135,215,2800
20260610,5,30,0.00020316477783621485,175,2800
20260610,6,1,-0.00148577844074149,233,2800
20260610,6,2,-0.0011862141048461451,231,2800
20260610,6,5,-0.00035705747889639393,225,2800
20260610,6,10,5.256142233673643e-05,215,2800
20260610,6,30,-0.0008468470037670341,175,2800
20260610,7,1,-0.0015542619672299183,233,2800
20260610,7,2,0.000834093209044606,231,2800
20260610,7,5,-0.0006742690419096036,225,2800
20260610,7,10,-0.0007257755810528703,215,2800
20260610,7,30,-0.0002667903773974149,175,2800
20260610,8,1,-0.00022601382673686983,233,2800
20260610,8,2,-0.00010767637777780546,231,2800
20260610,8,5,-0.00023421548189644445,225,2800
20260610,8,10,0.0004937258427184241,215,2800
20260610,8,30,-0.00042701505928338765,175,2800
20260610,9,1,0.0018928384462674462,233,2800
20260610,9,2,0.0016401457400988927,231,2800
20260610,9,5,0.0005280637934550001,225,2800
20260610,9,10,9.528162561942065e-05,215,2800
20260610,9,30,0.0001289477016505039,175,2800
20260610,10,1,0.0007160487330333582,233,2800
20260610,10,2,-0.0010142787396772348,231,2800
20260610,10,5,-0.00014288325771008196,225,2800
20260610,10,10,-0.000577799069714866,215,2800
20260610,10,30,-0.00024350205820378436,175,2800
20260610,11,1,0.002269317002426534,233,2800
20260610,11,2,0.0008321983642119855,231,2800
20260610,11,5,0.00012085082534377086,225,2800
20260610,11,10,0.0010469742039607478,215,2800
20260610,11,30,0.00011278359307373682,175,2800
20260610,12,1,0.00028598276686373777,233,2800
20260610,12,2,-0.001154684552071667,231,2800
20260610,12,5,0.00040535239157124596,225,2800
20260610,12,10,-0.00035455288683999614,215,2800
20260610,12,30,-0.0005320840228438567,175,2800
20260610,13,1,-0.0007722137673830307,233,2800
20260610,13,2,-0.0008794063991929424,231,2800
20260610,13,5,0.0004999040377710676,225,2800
20260610,13,10,0.0005571624405257431,215,2800
20260610,13,30,0.0005852083523193751,175,2800
20260610,14,1,-0.001825282304561092,233,2800
20260610,14,2,-0.00198275747419629,231,2800
20260610,14,5,-0.004091239493329832,225,2800
20260610,14,10,-0.0021067125409434326,215,2800
20260610,14,30,-0.0016988949534923763,175,2800
20260610,15,1,-9.785241802714815e-05,233,2800
20260610,15,2,-0.0002960938954056757,231,2800
20260610,15,5,0.0004449908522991093,225,2800
20260610,15,10,0.0005845804579730305,215,2800
20260610,15,30,-0.000520906332497091,175,2800
20260610,16,1,-0.00013753305125485267,233,2800
20260610,16,2,0.0007933442893143494,231,2800
20260610,16,5,0.00019748723023544246,225,2800
20260610,16,10,0.00023187429336425996,215,2800
20260610,16,30,0.0002650947257501712,175,2800
20260610,17,1,-0.00027068280690066077,233,2800
20260610,17,2,-0.0009468687175800061,231,2800
20260610,17,5,-0.0005273882236087916,225,2800
20260610,17,10,-4.4154197557227905e-05,215,2800
20260610,17,30,-5.312614686841153e-05,175,2800
20260610,18,1,-0.0002364985660327233,233,2800
20260610,18,2,0.0014818337650880306,231,2800
20260610,18,5,0.000469635191614049,225,2800
20260610,18,10,0.0006051337712854025,215,2800
20260610,18,30,0.0007817846009091405,175,2800
20260610,19,1,-0.001374261908850735,233,2800
20260610,19,2,0.00016151854716481818,231,2800
20260610,19,5,0.00034907623151237804,225,2800
20260610,19,10,0.0007806112362467922,215,2800
20260610,19,30,0.0007215886959693279,175,2800
20260611,0,1,0.0009925441301475162,233,2800
20260611,0,2,0.00030500173372831595,231,2800
20260611,0,5,-0.0011360062424964114,225,2800
20260611,0,10,-0.0013155924790428783,215,2800
20260611,0,30,-0.0009622235107451723,175,2800
20260611,1,1,-0.00089078564164586,233,2800
20260611,1,2,0.0003804516425335407,231,2800
20260611,1,5,-1.5263103376512895e-05,225,2800
20260611,1,10,-7.688163073815288e-05,215,2800
20260611,1,30,0.0004464295552437907,175,2800
20260611,2,1,0.0016812287869549713,233,2800
20260611,2,2,0.0009758988378508602,231,2800
20260611,2,5,-0.00032045769095634825,225,2800
20260611,2,10,-0.00047189674392897476,215,2800
20260611,2,30,0.0003729570930420316,175,2800
20260611,3,1,-9.474563504829016e-05,233,2800
20260611,3,2,-0.0010406486403732628,231,2800
20260611,3,5,-0.00011596339761513243,225,2800
20260611,3,10,0.00045277388124739907,215,2800
20260611,3,30,-0.001626324209857521,175,2800
20260611,4,1,0.003933411566995048,233,2800
20260611,4,2,0.00015219791057043353,231,2800
20260611,4,5,0.0011469219766224474,225,2800
20260611,4,10,0.0001979999696591032,215,2800
20260611,4,30,0.0007489557844727016,175,2800
20260611,5,1,-0.0008263913436495115,233,2800
20260611,5,2,-0.0018781179723010024,231,2800
20260611,5,5,-0.0006320804675326028,225,2800
20260611,5,10,-0.0006371800367229022,215,2800
20260611,5,30,-0.0011582084674323476,175,2800
20260611,6,1,-0.0026743163437190323,233,2800
20260611,6,2,-0.001265022687610367,231,2800
20260611,6,5,0.0007946095867508338,225,2800
20260611,6,10,-0.0011235962235095847,215,2800
20260611,6,30,0.0006014169756592639,175,2800
20260611,7,1,-0.0021740618953200942,233,2800
20260611,7,2,-0.0011108159405552045,231,2800
20260611,7,5,-0.0010824582159443472,225,2800
20260611,7,10,-0.0010628580615117233,215,2800
20260611,7,30,-0.001085641159564155,175,2800
20260611,8,1,0.0022315628443317958,233,2800
20260611,8,2,-0.0025053459917127076,231,2800
20260611,8,5,0.00017395685395731706,225,2800
20260611,8,10,0.0013614803958837136,215,2800
20260611,8,30,0.0011749144769733048,175,2800
20260611,9,1,0.0019135025270569672,233,2800
20260611,9,2,0.0003369865842148228,231,2800
20260611,9,5,-0.000351796945847011,225,2800
20260611,9,10,6.576619675415384e-05,215,2800
20260611,9,30,0.0005030831308410508,175,2800
20260611,10,1,6.738117014371278e-05,233,2800
20260611,10,2,-0.0005735364235000857,231,2800
20260611,10,5,0.0008277391922594472,225,2800
20260611,10,10,0.0001731826313090479,215,2800
20260611,10,30,-0.0012873315772673102,175,2800
20260611,11,1,-0.001659297531773896,233,2800
20260611,11,2,-0.0005962094930606058,231,2800
20260611,11,5,-0.0012715968079244622,225,2800
20260611,11,10,-0.001117510880928583,215,2800
20260611,11,30,-0.00019625244633024016,175,2800
20260611,12,1,-0.0008477086343617623,233,2800
20260611,12,2,0.0005335437130518314,231,2800
20260611,12,5,0.0002357044574274684,225,2800
20260611,12,10,-0.0004969086941709746,215,2800
20260611,12,30,-0.0007487449844957166,175,2800
20260611,13,1,-0.0028457757955729144,233,2800
20260611,13,2,-0.0009176545477281284,231,2800
20260611,13,5,-0.001415324196018851,225,2800
20260611,13,10,-0.0017575141649562934,215,2800
20260611,13,30,-0.001205159659393573,175,2800
20260611,14,1,-0.00013981969323499785,233,2800
20260611,14,2,-0.00040639025401974026,231,2800
20260611,14,5,-0.0011063410960534853,225,2800
20260611,14,10,-0.0008630942165139309,215,2800
20260611,14,30,-0.001470606808848303,175,2800
20260611,15,1,-0.0028260189081483174,233,2800
20260611,15,2,-0.0032071226174300075,231,2800
20260611,15,5,-0.0013537586802875004,225,2800
20260611,15,10,-0.0019745208021594105,215,2800
20260611,15,30,-0.001343678709204002,175,2800
20260611,16,1,0.0011634496191247155,233,2800
20260611,16,2,-1.0269876505219214e-05,231,2800
20260611,16,5,0.0006134740390490692,225,2800
20260611,16,10,-0.0007700440326431241,215,2800
20260611,16,30,0.0007577927775908952,175,2800
20260611,17,1,8.617614432422005e-05,233,2800
20260611,17,2,0.0007061933924605383,231,2800
20260611,17,5,0.0016611538743809015,225,2800
20260611,17,10,0.0016550703495962272,215,2800
20260611,17,30,6.276062867680755e-05,175,2800
20260611,18,1,-0.00032467674098429685,233,2800
20260611,18,2,-0.0014600005018930193,231,2800
20260611,18,5,-0.0007409096310889823,225,2800
20260611,18,10,-0.0006898012501252276,215,2800
20260611,18,30,-0.0008486841631592139,175,2800
20260611,19,1,-0.0004109257061937303,233,2800
20260611,19,2,-4.6471807729801524e-05,231,2800
20260611,19,5,-0.0016173098454131947,225,2800
20260611,19,10,-0.0009799301541726392,215,2800
20260611,19,30,-0.0004567532016588896,175,2800
20260612,0,1,-0.0007395044091635467,233,2800
20260612,0,2,-0.0004423010100122731,231,2800
20260612,0,5,-0.0008135764848526131,225,2800
20260612,0,10,-0.00134253721282721,215,2800
20260612,0,30,-0.0001912370038132608,175,2800
20260612,1,1,-0.0012975544146775842,233,2800
20260612,1,2,-0.0007228196920291445,231,2800
20260612,1,5,-0.0004115566928416746,225,2800
20260612,1,10,0.00021611236749555996,215,2800
20260612,1,30,-4.4533684886075006e-05,175,2800
20260612,2,1,0.0002506028728612001,233,2800
20260612,2,2,-0.0006933592370586284,231,2800
20260612,2,5,-0.00023323264692584592,225,2800
20260612,2,10,0.00019765588298188838,215,2800
20260612,2,30,3.515441010384927e-05,175,2800
20260612,3,1,0.0009346940793975866,233,2800
20260612,3,2,-0.0005888218128338006,231,2800
20260612,3,5,0.0006994576044814951,225,2800
20260612,3,10,-0.0001043812838136374,215,2800
20260612,3,30,0.0006404149603307054,175,2800
20260612,4,1,0.00024405578203242858,233,2800
20260612,4,2,0.0015115627608088267,231,2800
20260612,4,5,0.00015344953600543622,225,2800
20260612,4,10,0.0001788322828432374,215,2800
20260612,4,30,-0.0001947222434115368,175,2800
20260612,5,1,0.00018833207158789695,233,2800
20260612,5,2,5.392374148811403e-05,231,2800
20260612,5,5,0.0001875931090940434,225,2800
20260612,5,10,0.000629819844407509,215,2800
20260612,5,30,-0.0005993020645405235,175,2800
20260612,6,1,0.0009112161029317213,233,2800
20260612,6,2,0.00026868840375937224,231,2800
20260612,6,5,-0.0009037452801553781,225,2800
20260612,6,10,0.0002748717771603765,215,2800
20260612,6,30,-0.0006280199542643153,175,2800
20260612,7,1,0.0009288405674684684,233,2800
20260612,7,2,-0.0006792932253301341,231,2800
20260612,7,5,-5.136275419397423e-05,225,2800
20260612,7,10,-0.0005728626593268167,215,2800
20260612,7,30,-0.0007215417726072184,175,2800
20260612,8,1,-0.0006656353090011212,233,2800
20260612,8,2,0.0003862414123108136,231,2800
20260612,8,5,2.096364267222965e-05,225,2800
20260612,8,10,-0.00031729506350323554,215,2800
20260612,8,30,-0.00022949087667505511,175,2800
20260612,9,1,-0.0005001324878565728,233,2800
20260612,9,2,0.0007197762980086176,231,2800
20260612,9,5,0.0007451372247586202,225,2800
20260612,9,10,-0.00044543035910982095,215,2800
20260612,9,30,-0.0004411955094425316,175,2800
20260612,10,1,3.536883013801255e-05,233,2800
20260612,10,2,-0.0006214205827641355,231,2800
20260612,10,5,0.000329766811083893,225,2800
20260612,10,10,0.0012360197852741507,215,2800
20260612,10,30,3.484014278653338e-05,175,2800
20260612,11,1,-0.0011653936815140826,233,2800
20260612,11,2,0.00015600014183607137,231,2800
20260612,11,5,0.0002865124416205515,225,2800
20260612,11,10,-8.762917856181267e-05,215,2800
20260612,11,30,-0.0004891608810390194,175,2800
20260612,12,1,-0.0011748694058223792,233,2800
20260612,12,2,-1.8091881914423664e-05,231,2800
20260612,12,5,0.0005363129361932522,225,2800
20260612,12,10,-0.0009320879328456371,215,2800
20260612,12,30,0.00024189195823834996,175,2800
20260612,13,1,-0.0006042322468055486,233,2800
20260612,13,2,-0.0018980108791009892,231,2800
20260612,13,5,-0.0010428429580427133,225,2800
20260612,13,10,-0.002421485186679844,215,2800
20260612,13,30,-0.0010831687625635566,175,2800
20260612,14,1,0.0009599948494486431,233,2800
20260612,14,2,-0.0007492187624935419,231,2800
20260612,14,5,-0.0004904509612401868,225,2800
20260612,14,10,-0.0006189351499252621,215,2800
20260612,14,30,-0.00011172938101555801,175,2800
20260612,15,1,-0.0029916957028549504,233,2800
20260612,15,2,-0.00034411605205812766,231,2800
20260612,15,5,-0.0007226097020389134,225,2800
20260612,15,10,-0.00030418427937574247,215,2800
20260612,15,30,0.0005831135693588191,175,2800
20260612,16,1,-8.468816476452513e-05,233,2800
20260612,16,2,0.0007934418852323788,231,2800
20260612,16,5,0.00022106969766298094,225,2800
20260612,16,10,-0.00043349115645953325,215,2800
20260612,16,30,-0.0008282905917182824,175,2800
20260612,17,1,0.0016898581365762978,233,2800
20260612,17,2,-0.00037230864978333875,231,2800
20260612,17,5,-0.0013953143576754504,225,2800
20260612,17,10,-0.0002851821838813357,215,2800
20260612,17,30,-0.00024240775611274998,175,2800
20260612,18,1,0.0008686682193729325,233,2800
20260612,18,2,0.00012048529211419192,231,2800
20260612,18,5,-0.0006163627649818748,225,2800
20260612,18,10,-0.0008309301654637933,215,2800
20260612,18,30,0.0001636133378349979,175,2800
20260612,19,1,-0.002061174521754477,233,2800
20260612,19,2,-0.0017634777404684043,231,2800
20260612,19,5,0.00044330821093555614,225,2800
20260612,19,10,-0.0005690399950579009,215,2800
20260612,19,30,-0.0009470808026861921,175,2800
20260615,0,1,-0.000563441539923727,233,2800
20260615,0,2,0.0013236538118511607,231,2800
20260615,0,5,0.0008902980656970444,225,2800
20260615,0,10,0.0004008683464325911,215,2800
20260615,0,30,0.00032962291216245604,175,2800
20260615,1,1,-0.0004681779423237604,233,2800
20260615,1,2,0.00010999623122280228,231,2800
20260615,1,5,-0.00010006438004797188,225,2800
20260615,1,10,-0.00020690237819586744,215,2800
20260615,1,30,2.9031552810716566e-05,175,2800
20260615,2,1,-0.0019978943936400178,233,2800
20260615,2,2,-0.00045375301909686357,231,2800
20260615,2,5,0.00021804102033422867,225,2800
20260615,2,10,-6.634857057720272e-05,215,2800
20260615,2,30,-0.00043388269967089584,175,2800
20260615,3,1,-0.0007092968555191594,233,2800
20260615,3,2,0.00020177322933275906,231,2800
20260615,3,5,0.00048693705173186977,225,2800
20260615,3,10,-0.0003796092750356383,215,2800
20260615,3,30,-0.0005016671316528288,175,2800
20260615,4,1,0.0001239749574218038,233,2800
20260615,4,2,0.0007654980247152961,231,2800
20260615,4,5,0.0008856282957324265,225,2800
20260615,4,10,0.00014604997429194574,215,2800
20260615,4,30,-0.0005381512190791477,175,2800
20260615,5,1,-0.00229135986855016,233,2800
20260615,5,2,-0.003375651190946451,231,2800
20260615,5,5,-0.0014061823002131687,225,2800
20260615,5,10,-0.0013934667922070824,215,2800
20260615,5,30,-0.002002257015157538,175,2800
20260615,6,1,-0.0018082387452476368,233,2800
20260615,6,2,-0.000439941935995693,231,2800
20260615,6,5,-0.0005403220005639142,225,2800
20260615,6,10,-0.0009630531047405459,215,2800
20260615,6,30,0.0008903430524157325,175,2800
20260615,7,1,-0.0019029514809351315,233,2800
20260615,7,2,-0.00021042066511874248,231,2800
20260615,7,5,-0.00046390523872888716,225,2800
20260615,7,10,-0.0010091732489631144,215,2800
20260615,7,30,-0.0005195344860865799,175,2800
20260615,8,1,0.0008377125090331768,233,2800
20260615,8,2,0.00028713217722160436,231,2800
20260615,8,5,0.0011537848172146815,225,2800
20260615,8,10,-0.00010299194439575935,215,2800
20260615,8,30,0.0007223154636084688,175,2800
20260615,9,1,-0.0005454521687655939,233,2800
20260615,9,2,-1.3305475307961591e-05,231,2800
20260615,9,5,0.00034673129719609827,225,2800
20260615,9,10,-0.0009391205509285524,215,2800
20260615,9,30,-0.0009101702770976201,175,2800
20260615,10,1,0.0014935373402702704,233,2800
20260615,10,2,-0.0008288579190419733,231,2800
20260615,10,5,-0.0003396423658236912,225,2800
20260615,10,10,0.0010246499456529402,215,2800
20260615,10,30,0.0005821817170458489,175,2800
20260615,11,1,0.0003689692654771711,233,2800
20260615,11,2,-0.0012785268722652805,231,2800
20260615,11,5,-0.00017651536555528152,225,2800
20260615,11,10,0.00033129436226712807,215,2800
20260615,11,30,0.0003473212433655967,175,2800
20260615,12,1,0.0006446806605739489,233,2800
20260615,12,2,-0.0002572612792992241,231,2800
20260615,12,5,-0.0009025702970607983,225,2800
20260615,12,10,-0.0009674919533765712,215,2800
20260615,12,30,-5.350610437636793e-05,175,2800
20260615,13,1,-0.00030916248465999674,233,2800
20260615,13,2,-0.0006492078331451596,231,2800
20260615,13,5,-0.00015297614847615843,225,2800
20260615,13,10,0.00010279512132037975,215,2800
20260615,13,30,0.0006302674868963298,175,2800
20260615,14,1,-0.0031732781930221567,233,2800
20260615,14,2,-0.0008135501357467138,231,2800
20260615,14,5,-0.0008392580856391656,225,2800
20260615,14,10,-0.0002534874902748767,215,2800
20260615,14,30,-0.0002013658522304686,175,2800
20260615,15,1,-0.0014238369618874694,233,2800
20260615,15,2,0.0008759057211783197,231,2800
20260615,15,5,-0.0004255384482850576,225,2800
20260615,15,10,-0.0005194779381388259,215,2800
20260615,15,30,-0.0004918375186273138,175,2800
20260615,16,1,0.0011082522436305768,233,2800
20260615,16,2,0.000528182208676856,231,2800
20260615,16,5,0.0003356149386690509,225,2800
20260615,16,10,0.0007682246581355737,215,2800
20260615,16,30,0.0012470619178498261,175,2800
20260615,17,1,-0.0027696393772808797,233,2800
20260615,17,2,-0.001275636191614191,231,2800
20260615,17,5,-0.0022587853912000217,225,2800
20260615,17,10,-0.0004922609360319979,215,2800
20260615,17,30,-0.0005267287522784421,175,2800
20260615,18,1,-0.0017053217007956295,233,2800
20260615,18,2,4.7696810142828005e-05,231,2800
20260615,18,5,-0.0008559136456806617,225,2800
20260615,18,10,0.0008086357744610276,215,2800
20260615,18,30,-0.00012929440465099735,175,2800
20260615,19,1,0.00251470609250967,233,2800
20260615,19,2,0.0006165297047362752,231,2800
20260615,19,5,-0.0003466229779425764,225,2800
20260615,19,10,-0.00045215206895236226,215,2800
20260615,19,30,3.548357226151354e-05,175,2800
20260616,0,1,-0.0008196202864475783,233,2800
20260616,0,2,0.0009420281866250627,231,2800
20260616,0,5,-0.0006901474136675896,225,2800
20260616,0,10,-0.0009326729572045991,215,2800
20260616,0,30,-0.0007233034196783586,175,2800
20260616,1,1,0.0021122616656515966,233,2800
20260616,1,2,0.0009135984680163677,231,2800
20260616,1,5,0.0011955383180344715,225,2800
20260616,1,10,0.002050315970081456,215,2800
20260616,1,30,0.0012343530003386231,175,2800
20260616,2,1,0.0007694470372434723,233,2800
20260616,2,2,0.0006481407584123781,231,2800
20260616,2,5,0.0005392031989575447,225,2800
20260616,2,10,-0.00036860166174778643,215,2800
20260616,2,30,0.0001656876974278657,175,2800
20260616,3,1,0.0017810453275630004,233,2800
20260616,3,2,0.00035578795399979435,231,2800
20260616,3,5,0.0010590731462179286,225,2800
20260616,3,10,0.0002871144220266493,215,2800
20260616,3,30,-0.00015784053628626162,175,2800
20260616,4,1,-0.0008780143927814586,233,2800
20260616,4,2,-0.00037941246018605553,231,2800
20260616,4,5,6.222466474847727e-05,225,2800
20260616,4,10,-0.0012897314938223926,215,2800
20260616,4,30,-0.0004081710905144282,175,2800
20260616,5,1,0.0009418616495841557,233,2800
20260616,5,2,-0.001361101726706452,231,2800
20260616,5,5,0.0005968389522743308,225,2800
20260616,5,10,-0.0007984608299842791,215,2800
20260616,5,30,-0.0012575413132034769,175,2800
20260616,6,1,-0.0003931349232587316,233,2800
20260616,6,2,-0.0002968976442843036,231,2800
20260616,6,5,-0.0011804978460160523,225,2800
20260616,6,10,-0.0007292841359954219,215,2800
20260616,6,30,0.0005554351528688176,175,2800
20260616,7,1,-0.0011921823223072397,233,2800
20260616,7,2,0.0019324113411389918,231,2800
20260616,7,5,0.00019797012134261117,225,2800
20260616,7,10,0.0015558235021564323,215,2800
20260616,7,30,0.0009824632834791157,175,2800
20260616,8,1,-0.00098404066115522,233,2800
20260616,8,2,-0.000515385443911667,231,2800
20260616,8,5,6.845048214269024e-05,225,2800
20260616,8,10,-0.0005243563578664672,215,2800
20260616,8,30,-0.0012381705242011608,175,2800
20260616,9,1,0.0026316878990300194,233,2800
20260616,9,2,0.0007515703004261213,231,2800
20260616,9,5,0.0011567947703893377,225,2800
20260616,9,10,0.0002013446756425229,215,2800
20260616,9,30,0.00039026855035837393,175,2800
20260616,10,1,0.000398459370154314,233,2800
20260616,10,2,0.0009482079418063578,231,2800
20260616,10,5,0.0009133770524301118,225,2800
20260616,10,10,0.0010505185753293738,215,2800
20260616,10,30,0.0018577285624556254,175,2800
20260616,11,1,0.0012740741029871481,233,2800
20260616,11,2,-0.0002991914537234329,231,2800
20260616,11,5,-0.00040748923553143694,225,2800
20260616,11,10,0.0011655101265651674,215,2800
20260616,11,30,5.922707931443675e-05,175,2800
20260616,12,1,-0.0016365229340284328,233,2800
20260616,12,2,-0.00199064585134143,231,2800
20260616,12,5,-0.0005703002029103869,225,2800
20260616,12,10,0.0005641753189448551,215,2800
20260616,12,30,-0.0008279862707580769,175,2800
20260616,13,1,0.0006737831487198479,233,2800
20260616,13,2,-0.00130206581097186,231,2800
20260616,13,5,0.00021494507122171334,225,2800
20260616,13,10,0.0004249251250533604,215,2800
20260616,13,30,-0.0005160027402636828,175,2800
20260616,14,1,0.00022135912437111355,233,2800
20260616,14,2,0.0011731290712679067,231,2800
20260616,14,5,-0.0009046307909099014,225,2800
20260616,14,10,-0.0008015935848096333,215,2800
20260616,14,30,0.000706716465291173,175,2800
20260616,15,1,0.0013243628168187868,233,2800
20260616,15,2,0.0006301123489178155,231,2800
20260616,15,5,-0.0002968815144803358,225,2800
20260616,15,10,0.0012934629790576442,215,2800
20260616,15,30,-0.0004015421234862167,175,2800
20260616,16,1,-0.0025165981483583903,233,2800
20260616,16,2,-0.001990024004195908,231,2800
20260616,16,5,-0.0015220287231560157,225,2800
20260616,16,10,-0.0010504062397310734,215,2800
20260616,16,30,-0.0004529434283510004,175,2800
20260616,17,1,0.0006695041471081298,233,2800
20260616,17,2,0.001034508491852665,231,2800
20260616,17,5,0.0008246282436806872,225,2800
20260616,17,10,-0.00033877641482746415,215,2800
20260616,17,30,0.00033674902658805046,175,2800
20260616,18,1,0.0005318040288223305,233,2800
20260616,18,2,0.0007682419868791775,231,2800
20260616,18,5,0.00133394485700126,225,2800
20260616,18,10,-0.0007101176173785844,215,2800
20260616,18,30,-0.0007703937180184041,175,2800
20260616,19,1,0.00022383923869622724,233,2800
20260616,19,2,0.00011246617187019233,231,2800
20260616,19,5,-0.0003453097414142435,225,2800
20260616,19,10,-0.00014278882982708381,215,2800
20260616,19,30,-0.00020012526943421826,175,2800
20260617,0,1,-0.0018569545249039188,233,2800
20260617,0,2,-0.0005598515741115317,231,2800
20260617,0,5,-0.00014181109287190105,225,2800
20260617,0,10,-0.0007900709147739418,215,2800
20260617,0,30,-0.00043409502759964724,175,2800
20260617,1,1,-1.0732015203340856e-05,233,2800
20260617,1,2,1.1855616747714762e-05,231,2800
20260617,1,5,1.9204110804520386e-05,225,2800
20260617,1,10,-0.0006843759034426533,215,2800
20260617,1,30,-0.0005205506314380961,175,2800
20260617,2,1,-0.0009782588260011636,233,2800
20260617,2,2,-0.0007826764584224162,231,2800
20260617,2,5,0.0001879241309755277,225,2800
20260617,2,10,0.0001194700832848202,215,2800
20260617,2,30,-0.00036994935919646316,175,2800
20260617,3,1,0.001652840918011815,233,2800
20260617,3,2,0.0013139603748527431,231,2800
20260617,3,5,0.00019951421622576809,225,2800
20260617,3,10,0.0009503907929436274,215,2800
20260617,3,30,0.00042298121112774344,175,2800
20260617,4,1,-0.0005187660885253791,233,2800
20260617,4,2,0.0001941333475991077,231,2800
20260617,4,5,0.0009888159392754167,225,2800
20260617,4,10,0.00020936773876784273,215,2800
20260617,4,30,-9.903478783142937e-05,175,2800
20260617,5,1,0.002994840823842979,233,2800
20260617,5,2,0.0003021279573774544,231,2800
20260617,5,5,-0.0002714816219097866,225,2800
20260617,5,10,0.00043546344225858574,215,2800
20260617,5,30,0.0002513762430348736,175,2800
20260617,6,1,0.0007277654422421565,233,2800
20260617,6,2,0.001959174934810937,231,2800
20260617,6,5,0.0029317746298442365,225,2800
20260617,6,10,0.0003632476235206935,215,2800
20260617,6,30,0.000485665543569571,175,2800
20260617,7,1,-0.0006686473809016958,233,2800
20260617,7,2,-0.0009136968844273939,231,2800
20260617,7,5,-0.0009794214242628604,225,2800
20260617,7,10,-0.0007452725335812982,215,2800
20260617,7,30,-0.00038210671929562356,175,2800
20260617,8,1,0.0017410173537712708,233,2800
20260617,8,2,0.00016020613707338563,231,2800
20260617,8,5,0.0017359542423688243,225,2800
20260617,8,10,0.0009638392602313504,215,2800
20260617,8,30,0.0006070715017942725,175,2800
20260617,9,1,0.0009331845921015477,233,2800
20260617,9,2,0.0017571007627896964,231,2800
20260617,9,5,0.000733637925877866,225,2800
20260617,9,10,-0.0003623792282187487,215,2800
20260617,9,30,0.00031423422566080416,175,2800
20260617,10,1,0.000991678955986998,233,2800
20260617,10,2,0.00016094363698485503,231,2800
20260617,10,5,-0.0006793054720611124,225,2800
20260617,10,10,0.0003756030858293184,215,2800
20260617,10,30,-6.53177641417385e-05,175,2800
20260617,11,1,-0.001277750472156631,233,2800
20260617,11,2,-0.0012267103733943961,231,2800
20260617,11,5,-0.0016756727427341038,225,2800
20260617,11,10,-0.0005917346455925186,215,2800
20260617,11,30,0.000624699298886344,175,2800
20260617,12,1,0.0015355991070311022,233,2800
20260617,12,2,0.0013439315224534573,231,2800
20260617,12,5,0.0021151753093143952,225,2800
20260617,12,10,0.0005056179369267318,215,2800
20260617,12,30,-0.0003303746030389258,175,2800
20260617,13,1,-0.0014634966675714683,233,2800
20260617,13,2,-0.0009723073127107198,231,2800
20260617,13,5,0.0001920000846224231,225,2800
20260617,13,10,0.0009248164036736811,215,2800
20260617,13,30,-0.0005026494817414788,175,2800
20260617,14,1,-0.0002870735081057937,233,2800
20260617,14,2,0.00010457558048223692,231,2800
20260617,14,5,0.00010283656165310712,225,2800
20260617,14,10,-0.0004288024965037958,215,2800
20260617,14,30,0.0010203833791971077,175,2800
20260617,15,1,-0.0020862063203059894,233,2800
20260617,15,2,-0.002863942857602725,231,2800
20260617,15,5,-0.001626678263296556,225,2800
20260617,15,10,-0.0010401367630164576,215,2800
20260617,15,30,-0.0013582957682549053,175,2800
20260617,16,1,0.001207023651658452,233,2800
20260617,16,2,0.00020631434890995855,231,2800
20260617,16,5,-0.0003283458012383464,225,2800
20260617,16,10,5.95950116024173e-05,215,2800
20260617,16,30,0.0009035019155294236,175,2800
20260617,17,1,-0.0020686754767893435,233,2800
20260617,17,2,-0.0009716225537944047,231,2800
20260617,17,5,5.695742512427968e-06,225,2800
20260617,17,10,-0.0004830750420899188,215,2800
20260617,17,30,-0.0013355816188584085,175,2800
20260617,18,1,-0.0022211341505405983,233,2800
20260617,18,2,-0.0022959822415114036,231,2800
20260617,18,5,-0.0007294848513403534,225,2800
20260617,18,10,-0.0007480906736683916,215,2800
20260617,18,30,0.00044912947019250124,175,2800
20260617,19,1,-0.001891341345685114,233,2800
20260617,19,2,0.0008310357894499386,231,2800
20260617,19,5,0.00016317968181556546,225,2800
20260617,19,10,0.0006444065729951245,215,2800
20260617,19,30,0.0001027387093672896,175,2800
20260618,0,1,-0.0002864379765592749,233,2800
20260618,0,2,-0.00048008585374032897,231,2800
20260618,0,5,3.76756672350157e-05,225,2800
20260618,0,10,0.0008843372254031824,215,2800
20260618,0,30,-0.00024106598877642597,175,2800
20260618,1,1,0.0003896667046757819,233,2800
20260618,1,2,0.0005196118657621244,231,2800
20260618,1,5,0.0010822048011163118,225,2800
20260618,1,10,0.00031003331336848966,215,2800
20260618,1,30,0.0013897271941316492,175,2800
20260618,2,1,-0.0012489120678596515,233,2800
20260618,2,2,-0.0012382149833682545,231,2800
20260618,2,5,-0.0010783722378194074,225,2800
20260618,2,10,-0.000854610239441887,215,2800
20260618,2,30,-0.0007809812308787776,175,2800
20260618,3,1,0.0004811762834523369,233,2800
20260618,3,2,0.00023202166511718326,231,2800
20260618,3,5,0.00014486450751737416,225,2800
20260618,3,10,0.0003366359044355728,215,2800
20260618,3,30,-0.0009572230536013548,175,2800
20260618,4,1,-0.0011056765261892854,233,2800
20260618,4,2,-3.578109449004596e-06,231,2800
20260618,4,5,5.974478511902402e-05,225,2800
20260618,4,10,0.00040759033782934083,215,2800
20260618,4,30,-0.0005948452227764465,175,2800
20260618,5,1,-0.0016010450536566164,233,2800
20260618,5,2,-0.0002989898433538728,231,2800
20260618,5,5,-0.0002757889545867318,225,2800
20260618,5,10,-0.001293296312792028,215,2800
20260618,5,30,-0.00016005703396215415,175,2800
20260618,6,1,0.0008262410361250677,233,2800
20260618,6,2,0.00011902624699747737,231,2800
20260618,6,5,-0.0005557079327857888,225,2800
20260618,6,10,-9.126421640255092e-05,215,2800
20260618,6,30,1.874809656078049e-05,175,2800
20260618,7,1,0.00014634282843130336,233,2800
20260618,7,2,0.0014514408303699094,231,2800
20260618,7,5,0.0007124323978792694,225,2800
20260618,7,10,0.001365228068763081,215,2800
20260618,7,30,0.0017937235812319743,175,2800
20260618,8,1,-0.0030661084037323033,233,2800
20260618,8,2,-0.001040747210787902,231,2800
20260618,8,5,-0.001501501464580934,225,2800
20260618,8,10,-0.0006263726942696992,215,2800
20260618,8,30,-0.00012080352719753587,175,2800
20260618,9,1,-0.00042548981497101535,233,2800
20260618,9,2,-0.0006999683165280792,231,2800
20260618,9,5,-0.0006710370386327712,225,2800
20260618,9,10,-0.0006013513671669283,215,2800
20260618,9,30,0.00035978099170431337,175,2800
20260618,10,1,0.001425609795503529,233,2800
20260618,10,2,-0.0003960442714052087,231,2800
20260618,10,5,0.0005758263657702255,225,2800
20260618,10,10,0.0009106700225171512,215,2800
20260618,10,30,0.00041921340040957354,175,2800
20260618,11,1,0.0005684345842743054,233,2800
20260618,11,2,0.00048212642518402523,231,2800
20260618,11,5,0.00013274891438776692,225,2800
20260618,11,10,0.0016281598671798775,215,2800
20260618,11,30,0.0011165754539160684,175,2800
20260618,12,1,0.004974982514693187,233,2800
20260618,12,2,0.002580876279467941,231,2800
20260618,12,5,0.002194450868309038,225,2800
20260618,12,10,0.0014500606370949321,215,2800
20260618,12,30,0.0004690198516348015,175,2800
20260618,13,1,0.00020817668445077462,233,2800
20260618,13,2,0.0007143480916546994,231,2800
20260618,13,5,0.00016898299197675234,225,2800
20260618,13,10,-0.00023691506950550292,215,2800
20260618,13,30,0.0016518299029271587,175,2800
20260618,14,1,-0.001683496278445344,233,2800
20260618,14,2,-0.001423993619624068,231,2800
20260618,14,5,-0.002538612420951863,225,2800
20260618,14,10,-0.00019624425294199546,215,2800
20260618,14,30,0.0005354801781940415,175,2800
20260618,15,1,-0.0001728120948138785,233,2800
20260618,15,2,-0.0006471139720906601,231,2800
20260618,15,5,2.4272179466615394e-05,225,2800
20260618,15,10,-0.0005831456612294732,215,2800
20260618,15,30,-0.000692416443125961,175,2800
20260618,16,1,-0.0013584292048764714,233,2800
20260618,16,2,-0.0006835077179546378,231,2800
20260618,16,5,-0.0009755041301884172,225,2800
20260618,16,10,-0.0013872921435375348,215,2800
20260618,16,30,0.0007912587405096296,175,2800
20260618,17,1,-0.00014185443962395707,233,2800
20260618,17,2,-5.40339599809521e-05,231,2800
20260618,17,5,0.001016689367073263,225,2800
20260618,17,10,0.0011273237754658406,215,2800
20260618,17,30,0.00027907221049356903,175,2800
20260618,18,1,0.0008585282533259979,233,2800
20260618,18,2,0.0006416656225859488,231,2800
20260618,18,5,0.00011479274175895014,225,2800
20260618,18,10,0.0004192413802267651,215,2800
20260618,18,30,0.0006404958795677172,175,2800
20260618,19,1,0.001639023163083108,233,2800
20260618,19,2,0.00045780693126059246,231,2800
20260618,19,5,-0.0008073674894969413,225,2800
20260618,19,10,-0.00042067145733486145,215,2800
20260618,19,30,-0.00022637843311074468,175,2800
20260622,0,1,0.000751892817287717,233,2800
20260622,0,2,-0.00030631838070783475,231,2800
20260622,0,5,-0.00030002419300206455,225,2800
20260622,0,10,-0.0003848783561178122,215,2800
20260622,0,30,0.000766822471558517,175,2800
20260622,1,1,0.0013072835736496107,233,2800
20260622,1,2,0.0005049367958508106,231,2800
20260622,1,5,-0.0010334981696330282,225,2800
20260622,1,10,-0.0008616678089194668,215,2800
20260622,1,30,-0.00017805352285358496,175,2800
20260622,2,1,-0.001517686011559248,233,2800
20260622,2,2,-0.0015999487215032195,231,2800
20260622,2,5,-0.0010097736217480806,225,2800
20260622,2,10,-0.0011724346093116337,215,2800
20260622,2,30,-0.00037668523409074167,175,2800
20260622,3,1,0.002110059875322371,233,2800
20260622,3,2,0.0003844560852722042,231,2800
20260622,3,5,0.0011766911310844984,225,2800
20260622,3,10,-9.385544728594398e-05,215,2800
20260622,3,30,0.00020595238721848744,175,2800
20260622,4,1,-0.0008934684548441045,233,2800
20260622,4,2,-0.00020070188093335726,231,2800
20260622,4,5,0.00038377564895591005,225,2800
20260622,4,10,-0.0007499673047075546,215,2800
20260622,4,30,-0.0007558681849978055,175,2800
20260622,5,1,-0.00117512954913088,233,2800
20260622,5,2,-0.002456593477738329,231,2800
20260622,5,5,-0.0009481766341456753,225,2800
20260622,5,10,-0.001164151687224545,215,2800
20260622,5,30,-5.4396334618401366e-05,175,2800
20260622,6,1,0.0020777100289618815,233,2800
20260622,6,2,0.0014655732839217366,231,2800
20260622,6,5,0.00023598598308289008,225,2800
20260622,6,10,0.000118259538646479,215,2800
20260622,6,30,-0.0004573206751628939,175,2800
20260622,7,1,0.00029580807670935984,233,2800
20260622,7,2,0.0008645716323380559,231,2800
20260622,7,5,-0.0002936554597714142,225,2800
20260622,7,10,-0.00037627858642410195,215,2800
20260622,7,30,-0.0007204460965660891,175,2800
20260622,8,1,-0.0005224084149799121,233,2800
20260622,8,2,0.0007451833970092816,231,2800
20260622,8,5,-0.00022731647628121656,225,2800
20260622,8,10,0.0002570464091462516,215,2800
20260622,8,30,0.00025239201672315817,175,2800
20260622,9,1,0.0008876039746036925,233,2800
20260622,9,2,0.00027970411938431106,231,2800
20260622,9,5,2.7438175091848488e-05,225,2800
20260622,9,10,0.00018881856573136005,215,2800
20260622,9,30,7.89517659818652e-05,175,2800
20260622,10,1,-9.592730327091906e-05,233,2800
20260622,10,2,0.0006285006573525879,231,2800
20260622,10,5,-0.0011433056241217216,225,2800
20260622,10,10,-0.0011287684008019479,215,2800
20260622,10,30,-0.0010266819682255603,175,2800
20260622,11,1,0.0010475600305998708,233,2800
20260622,11,2,0.00038406023050050305,231,2800
20260622,11,5,1.5047329707856149e-05,225,2800
20260622,11,10,-0.00047512234319868797,215,2800
20260622,11,30,-0.0010534518986981454,175,2800
20260622,12,1,-0.003345024019564224,233,2800
20260622,12,2,-0.0027928723359087184,231,2800
20260622,12,5,-0.0027756567924530156,225,2800
20260622,12,10,-0.001039631740577481,215,2800
20260622,12,30,-0.002397537327330068,175,2800
20260622,13,1,0.0005196863551729648,233,2800
20260622,13,2,-0.0001783942959979182,231,2800
20260622,13,5,0.001092572538507906,225,2800
20260622,13,10,0.00027607732149148074,215,2800
20260622,13,30,0.0008269612882355152,175,2800
20260622,14,1,-0.0014501688338960175,233,2800
20260622,14,2,0.000376875801051859,231,2800
20260622,14,5,-0.0014069874526494485,225,2800
20260622,14,10,0.0002483553282580237,215,2800
20260622,14,30,0.0009893890825055773,175,2800
20260622,15,1,0.0005183412952325472,233,2800
20260622,15,2,0.0006578118941026698,231,2800
20260622,15,5,-0.0003772208380207923,225,2800
20260622,15,10,0.0008906911651706065,215,2800
20260622,15,30,0.000904636363732414,175,2800
20260622,16,1,-0.00014001983692232454,233,2800
20260622,16,2,-0.0008511372174391875,231,2800
20260622,16,5,0.0001362021758930496,225,2800
20260622,16,10,-0.0006462547187874385,215,2800
20260622,16,30,7.475226263303933e-05,175,2800
20260622,17,1,-0.0015458911438135082,233,2800
20260622,17,2,-0.0014723731285025458,231,2800
20260622,17,5,2.797676593721611e-05,225,2800
20260622,17,10,-0.0006815207940857119,215,2800
20260622,17,30,5.482958006099604e-05,175,2800
20260622,18,1,-0.0004616531048528427,233,2800
20260622,18,2,0.0005811479737868154,231,2800
20260622,18,5,-0.00034375110953187955,225,2800
20260622,18,10,0.0008367944856653398,215,2800
20260622,18,30,0.0002508524155386628,175,2800
20260622,19,1,-0.0009386181931353138,233,2800
20260622,19,2,-0.001579473172914345,231,2800
20260622,19,5,0.0008111706274723188,225,2800
20260622,19,10,0.0004219181445188524,215,2800
20260622,19,30,-0.0005831860420098567,175,2800
20260623,0,1,-0.0008964716102396679,233,2800
20260623,0,2,-0.001139163628242211,231,2800
20260623,0,5,0.00013935468359431023,225,2800
20260623,0,10,-0.00018296657129337148,215,2800
20260623,0,30,-0.0009860235379191556,175,2800
20260623,1,1,0.00016131542633745198,233,2800
20260623,1,2,0.0005193238208454713,231,2800
20260623,1,5,0.001018673378350116,225,2800
20260623,1,10,-0.00011266669291490629,215,2800
20260623,1,30,-0.0006595492411140113,175,2800
20260623,2,1,0.0017037111486791488,233,2800
20260623,2,2,-0.000369599533940172,231,2800
20260623,2,5,0.0014626748687875492,225,2800
20260623,2,10,-4.92194461548922e-05,215,2800
20260623,2,30,0.0011402734839491932,175,2800
20260623,3,1,0.0005877270208777343,233,2800
20260623,3,2,7.166161681002031e-05,231,2800
20260623,3,5,-0.0009582369357982838,225,2800
20260623,3,10,-1.463503400764262e-05,215,2800
20260623,3,30,-0.0004692032050109778,175,2800
20260623,4,1,-0.000906190190117044,233,2800
20260623,4,2,-0.00024070893548284843,231,2800
20260623,4,5,-6.465460900084263e-05,225,2800
20260623,4,10,0.0004588642231375732,215,2800
20260623,4,30,0.0007056749863768235,175,2800
20260623,5,1,0.0005560527047682054,233,2800
20260623,5,2,0.00040528002025925835,231,2800
20260623,5,5,0.0003617637297656171,225,2800
20260623,5,10,0.00023182318762287338,215,2800
20260623,5,30,-0.0009981961030936003,175,2800
20260623,6,1,-0.002480557242210141,233,2800
20260623,6,2,-0.0024102230589550626,231,2800
20260623,6,5,-0.00190941168273285,225,2800
20260623,6,10,-0.003007402908164895,215,2800
20260623,6,30,-0.0004714140653388565,175,2800
20260623,7,1,0.0026755516715464456,233,2800
20260623,7,2,0.00043432180426866414,231,2800
20260623,7,5,0.0009240244026562489,225,2800
20260623,7,10,0.0008807946970765056,215,2800
20260623,7,30,0.0009738317951140865,175,2800
20260623,8,1,-0.0006566736461961817,233,2800
20260623,8,2,-0.0019780978691227627,231,2800
20260623,8,5,-0.0006604746512334007,225,2800
20260623,8,10,-0.0012257840554836046,215,2800
20260623,8,30,-9.981225334641373e-05,175,2800
20260623,9,1,0.0005022847205601113,233,2800
20260623,9,2,0.0009871889471910309,231,2800
20260623,9,5,0.0010250399886754618,225,2800
20260623,9,10,0.0005497692031242856,215,2800
20260623,9,30,-0.00015214472848710145,175,2800
20260623,10,1,-0.0022757416582402587,233,2800
20260623,10,2,-0.0013841691702378143,231,2800
20260623,10,5,-0.0006504679585000038,225,2800
20260623,10,10,-0.0007195749170763305,215,2800
20260623,10,30,-0.0011144436650636774,175,2800
20260623,11,1,0.0025772431536837405,233,2800
20260623,11,2,0.002234252329082645,231,2800
20260623,11,5,0.0008492845727353621,225,2800
20260623,11,10,-0.00024243561410632741,215,2800
20260623,11,30,0.0005405519804502155,175,2800
20260623,12,1,0.0023443036826272232,233,2800
20260623,12,2,0.0023685851594292947,231,2800
20260623,12,5,0.00336319676372594,225,2800
20260623,12,10,0.0017995012525488748,215,2800
20260623,12,30,0.0016072436250094053,175,2800
20260623,13,1,0.002196874113817581,233,2800
20260623,13,2,-3.708174682413033e-05,231,2800
20260623,13,5,0.0014563068253161478,225,2800
20260623,13,10,0.0003021866045216946,215,2800
20260623,13,30,-0.0006276632976279767,175,2800
20260623,14,1,0.0029672826195220542,233,2800
20260623,14,2,0.00022542667419041788,231,2800
20260623,14,5,-0.00018907826995479265,225,2800
20260623,14,10,-0.0005366046656829725,215,2800
20260623,14,30,-0.0011514851787579456,175,2800
20260623,15,1,0.00015550244249347338,233,2800
20260623,15,2,-0.001151301019337401,231,2800
20260623,15,5,0.0006407792211002521,225,2800
20260623,15,10,0.0013396533635103615,215,2800
20260623,15,30,0.0007298112949432843,175,2800
20260623,16,1,0.00017214295202350885,233,2800
20260623,16,2,-0.001542546482016612,231,2800
20260623,16,5,-0.0007779133655890374,225,2800
20260623,16,10,0.0013263177290491234,215,2800
20260623,16,30,-0.000366537177599298,175,2800
20260623,17,1,-0.0009181682554707336,233,2800
20260623,17,2,-8.450298162200038e-05,231,2800
20260623,17,5,0.00013621000739800959,225,2800
20260623,17,10,0.000545454251364307,215,2800
20260623,17,30,-7.918742309656665e-05,175,2800
20260623,18,1,-0.0005524227494368859,233,2800
20260623,18,2,-0.00024087878001116634,231,2800
20260623,18,5,-0.0003026525839336368,225,2800
20260623,18,10,0.0006676847067389762,215,2800
20260623,18,30,-0.00015976539591698266,175,2800
20260623,19,1,0.0004251897806519352,233,2800
20260623,19,2,-0.0008415958613990052,231,2800
20260623,19,5,-0.000602518212175119,225,2800
20260623,19,10,0.00026197913681536955,215,2800
20260623,19,30,-0.00031454231597905923,175,2800
20260624,0,1,0.00257543295221085,233,2800
20260624,0,2,-0.000502917491711872,231,2800
20260624,0,5,0.0010264919652942979,225,2800
20260624,0,10,-3.560670437548827e-05,215,2800
20260624,0,30,-0.0001735362022654199,175,2800
20260624,1,1,0.0002478899209658593,233,2800
20260624,1,2,0.0018173854763767375,231,2800
20260624,1,5,0.0005046343415837402,225,2800
20260624,1,10,0.00047851991899847867,215,2800
20260624,1,30,0.0013937329747304187,175,2800
20260624,2,1,-0.0025702543565377356,233,2800
20260624,2,2,-0.0019647895166256505,231,2800
20260624,2,5,0.0001537823966033692,225,2800
20260624,2,10,0.00059527617025088,215,2800
20260624,2,30,-0.0006147444515117043,175,2800
20260624,3,1,5.322357233862813e-05,233,2800
20260624,3,2,-0.00207559425097116,231,2800
20260624,3,5,-0.0001916532395946064,225,2800
20260624,3,10,-0.0007327844182669,215,2800
20260624,3,30,6.205761814388255e-05,175,2800
20260624,4,1,3.956273276153554e-05,233,2800
20260624,4,2,0.0004026308832736793,231,2800
20260624,4,5,0.000515465259317535,225,2800
20260624,4,10,-0.000560383088108232,215,2800
20260624,4,30,-0.0008495058748926641,175,2800
20260624,5,1,-0.00047654032513214274,233,2800
20260624,5,2,0.000936590333359523,231,2800
20260624,5,5,-0.0010561462013378377,225,2800
20260624,5,10,-0.0013182773918279985,215,2800
20260624,5,30,-0.00022233370837154012,175,2800
20260624,6,1,-0.001938666089255573,233,2800
20260624,6,2,-0.0007932788456602738,231,2800
20260624,6,5,-0.002114151326370665,225,2800
20260624,6,10,-0.0013708956653178494,215,2800
20260624,6,30,-0.0008962475869647986,175,2800
20260624,7,1,-0.001217538038038861,233,2800
20260624,7,2,0.001410256428484536,231,2800
20260624,7,5,2.678575377986495e-05,225,2800
20260624,7,10,0.0007059479574544731,215,2800
20260624,7,30,-0.0004003842504170899,175,2800
20260624,8,1,-0.0010112962692741805,233,2800
20260624,8,2,0.0009358342895256877,231,2800
20260624,8,5,-0.0002548221620404106,225,2800
20260624,8,10,-0.0010898709881756242,215,2800
20260624,8,30,-0.0014853945461156457,175,2800
20260624,9,1,0.00024403632983099768,233,2800
20260624,9,2,0.00018063109407343947,231,2800
20260624,9,5,-0.0004890270274765126,225,2800
20260624,9,10,0.0017514883766758358,215,2800
20260624,9,30,0.001744314720833709,175,2800
20260624,10,1,-0.000606934934262307,233,2800
20260624,10,2,-0.0002500753681334132,231,2800
20260624,10,5,-0.0021383790867168053,225,2800
20260624,10,10,-0.00043411246736579034,215,2800
20260624,10,30,-0.00019593645128310782,175,2800
20260624,11,1,0.00048133221923628294,233,2800
20260624,11,2,-0.00037007759532557195,231,2800
20260624,11,5,0.0005366123921525132,225,2800
20260624,11,10,0.0002641513624859357,215,2800
20260624,11,30,-0.0001972396550527863,175,2800
20260624,12,1,-4.7457109377440315e-05,233,2800
20260624,12,2,9.202414600839451e-05,231,2800
20260624,12,5,-6.295051964933705e-05,225,2800
20260624,12,10,-2.9275101320783275e-06,215,2800
20260624,12,30,-0.0004072942796165408,175,2800
20260624,13,1,-0.000983226824418368,233,2800
20260624,13,2,-9.154711209725659e-05,231,2800
20260624,13,5,0.0006227203950203626,225,2800
20260624,13,10,0.0001829493437756175,215,2800
20260624,13,30,0.000838930022729524,175,2800
20260624,14,1,-0.0009323266878230482,233,2800
20260624,14,2,-0.001985071856875553,231,2800
20260624,14,5,-0.0020695327995004995,225,2800
20260624,14,10,-0.001048829687627355,215,2800
20260624,14,30,-0.0013903403828867214,175,2800
20260624,15,1,0.0009053729421679154,233,2800
20260624,15,2,-0.00030926967325851007,231,2800
20260624,15,5,-0.0006785469873455524,225,2800
20260624,15,10,-0.00013382932449092019,215,2800
20260624,15,30,0.00024309873579986572,175,2800
20260624,16,1,0.0002046845651503568,233,2800
20260624,16,2,-4.7592390051691745e-05,231,2800
20260624,16,5,-1.4938554862375694e-05,225,2800
20260624,16,10,0.000303611563437791,215,2800
20260624,16,30,0.001731720722296228,175,2800
20260624,17,1,0.00010643353563350949,233,2800
20260624,17,2,-1.9091385818332127e-05,231,2800
20260624,17,5,6.524087081454771e-05,225,2800
20260624,17,10,0.0009243126247452664,215,2800
20260624,17,30,0.0009543849283047883,175,2800
20260624,18,1,-8.986712358063718e-05,233,2800
20260624,18,2,-0.0005301823329080968,231,2800
20260624,18,5,-0.00021905487753927323,225,2800
20260624,18,10,-0.0005948742285682887,215,2800
20260624,18,30,0.00021729402949179395,175,2800
20260624,19,1,0.0002858872586561858,233,2800
20260624,19,2,-0.0015558125721780495,231,2800
20260624,19,5,-0.0008543524238514591,225,2800
20260624,19,10,0.00024970695211549233,215,2800
20260624,19,30,-0.0005300765774870192,175,2800
20260625,0,1,0.0008356035662339297,233,2800
20260625,0,2,0.0014355569450708323,231,2800
20260625,0,5,0.0005778249685569469,225,2800
20260625,0,10,0.000919904182685158,215,2800
20260625,0,30,6.958268499350186e-05,175,2800
20260625,1,1,-0.0008722868909921028,233,2800
20260625,1,2,-0.0006047048025464516,231,2800
20260625,1,5,-0.0005555357547801203,225,2800
20260625,1,10,-0.00030091517385837335,215,2800
20260625,1,30,-0.00019646280053391507,175,2800
20260625,2,1,-0.0008017408156135028,233,2800
20260625,2,2,-0.002576751462114009,231,2800
20260625,2,5,-0.0010765870312466166,225,2800
20260625,2,10,-0.0008709219102532058,215,2800
20260625,2,30,-4.0097262326753624e-06,175,2800
20260625,3,1,0.0010855044943570515,233,2800
20260625,3,2,-0.00016687201540811566,231,2800
20260625,3,5,0.0004221124908656607,225,2800
20260625,3,10,-0.0003589877418179579,215,2800
20260625,3,30,-0.00013238576979136924,175,2800
20260625,4,1,0.0008415992763552238,233,2800
20260625,4,2,0.001802025538394465,231,2800
20260625,4,5,0.0005053482557761027,225,2800
20260625,4,10,0.00032852026622629243,215,2800
20260625,4,30,0.0006989708264521406,175,2800
20260625,5,1,-0.0030994048277786833,233,2800
20260625,5,2,-0.0009758652155374515,231,2800
20260625,5,5,0.0002565084060394115,225,2800
20260625,5,10,-0.000498946959207703,215,2800
20260625,5,30,0.00010872503971306733,175,2800
20260625,6,1,0.0032787210321066195,233,2800
20260625,6,2,0.002295864361747329,231,2800
20260625,6,5,0.0010212233199112337,225,2800
20260625,6,10,0.0006359837543982097,215,2800
20260625,6,30,0.00017708337880031718,175,2800
20260625,7,1,4.435599682265611e-05,233,2800
20260625,7,2,0.0012789519324552493,231,2800
20260625,7,5,0.0007358061639152389,225,2800
20260625,7,10,-0.0001888400438713068,215,2800
20260625,7,30,1.704587567363834e-05,175,2800
20260625,8,1,-0.0013058120615361552,233,2800
20260625,8,2,-0.001474277675995525,231,2800
20260625,8,5,-0.0014179527171739143,225,2800
20260625,8,10,-0.00039075110095918535,215,2800
20260625,8,30,0.00010203608051092549,175,2800
20260625,9,1,-0.0019703539929589895,233,2800
20260625,9,2,-0.0010741084813474014,231,2800
20260625,9,5,-0.0013152779569729543,225,2800
20260625,9,10,-0.00035407184490895223,215,2800
20260625,9,30,0.00021808170163591583,175,2800
20260625,10,1,-0.00021187764836081953,233,2800
20260625,10,2,0.00027325478395154274,231,2800
20260625,10,5,-0.0002679708029717741,225,2800
20260625,10,10,5.3780282830128096e-05,215,2800
20260625,10,30,0.000770545893736716,175,2800
20260625,11,1,-0.0012963017112878228,233,2800
20260625,11,2,-0.0013953003042698612,231,2800
20260625,11,5,-0.0005497277147808688,225,2800
20260625,11,10,0.00045702537499061734,215,2800
20260625,11,30,-0.0008702839067805764,175,2800
20260625,12,1,-0.001626707236420315,233,2800
20260625,12,2,-0.001894016647155276,231,2800
20260625,12,5,-0.0008555550405193566,225,2800
20260625,12,10,-0.0009916577536292163,215,2800
20260625,12,30,-0.0010843227002492381,175,2800
20260625,13,1,-0.001538237982636912,233,2800
20260625,13,2,-0.0011876503125262596,231,2800
20260625,13,5,0.0004103796975244847,225,2800
20260625,13,10,-0.0008552465274001308,215,2800
20260625,13,30,0.0001169423946814934,175,2800
20260625,14,1,-0.00033195638347229624,233,2800
20260625,14,2,0.0006018376665214357,231,2800
20260625,14,5,-0.0010291346635113922,225,2800
20260625,14,10,-0.00020380521549226183,215,2800
20260625,14,30,-0.0003314932878300405,175,2800
20260625,15,1,-0.0013167159226028843,233,2800
20260625,15,2,-0.000275106364113013,231,2800
20260625,15,5,0.0006701109932604646,225,2800
20260625,15,10,-0.0008311349806356803,215,2800
20260625,15,30,0.0010686008258848315,175,2800
20260625,16,1,0.0002181608647142385,233,2800
20260625,16,2,0.001062194251799614,231,2800
20260625,16,5,0.0003359021360218267,225,2800
20260625,16,10,-0.0003373643168695731,215,2800
20260625,16,30,0.00043736249354343394,175,2800
20260625,17,1,0.0012897199917488713,233,2800
20260625,17,2,-0.00017900439082308315,231,2800
20260625,17,5,-0.000533504422933819,225,2800
20260625,17,10,0.00011125706077794454,215,2800
20260625,17,30,-0.0005690488574085765,175,2800
20260625,18,1,-0.001290253220916908,233,2800
20260625,18,2,-0.0014014064019216262,231,2800
20260625,18,5,-0.00138245287635395,225,2800
20260625,18,10,-0.0006484175220457574,215,2800
20260625,18,30,-0.0005689448228518712,175,2800
20260625,19,1,0.001698967409810662,233,2800
20260625,19,2,0.0002253553554328227,231,2800
20260625,19,5,0.0002489851237972599,225,2800
20260625,19,10,0.0005685874159171719,215,2800
20260625,19,30,0.0011402503113915729,175,2800
20260626,0,1,0.0009908383614773476,233,2800
20260626,0,2,0.0012858366108472257,231,2800
20260626,0,5,0.000902625422812663,225,2800
20260626,0,10,0.0009929835068528228,215,2800
20260626,0,30,0.0006134096931755967,175,2800
20260626,1,1,2.7309268602168802e-06,233,2800
20260626,1,2,-0.0012929526478635883,231,2800
20260626,1,5,2.621377325982385e-05,225,2800
20260626,1,10,-0.00011540040025478319,215,2800
20260626,1,30,-0.00025665909989535854,175,2800
20260626,2,1,-0.0022343714513663516,233,2800
20260626,2,2,-1.6062762960310378e-05,231,2800
20260626,2,5,0.00017899017730960785,225,2800
20260626,2,10,0.0005511361342612956,215,2800
20260626,2,30,0.0003669984027981725,175,2800
20260626,3,1,0.001238363731621433,233,2800
20260626,3,2,0.000121753194386701,231,2800
20260626,3,5,-0.0003492598328518826,225,2800
20260626,3,10,-0.0009052221026445261,215,2800
20260626,3,30,3.484410915645144e-05,175,2800
20260626,4,1,-0.0006796326350644501,233,2800
20260626,4,2,-0.0003244458748719015,231,2800
20260626,4,5,0.0004974293404768913,225,2800
20260626,4,10,8.415560794202217e-05,215,2800
20260626,4,30,-0.0003319797074466538,175,2800
20260626,5,1,0.0024918521288766226,233,2800
20260626,5,2,1.3614672440066288e-05,231,2800
20260626,5,5,-0.00023536113019263308,225,2800
20260626,5,10,0.00021645849944360984,215,2800
20260626,5,30,6.962600329342985e-05,175,2800
20260626,6,1,0.0002701373541879922,233,2800
20260626,6,2,-0.0017006441747981942,231,2800
20260626,6,5,-0.0003654045111160856,225,2800
20260626,6,10,-0.00016868427289871388,215,2800
20260626,6,30,0.00020949434974744076,175,2800
20260626,7,1,6.571885309775757e-05,233,2800
20260626,7,2,0.0005457570372634204,231,2800
20260626,7,5,2.6332272690643484e-05,225,2800
20260626,7,10,-0.0006610619114304039,215,2800
20260626,7,30,-1.5623989295897253e-05,175,2800
20260626,8,1,0.0006107819576780172,233,2800
20260626,8,2,-0.0006987131727374336,231,2800
20260626,8,5,0.0002340511562763613,225,2800
20260626,8,10,-0.0004682237779611661,215,2800
20260626,8,30,-0.0008055407300825492,175,2800
20260626,9,1,-0.0024021000650045828,233,2800
20260626,9,2,-0.0019591973604432718,231,2800
20260626,9,5,-0.00059406073186418,225,2800
20260626,9,10,-0.0006377091629480696,215,2800
20260626,9,30,-0.0005827282862547622,175,2800
20260626,10,1,0.0006850717831701282,233,2800
20260626,10,2,0.0002888329165299471,231,2800
20260626,10,5,0.001153789687738515,225,2800
20260626,10,10,0.0009261697656583113,215,2800
20260626,10,30,-0.0005698491844376314,175,2800
20260626,11,1,0.00013237634336319426,233,2800
20260626,11,2,-0.001890193464697565,231,2800
20260626,11,5,0.0003460344897659288,225,2800
20260626,11,10,-0.0004155738170089914,215,2800
20260626,11,30,-0.001088500208848507,175,2800
20260626,12,1,-0.00044027270193340676,233,2800
20260626,12,2,-0.00017217354161347062,231,2800
20260626,12,5,-0.0004891999123384568,225,2800
20260626,12,10,1.7742154168562462e-05,215,2800
20260626,12,30,0.0007944024562239184,175,2800
20260626,13,1,-0.00020156579653489022,233,2800
20260626,13,2,-0.0008689931173160685,231,2800
20260626,13,5,-0.0007709526248857662,225,2800
20260626,13,10,-0.000351976982534741,215,2800
20260626,13,30,0.000167735683885051,175,2800
20260626,14,1,0.0022448394937364413,233,2800
20260626,14,2,0.001722795573793032,231,2800
20260626,14,5,0.0003478377462352268,225,2800
20260626,14,10,0.0007903376814880195,215,2800
20260626,14,30,0.00020084172088470243,175,2800
20260626,15,1,-0.0006654605018641274,233,2800
20260626,15,2,0.0012519072496090101,231,2800
20260626,15,5,0.001136163983633695,225,2800
20260626,15,10,0.0010490787163363049,215,2800
20260626,15,30,0.0011318993343047582,175,2800
20260626,16,1,0.0012475406459594763,233,2800
20260626,16,2,5.7275452394207744e-05,231,2800
20260626,16,5,-0.0009571836133735491,225,2800
20260626,16,10,-0.0009733869590166125,215,2800
20260626,16,30,-0.0013990290628668955,175,2800
20260626,17,1,-0.0003642636927364332,233,2800
20260626,17,2,-0.0012998570826955433,231,2800
20260626,17,5,-0.000670997041809813,225,2800
20260626,17,10,0.0009056464034240435,215,2800
20260626,17,30,0.0013391313428779603,175,2800
20260626,18,1,0.0004913793421918368,233,2800
20260626,18,2,-0.0002805781831923638,231,2800
20260626,18,5,-2.2184803497719378e-06,225,2800
20260626,18,10,0.00035194198819435093,215,2800
20260626,18,30,0.0008934169409819835,175,2800
20260626,19,1,-0.00014121021117262717,233,2800
20260626,19,2,0.000425036094001522,231,2800
20260626,19,5,0.0006511949527079475,225,2800
20260626,19,10,-0.0007973117507808662,215,2800
20260626,19,30,0.000727473023967047,175,2800
20260629,0,1,0.0003782970978772776,233,2800
20260629,0,2,-0.0009531506715127512,231,2800
20260629,0,5,0.0007423860904983587,225,2800
20260629,0,10,0.0005219985901609121,215,2800
20260629,0,30,-0.0005929289866771039,175,2800
20260629,1,1,0.001377255557081755,233,2800
20260629,1,2,0.0011238316927397456,231,2800
20260629,1,5,0.00228708921454165,225,2800
20260629,1,10,0.001803192909497375,215,2800
20260629,1,30,0.0008419987101477443,175,2800
20260629,2,1,-0.0023462452511473077,233,2800
20260629,2,2,-0.000955801527998907,231,2800
20260629,2,5,0.0002742094576716531,225,2800
20260629,2,10,-0.00019085061826238834,215,2800
20260629,2,30,0.00020651633215702637,175,2800
20260629,3,1,0.0007586065060248761,233,2800
20260629,3,2,-0.00028971369806854707,231,2800
20260629,3,5,0.0005090464378018659,225,2800
20260629,3,10,-0.0003574385637562143,215,2800
20260629,3,30,-0.00032659539149024425,175,2800
20260629,4,1,0.00015553200514443013,233,2800
20260629,4,2,0.0003013686533085376,231,2800
20260629,4,5,0.000326308598688241,225,2800
20260629,4,10,-0.0008203911041645789,215,2800
20260629,4,30,-0.0001346350672812566,175,2800
20260629,5,1,-0.00032590345128987635,233,2800
20260629,5,2,-0.0011828465697947337,231,2800
20260629,5,5,-0.00020256104398697503,225,2800
20260629,5,10,-0.0003746676131399262,215,2800
20260629,5,30,0.0002693711093497947,175,2800
20260629,6,1,-0.000602888367726915,233,2800
20260629,6,2,0.0013570348160737737,231,2800
20260629,6,5,-0.0009236429069273143,225,2800
20260629,6,10,0.00030025587125571154,215,2800
20260629,6,30,1.8150943519584477e-05,175,2800
20260629,7,1,-0.002136210439369214,233,2800
20260629,7,2,-0.00142778614008354,231,2800
20260629,7,5,-0.0003989859179406906,225,2800
20260629,7,10,-0.0007082378444635298,215,2800
20260629,7,30,-0.0002596388065698131,175,2800
20260629,8,1,9.710545464820826e-07,233,2800
20260629,8,2,0.0005443279563902993,231,2800
20260629,8,5,0.0005452947459075546,225,2800
20260629,8,10,0.0007382718323251752,215,2800
20260629,8,30,0.002292675085918654,175,2800
20260629,9,1,0.0007213950696562981,233,2800
20260629,9,2,-0.00031755975424067667,231,2800
20260629,9,5,0.0015951864063979597,225,2800
20260629,9,10,0.0008225475721925691,215,2800
20260629,9,30,0.0005157382870239097,175,2800
20260629,10,1,-0.00036151509177281566,233,2800
20260629,10,2,-0.0014363139174034792,231,2800
20260629,10,5,-0.0008524801126040722,225,2800
20260629,10,10,-0.0008579327524806892,215,2800
20260629,10,30,0.00037577440666989773,175,2800
20260629,11,1,0.00031535988714792356,233,2800
20260629,11,2,0.0003852704813171338,231,2800
20260629,11,5,0.0005216632140643078,225,2800
20260629,11,10,0.00040701053835611616,215,2800
20260629,11,30,0.00048293962168638455,175,2800
20260629,12,1,0.001319151099395248,233,2800
20260629,12,2,0.0010180096860839965,231,2800
20260629,12,5,0.000853814051442972,225,2800
20260629,12,10,0.0005512276808511014,215,2800
20260629,12,30,0.001272687156593598,175,2800
20260629,13,1,-0.001527096288822196,233,2800
20260629,13,2,-0.0014437886044326468,231,2800
20260629,13,5,0.00023173357118392427,225,2800
20260629,13,10,0.00010267300186559698,215,2800
20260629,13,30,0.0012022081488011376,175,2800
20260629,14,1,0.003208690309811834,233,2800
20260629,14,2,0.0008864141895309065,231,2800
20260629,14,5,-1.947731655173923e-05,225,2800
20260629,14,10,-0.0001716322175175533,215,2800
20260629,14,30,0.0006303383790224452,175,2800
20260629,15,1,0.00029707396579591033,233,2800
20260629,15,2,0.0003104009234875922,231,2800
20260629,15,5,0.0006422493552169981,225,2800
20260629,15,10,0.0010841538326722708,215,2800
20260629,15,30,0.0005650179853596079,175,2800
20260629,16,1,-2.23890630730535e-05,233,2800
20260629,16,2,0.00019350645201590664,231,2800
20260629,16,5,-0.00014418089385056528,225,2800
20260629,16,10,0.0003003249843472363,215,2800
20260629,16,30,0.000846958834230294,175,2800
20260629,17,1,-0.0003107658144868944,233,2800
20260629,17,2,-0.0006865217232765082,231,2800
20260629,17,5,-0.0011134092632114538,225,2800
20260629,17,10,-0.0005153613734867919,215,2800
20260629,17,30,-0.0004571339514851851,175,2800
20260629,18,1,9.246066447924224e-05,233,2800
20260629,18,2,-0.0009702780531754727,231,2800
20260629,18,5,-0.0004400695794115783,225,2800
20260629,18,10,-0.0006016643289293539,215,2800
20260629,18,30,-0.00036983684661578053,175,2800
20260629,19,1,-0.0026083881930848204,233,2800
20260629,19,2,-0.000949233626225772,231,2800
20260629,19,5,-0.0018501073778747915,225,2800
20260629,19,10,-0.0002278668024467723,215,2800
20260629,19,30,0.0004139855434523544,175,2800
20260630,0,1,0.000948726718719262,233,2800
20260630,0,2,9.924097589756116e-05,231,2800
20260630,0,5,0.0007661201569478208,225,2800
20260630,0,10,-0.00022447345803816685,215,2800
20260630,0,30,-0.0006798853501934003,175,2800
20260630,1,1,-0.000999603156285711,233,2800
20260630,1,2,-0.0008304454736541132,231,2800
20260630,1,5,-0.0005416362552745605,225,2800
20260630,1,10,-0.001885431890013844,215,2800
20260630,1,30,-0.0009080329153425274,175,2800
20260630,2,1,0.00016607638655380386,233,2800
20260630,2,2,0.00014518481555535995,231,2800
20260630,2,5,0.0001014348125537225,225,2800
20260630,2,10,0.000763764412880191,215,2800
20260630,2,30,0.00030193796052766273,175,2800
20260630,3,1,0.0005564587499330093,233,2800
20260630,3,2,0.0010232560694507069,231,2800
20260630,3,5,0.0006977434014932147,225,2800
20260630,3,10,-0.000654285047905638,215,2800
20260630,3,30,0.0001198146767960867,175,2800
20260630,4,1,-0.00011286922790939064,233,2800
20260630,4,2,-0.00027376978309084525,231,2800
20260630,4,5,0.00035130359222369973,225,2800
20260630,4,10,0.0006484768575565855,215,2800
20260630,4,30,0.00046243325989182935,175,2800
20260630,5,1,-0.0011439874988298604,233,2800
20260630,5,2,0.00030185126849303977,231,2800
20260630,5,5,0.0007086119479973505,225,2800
20260630,5,10,-0.0006703518874879036,215,2800
20260630,5,30,0.0008773215403451151,175,2800
20260630,6,1,-0.0006723928718483342,233,2800
20260630,6,2,-0.0010203964569577128,231,2800
20260630,6,5,-0.0004912012259328247,225,2800
20260630,6,10,-0.0008040736400359322,215,2800
20260630,6,30,-8.526699625110331e-05,175,2800
20260630,7,1,-0.0012274285286649391,233,2800
20260630,7,2,0.000774838879990428,231,2800
20260630,7,5,-0.000856570915690259,225,2800
20260630,7,10,0.0006986752138139251,215,2800
20260630,7,30,0.000688589111775268,175,2800
20260630,8,1,0.0015380248897652069,233,2800
20260630,8,2,-0.00026854123478013724,231,2800
20260630,8,5,0.0012772401677446782,225,2800
20260630,8,10,0.00033072743932842515,215,2800
20260630,8,30,6.182727067325525e-06,175,2800
20260630,9,1,5.448415674825562e-05,233,2800
20260630,9,2,0.00031123541334321646,231,2800
20260630,9,5,0.0001751865055579763,225,2800
20260630,9,10,0.0006761501014761523,215,2800
20260630,9,30,-0.0007076706227347777,175,2800
20260630,10,1,-0.0006028740004640408,233,2800
20260630,10,2,-0.00046850426899486134,231,2800
20260630,10,5,-7.212107706194164e-05,225,2800
20260630,10,10,0.0002415432426776533,215,2800
20260630,10,30,-0.0011479306373387427,175,2800
20260630,11,1,-0.0007507775488743485,233,2800
20260630,11,2,0.0002565264082305974,231,2800
20260630,11,5,-0.0008419573338478468,225,2800
20260630,11,10,0.0002671866183712272,215,2800
20260630,11,30,0.000737968221060715,175,2800
20260630,12,1,0.0012010754824123065,233,2800
20260630,12,2,0.0019875138863292177,231,2800
20260630,12,5,0.001668852937806954,225,2800
20260630,12,10,-5.666804256852764e-05,215,2800
20260630,12,30,3.771971926880185e-05,175,2800
20260630,13,1,0.0005907062369829452,233,2800
20260630,13,2,-0.0010855033621042978,231,2800
20260630,13,5,4.774922703421897e-05,225,2800
20260630,13,10,0.00047815597686053947,215,2800
20260630,13,30,-0.0007696593236511646,175,2800
20260630,14,1,0.0011392178085673646,233,2800
20260630,14,2,0.0019631214519659637,231,2800
20260630,14,5,6.440966142275887e-05,225,2800
20260630,14,10,-0.0006257552657451457,215,2800
20260630,14,30,-0.0004649676989053835,175,2800
20260630,15,1,-0.00022812745076972816,233,2800
20260630,15,2,-0.00013244401014293094,231,2800
20260630,15,5,0.0019229866727276418,225,2800
20260630,15,10,0.0011051330074502447,215,2800
20260630,15,30,-4.804978348711692e-05,175,2800
20260630,16,1,-0.0009108360657717582,233,2800
20260630,16,2,0.0007138672390643294,231,2800
20260630,16,5,0.000923722404668484,225,2800
20260630,16,10,0.00045980936009509983,215,2800
20260630,16,30,0.0010167631558380818,175,2800
20260630,17,1,0.0009408195221178623,233,2800
20260630,17,2,-0.00034322728633016806,231,2800
20260630,17,5,-0.001329124810899588,225,2800
20260630,17,10,-0.0011670314775128969,215,2800
20260630,17,30,-0.0012747518945356807,175,2800
20260630,18,1,0.0013752124592684384,233,2800
20260630,18,2,0.00042645425473206096,231,2800
20260630,18,5,0.0010585661959918165,225,2800
20260630,18,10,0.0005057085862525091,215,2800
20260630,18,30,0.000924825049496073,175,2800
20260630,19,1,-0.0010127967678112185,233,2800
20260630,19,2,-0.0008045276378916256,231,2800
20260630,19,5,0.0004930962937261791,225,2800
20260630,19,10,0.0003820826219133203,215,2800
20260630,19,30,-0.0002434910041458742,175,2800
20260701,0,1,0.0009667478542659816,233,2800
20260701,0,2,0.0013163079331330201,231,2800
20260701,0,5,0.0004988605550750438,225,2800
20260701,0,10,0.00023637031468988473,215,2800
20260701,0,30,0.0010796440784341958,175,2800
20260701,1,1,-0.0017772117450786838,233,2800
20260701,1,2,-0.001545559344892451,231,2800
20260701,1,5,0.00010054528134147928,225,2800
20260701,1,10,-0.0006162217235743531,215,2800
20260701,1,30,0.0005373542538397802,175,2800
20260701,2,1,0.0021769904625394544,233,2800
20260701,2,2,0.0013721563074020615,231,2800
20260701,2,5,0.0006651286817820023,225,2800
20260701,2,10,0.0005172935817986907,215,2800
20260701,2,30,0.0003039792130727667,175,2800
20260701,3,1,0.0017359392056236086,233,2800
20260701,3,2,0.0003501948538094586,231,2800
20260701,3,5,-0.0007413481617087029,225,2800
20260701,3,10,-9.928120999036471e-05,215,2800
20260701,3,30,-0.0005956780749255018,175,2800
20260701,4,1,-0.00017091778339370104,233,2800
20260701,4,2,-3.0161392167288486e-05,231,2800
20260701,4,5,-0.0009147127812087729,225,2800
20260701,4,10,-0.0004337836709942226,215,2800
20260701,4,30,-0.0002882070819265587,175,2800
20260701,5,1,-0.00030619381187966746,233,2800
20260701,5,2,0.00028821928077023425,231,2800
20260701,5,5,0.0007275871742576235,225,2800
20260701,5,10,-0.0016014673470400996,215,2800
20260701,5,30,-0.0006101278842269932,175,2800
20260701,6,1,-0.0002242324127361979,233,2800
20260701,6,2,0.0013663640386802818,231,2800
20260701,6,5,-0.0007968681534914068,225,2800
20260701,6,10,-0.0006262039987561151,215,2800
20260701,6,30,-0.00020231349396607296,175,2800
20260701,7,1,0.00047305591714551714,233,2800
20260701,7,2,-7.352393465868708e-05,231,2800
20260701,7,5,0.00015387918616895777,225,2800
20260701,7,10,0.0002321256201101306,215,2800
20260701,7,30,-0.0011578115012723772,175,2800
20260701,8,1,0.00021329441874405754,233,2800
20260701,8,2,-0.0008130385253832121,231,2800
20260701,8,5,0.00019962516092536417,225,2800
20260701,8,10,5.836032672095133e-05,215,2800
20260701,8,30,0.0006882715547352207,175,2800
20260701,9,1,8.815803316486412e-05,233,2800
20260701,9,2,0.0005135965087517523,231,2800
20260701,9,5,-0.0005730117315814871,225,2800
20260701,9,10,0.0004178843084462043,215,2800
20260701,9,30,0.0008111127003478234,175,2800
20260701,10,1,0.0010848918486541608,233,2800
20260701,10,2,0.0015566459113504605,231,2800
20260701,10,5,0.0015462085828359966,225,2800
20260701,10,10,0.0008721690760072582,215,2800
20260701,10,30,0.0012241436667127586,175,2800
20260701,11,1,0.0005484694479402124,233,2800
20260701,11,2,-0.0012325780716117994,231,2800
20260701,11,5,0.000838073661029386,225,2800
20260701,11,10,-0.0001709124887531102,215,2800
20260701,11,30,-0.0005624447523471149,175,2800
20260701,12,1,0.001274716831273736,233,2800
20260701,12,2,-0.001011091273564442,231,2800
20260701,12,5,0.0004308676545856722,225,2800
20260701,12,10,1.4610201651170651e-05,215,2800
20260701,12,30,0.0006700542540796281,175,2800
20260701,13,1,0.0002316913627995281,233,2800
20260701,13,2,0.0010258253087017215,231,2800
20260701,13,5,0.0011941959741389948,225,2800
20260701,13,10,-9.288688214496938e-05,215,2800
20260701,13,30,-0.0007086943472967019,175,2800
20260701,14,1,0.0020300429007829046,233,2800
20260701,14,2,0.00010407611374051244,231,2800
20260701,14,5,-0.00037360665313734403,225,2800
20260701,14,10,-0.0012218862739836014,215,2800
20260701,14,30,0.0008401885324137459,175,2800
20260701,15,1,-8.456265926621357e-05,233,2800
20260701,15,2,0.0009353717800018246,231,2800
20260701,15,5,0.0003433262660370142,225,2800
20260701,15,10,0.001054766902915334,215,2800
20260701,15,30,0.0008005958069774385,175,2800
20260701,16,1,0.0005252586977155823,233,2800
20260701,16,2,-0.0004107107706010022,231,2800
20260701,16,5,0.00019690117656730513,225,2800
20260701,16,10,-0.00029132523179713335,215,2800
20260701,16,30,-0.0007165341137134154,175,2800
20260701,17,1,0.0002709434383490648,233,2800
20260701,17,2,0.002318803407383951,231,2800
20260701,17,5,0.0016287836392059913,225,2800
20260701,17,10,0.0006660807992413361,215,2800
20260701,17,30,0.001319403420913625,175,2800
20260701,18,1,-0.0012298560194948932,233,2800
20260701,18,2,-0.0012268076317936566,231,2800
20260701,18,5,-0.0011160755428552538,225,2800
20260701,18,10,-0.0010647628428899906,215,2800
20260701,18,30,0.0001929830831699099,175,2800
20260701,19,1,0.0021571095377840204,233,2800
20260701,19,2,0.0007708672165186467,231,2800
20260701,19,5,-0.00039198385854415275,225,2800
20260701,19,10,0.0008317195912655876,215,2800
20260701,19,30,3.975626107786758e-06,175,2800
20260702,0,1,0.0015194005898158738,233,2800
20260702,0,2,0.0007014592861144261,231,2800
20260702,0,5,0.000718703328395427,225,2800
20260702,0,10,0.0009703504574360923,215,2800
20260702,0,30,0.0003803929784675381,175,2800
20260702,1,1,-0.0015855195839652415,233,2800
20260702,1,2,-0.0011516494232543155,231,2800
20260702,1,5,-0.0005395878499740337,225,2800
20260702,1,10,-0.000438030101065415,215,2800
20260702,1,30,3.5945056140369916e-05,175,2800
20260702,2,1,-0.0016618680828850495,233,2800
20260702,2,2,2.7698791018714937e-07,231,2800
20260702,2,5,-0.0010566052014593498,225,2800
20260702,2,10,-0.00034457281704394435,215,2800
20260702,2,30,-0.0004871094009540312,175,2800
20260702,3,1,0.001754472534474635,233,2800
20260702,3,2,-0.0005385503359220328,231,2800
20260702,3,5,0.000602012162735301,225,2800
20260702,3,10,0.0007133398606625923,215,2800
20260702,3,30,0.0007133920166156178,175,2800
20260702,4,1,-0.00019702701612760683,233,2800
20260702,4,2,2.7819472102672923e-05,231,2800
20260702,4,5,-0.000778690211618498,225,2800
20260702,4,10,0.0005548453358262236,215,2800
20260702,4,30,0.0005017987218648698,175,2800
20260702,5,1,-0.0006668228745115375,233,2800
20260702,5,2,-0.002029135881270782,231,2800
20260702,5,5,-0.0007205061334116084,225,2800
20260702,5,10,-0.0001963953702912501,215,2800
20260702,5,30,0.00041873057648517993,175,2800
20260702,6,1,-0.00020262313740810565,233,2800
20260702,6,2,-0.0004083141254856216,231,2800
20260702,6,5,0.00017291760763171146,225,2800
20260702,6,10,0.00010768196756622513,215,2800
20260702,6,30,-0.0004343147200817455,175,2800
20260702,7,1,-0.0025190119090535115,233,2800
20260702,7,2,-0.0008202275293459337,231,2800
20260702,7,5,-0.0009476929438384269,225,2800
20260702,7,10,0.00016338086165740588,215,2800
20260702,7,30,-8.740689778151182e-06,175,2800
20260702,8,1,-0.0026677246602403396,233,2800
20260702,8,2,-0.0006638037645595407,231,2800
20260702,8,5,-0.000836298801998401,225,2800
20260702,8,10,0.0002677283493644891,215,2800
20260702,8,30,2.585725230395289e-06,175,2800
20260702,9,1,-2.6009760332744252e-05,233,2800
20260702,9,2,-0.0007384464101010583,231,2800
20260702,9,5,-0.0009822291387238957,225,2800
20260702,9,10,-0.0006263117057821495,215,2800
20260702,9,30,0.0006821136313846259,175,2800
20260702,10,1,-0.0005850622485522125,233,2800
20260702,10,2,-0.0006642742350134568,231,2800
20260702,10,5,0.0006922293401392681,225,2800
20260702,10,10,0.00012001785323110364,215,2800
20260702,10,30,7.219543538900398e-05,175,2800
20260702,11,1,0.0014247725449089345,233,2800
20260702,11,2,0.0006649297543623941,231,2800
20260702,11,5,0.0007511163388102816,225,2800
20260702,11,10,0.0005648037081355562,215,2800
20260702,11,30,-0.0004336382079745379,175,2800
20260702,12,1,-0.0006103060771759638,233,2800
20260702,12,2,-0.0006081058910816149,231,2800
20260702,12,5,0.0009750495747979128,225,2800
20260702,12,10,0.0006760289834940603,215,2800
20260702,12,30,-7.68174683928134e-05,175,2800
20260702,13,1,-0.0009510974126225129,233,2800
20260702,13,2,-0.0004591437985147586,231,2800
20260702,13,5,0.0004020214521771945,225,2800
20260702,13,10,-0.0002840615570595989,215,2800
20260702,13,30,-0.000307124667007667,175,2800
20260702,14,1,-0.0021420186801486183,233,2800
20260702,14,2,-0.0005277287245618466,231,2800
20260702,14,5,-0.0005321306090877104,225,2800
20260702,14,10,-0.0013189834060255705,215,2800
20260702,14,30,-0.000286003061531501,175,2800
20260702,15,1,0.0003072831958825706,233,2800
20260702,15,2,0.0004689721070406717,231,2800
20260702,15,5,0.0005152306348110211,225,2800
20260702,15,10,0.0007893480549970698,215,2800
20260702,15,30,-0.0005235402799684607,175,2800
20260702,16,1,-9.55776730463072e-05,233,2800
20260702,16,2,0.0002506209886222854,231,2800
20260702,16,5,0.0003487183012860659,225,2800
20260702,16,10,0.00022734843540377526,215,2800
20260702,16,30,-0.000651439276595323,175,2800
20260702,17,1,-0.001352605927749075,233,2800
20260702,17,2,-0.0017828972597006961,231,2800
20260702,17,5,-0.0018243947712831767,225,2800
20260702,17,10,-0.0009775085838601928,215,2800
20260702,17,30,0.0007140562230201172,175,2800
20260702,18,1,-0.0007708957090433852,233,2800
20260702,18,2,0.0013395879146805032,231,2800
20260702,18,5,2.323286404405406e-05,225,2800
20260702,18,10,0.0006296700268312819,215,2800
20260702,18,30,-0.00041787995753128453,175,2800
20260702,19,1,-7.757987706225373e-05,233,2800
20260702,19,2,-0.0010806391986356288,231,2800
20260702,19,5,0.0001137951097620677,225,2800
20260702,19,10,-0.00034087646962781433,215,2800
20260702,19,30,-0.0006641186389359709,175,2800
20260703,0,1,0.0016859961794209381,233,2800
20260703,0,2,0.00036522267938473527,231,2800
20260703,0,5,0.0010442017844179347,225,2800
20260703,0,10,-0.00033228821866691387,215,2800
20260703,0,30,-0.0008435189804652768,175,2800
20260703,1,1,-0.0001899084022618993,233,2800
20260703,1,2,0.0009350240088513113,231,2800
20260703,1,5,0.0001952845228249364,225,2800
20260703,1,10,-0.0003898603077492256,215,2800
20260703,1,30,0.0007478256009675647,175,2800
20260703,2,1,-0.001675365840725512,233,2800
20260703,2,2,-0.00020543658212024085,231,2800
20260703,2,5,-0.0007295768001033783,225,2800
20260703,2,10,-0.0006537346490608654,215,2800
20260703,2,30,-0.000802735701297314,175,2800
20260703,3,1,-0.0033647117753705723,233,2800
20260703,3,2,-0.0010536026596655688,231,2800
20260703,3,5,-0.0011365028139253826,225,2800
20260703,3,10,-0.0002484381414243686,215,2800
20260703,3,30,-0.0009003360426283104,175,2800
20260703,4,1,0.0010286436690500438,233,2800
20260703,4,2,-0.0007309759112785786,231,2800
20260703,4,5,-6.24646750364651e-05,225,2800
20260703,4,10,0.00026804487220564045,215,2800
20260703,4,30,-9.476268072979608e-05,175,2800
20260703,5,1,-0.0003001974271338095,233,2800
20260703,5,2,-0.001230309017138916,231,2800
20260703,5,5,0.0012750542092926918,225,2800
20260703,5,10,0.0005068094057385875,215,2800
20260703,5,30,-0.0005751506281334568,175,2800
20260703,6,1,0.001092657618496182,233,2800
20260703,6,2,0.00012602241639609742,231,2800
20260703,6,5,0.0007266615761563591,225,2800
20260703,6,10,0.0004604321563092354,215,2800
20260703,6,30,0.0015839914149824066,175,2800
20260703,7,1,-0.0005810521450949326,233,2800
20260703,7,2,-0.00033394021136852584,231,2800
20260703,7,5,-1.2424421665054246e-05,225,2800
20260703,7,10,0.0006700210525066112,215,2800
20260703,7,30,-0.00033790441258117136,175,2800
20260703,8,1,0.0006970279680768434,233,2800
20260703,8,2,-0.0016028705386896386,231,2800
20260703,8,5,-0.0003926293402793547,225,2800
20260703,8,10,-0.0003063487287685278,215,2800
20260703,8,30,-0.0011471740435070555,175,2800
20260703,9,1,-0.001293605151392534,233,2800
20260703,9,2,-6.146711792740798e-05,231,2800
20260703,9,5,-0.00022024471022420697,225,2800
20260703,9,10,-0.0006812879585773547,215,2800
20260703,9,30,0.0001258954885982693,175,2800
20260703,10,1,0.0009434749269126227,233,2800
20260703,10,2,0.0004773085246305002,231,2800
20260703,10,5,0.000620510001361406,225,2800
20260703,10,10,0.0009039891041432308,215,2800
20260703,10,30,0.00048653814187046157,175,2800
20260703,11,1,-0.00023008858785102817,233,2800
20260703,11,2,-0.001028170554567528,231,2800
20260703,11,5,-0.0005940067185615335,225,2800
20260703,11,10,-0.00016210116684026656,215,2800
20260703,11,30,0.0004464479854068817,175,2800
20260703,12,1,0.0018503349201821737,233,2800
20260703,12,2,0.0021895203620504494,231,2800
20260703,12,5,-0.0003787071098762736,225,2800
20260703,12,10,0.0012216878015292227,215,2800
20260703,12,30,0.0006716717351451265,175,2800
20260703,13,1,0.00029608991999216267,233,2800
20260703,13,2,6.085642210247653e-06,231,2800
20260703,13,5,0.0016604060306910334,225,2800
20260703,13,10,0.0010783714029465113,215,2800
20260703,13,30,0.002016102970172333,175,2800
20260703,14,1,0.0006067630490541408,233,2800
20260703,14,2,0.00037235852514888763,231,2800
20260703,14,5,-0.0008920892672397857,225,2800
20260703,14,10,3.616361395176214e-05,215,2800
20260703,14,30,0.00018457575967139843,175,2800
20260703,15,1,0.0007011557125135289,233,2800
20260703,15,2,0.002326569687283263,231,2800
20260703,15,5,0.001446097079798203,225,2800
20260703,15,10,0.0008697148433674454,215,2800
20260703,15,30,0.0010213631698937817,175,2800
20260703,16,1,-0.001323823498508143,233,2800
20260703,16,2,-0.0008521964110871893,231,2800
20260703,16,5,-0.0010053012448974282,225,2800
20260703,16,10,-0.0005199234512517883,215,2800
20260703,16,30,-0.0006794726917644225,175,2800
20260703,17,1,0.00034038562429915807,233,2800
20260703,17,2,0.0005603348194119166,231,2800
20260703,17,5,0.0014879452031776852,225,2800
20260703,17,10,0.000110046928805527,215,2800
20260703,17,30,0.00014307209444202647,175,2800
20260703,18,1,0.0008934450513653271,233,2800
20260703,18,2,-0.0005341705357995555,231,2800
20260703,18,5,0.0006564393556951761,225,2800
20260703,18,10,-0.0003907578603878749,215,2800
20260703,18,30,-0.001039697744250615,175,2800
20260703,19,1,0.0005912311056052676,233,2800
20260703,19,2,-8.909065084136799e-06,231,2800
20260703,19,5,-0.0005424130420093521,225,2800
20260703,19,10,8.850007743957034e-06,215,2800
20260703,19,30,-0.0002370102056993211,175,2800
20260706,0,1,-0.0023522183384084394,233,2800
20260706,0,2,-0.0009213841144430179,231,2800
20260706,0,5,-0.0003961754602480116,225,2800
20260706,0,10,-0.000507591415432935,215,2800
20260706,0,30,-0.0004016551993831782,175,2800
20260706,1,1,0.0011316440711798947,233,2800
20260706,1,2,0.00044411803478467977,231,2800
20260706,1,5,-0.0015920156083690247,225,2800
20260706,1,10,-0.0007720623378578044,215,2800
20260706,1,30,0.0001153986401701187,175,2800
20260706,2,1,-0.0008587984020480037,233,2800
20260706,2,2,-0.00041799854108207085,231,2800
20260706,2,5,0.0004665100238028162,225,2800
20260706,2,10,0.00036838648034787064,215,2800
20260706,2,30,0.000819556707973116,175,2800
20260706,3,1,0.0004823727254952397,233,2800
20260706,3,2,-0.00012117765588762327,231,2800
20260706,3,5,-0.0004753489390650128,225,2800
20260706,3,10,0.001406154065680408,215,2800
20260706,3,30,0.0007555160012814875,175,2800
20260706,4,1,0.0006139728035178873,233,2800
20260706,4,2,-0.0006683248425384642,231,2800
20260706,4,5,-0.00011537758445958884,225,2800
20260706,4,10,0.0009233035385666795,215,2800
20260706,4,30,0.00040392425016611873,175,2800
20260706,5,1,-0.0009552263347687019,233,2800
20260706,5,2,-0.00021869175409755276,231,2800
20260706,5,5,0.0003955366108560207,225,2800
20260706,5,10,-0.0002619656016477665,215,2800
20260706,5,30,-0.0009153458647845246,175,2800
20260706,6,1,-6.96323439197715e-05,233,2800
20260706,6,2,0.0004445213010520448,231,2800
20260706,6,5,0.001019455486742672,225,2800
20260706,6,10,0.00026552998551291864,215,2800
20260706,6,30,-7.391382896882245e-05,175,2800
20260706,7,1,-0.000938277835665445,233,2800
20260706,7,2,-0.001533252171485309,231,2800
20260706,7,5,-0.001080993049317239,225,2800
20260706,7,10,-0.0022129606712215644,215,2800
20260706,7,30,-0.0013393545361852048,175,2800
20260706,8,1,0.0010741424868665214,233,2800
20260706,8,2,0.000945918232049466,231,2800
20260706,8,5,0.0009439990699865953,225,2800
20260706,8,10,0.0012419592027644254,215,2800
20260706,8,30,0.0010076602164940216,175,2800
20260706,9,1,0.003671007840556688,233,2800
20260706,9,2,0.002294932916797903,231,2800
20260706,9,5,0.0024377289527852536,225,2800
20260706,9,10,0.0006273606742446651,215,2800
20260706,9,30,0.00036824900856648483,175,2800
20260706,10,1,-0.00038147386561328457,233,2800
20260706,10,2,-0.0008561683914187936,231,2800
20260706,10,5,0.000727850841866715,225,2800
20260706,10,10,-7.197324420449859e-05,215,2800
20260706,10,30,0.00011736199286772405,175,2800
20260706,11,1,-7.355759599268817e-05,233,2800
20260706,11,2,-0.0001787853626830074,231,2800
20260706,11,5,0.0004896235548916889,225,2800
20260706,11,10,0.0010342414263112693,215,2800
20260706,11,30,0.0004002520094965688,175,2800
20260706,12,1,-0.0014108518540447937,233,2800
20260706,12,2,-0.0008080024759757005,231,2800
20260706,12,5,-0.000606167530041893,225,2800
20260706,12,10,-0.0001260131258511487,215,2800
20260706,12,30,-0.0011504272454394,175,2800
20260706,13,1,9.367106259739985e-06,233,2800
20260706,13,2,-0.0009388363535161551,231,2800
20260706,13,5,0.0007360728168424303,225,2800
20260706,13,10,0.0005238919827647475,215,2800
20260706,13,30,0.00025250544858898094,175,2800
20260706,14,1,-0.0006285868720898627,233,2800
20260706,14,2,-0.0008963328521285318,231,2800
20260706,14,5,0.00017363159337380516,225,2800
20260706,14,10,0.00011738918712939271,215,2800
20260706,14,30,0.000299035136310484,175,2800
20260706,15,1,-0.0015113249768001474,233,2800
20260706,15,2,0.00011276591712009175,231,2800
20260706,15,5,-0.00010573600965081074,225,2800
20260706,15,10,0.00019317096763489094,215,2800
20260706,15,30,0.00010645226835601555,175,2800
20260706,16,1,0.0004620274032314188,233,2800
20260706,16,2,0.00027891144939154266,231,2800
20260706,16,5,0.0011040902742987543,225,2800
20260706,16,10,0.0006220773110379601,215,2800
20260706,16,30,0.0009569507642589993,175,2800
20260706,17,1,-0.0004936885864968943,233,2800
20260706,17,2,-0.00015545506677783655,231,2800
20260706,17,5,-0.000665279276670736,225,2800
20260706,17,10,1.0873750525770768e-05,215,2800
20260706,17,30,0.000494655666230605,175,2800
20260706,18,1,0.00046687019607059084,233,2800
20260706,18,2,0.0009355625208551845,231,2800
20260706,18,5,-4.275694051729777e-05,225,2800
20260706,18,10,0.00033624323885165955,215,2800
20260706,18,30,0.0009923850773525885,175,2800
20260706,19,1,-1.9358146924302768e-05,233,2800
20260706,19,2,-0.00039721782931178586,231,2800
20260706,19,5,-0.0003139593507943377,225,2800
20260706,19,10,-0.0002626575347211749,215,2800
20260706,19,30,-0.0014141988322616311,175,2800
20260707,0,1,-0.0003380706160780452,233,2800
20260707,0,2,-0.0012948097909583696,231,2800
20260707,0,5,-0.0003288753753836409,225,2800
20260707,0,10,-0.0012327573313097643,215,2800
20260707,0,30,-0.001592683635050971,175,2800
20260707,1,1,-0.0005733625007222139,233,2800
20260707,1,2,-0.0010828091502600417,231,2800
20260707,1,5,-0.00015535001732543303,225,2800
20260707,1,10,-0.00062924949301294,215,2800
20260707,1,30,-0.0007434335271369547,175,2800
20260707,2,1,0.000548398969431296,233,2800
20260707,2,2,0.0014990080699440736,231,2800
20260707,2,5,-0.0009292357641844585,225,2800
20260707,2,10,-0.00036919983373059293,215,2800
20260707,2,30,-0.0009789170312422023,175,2800
20260707,3,1,0.0012125034004545105,233,2800
20260707,3,2,-0.00030699442277534175,231,2800
20260707,3,5,0.0009307080361014915,225,2800
20260707,3,10,-0.0004877121726462436,215,2800
20260707,3,30,0.0003408880008311966,175,2800
20260707,4,1,-0.0006847568227252531,233,2800
20260707,4,2,-0.0004317031955359837,231,2800
20260707,4,5,-0.00022837111149338367,225,2800
20260707,4,10,-0.0005128145819524043,215,2800
20260707,4,30,-2.818558411064003e-05,175,2800
20260707,5,1,-0.0014727153260230311,233,2800
20260707,5,2,-0.0004065865496696052,231,2800
20260707,5,5,-0.00018312260487995998,225,2800
20260707,5,10,0.0010824830259551067,215,2800
20260707,5,30,0.0007332668844150533,175,2800
20260707,6,1,0.0014557994656143746,233,2800
20260707,6,2,-0.000831504095080504,231,2800
20260707,6,5,0.0007435986060976403,225,2800
20260707,6,10,0.0004799308922217528,215,2800
20260707,6,30,0.00040084799554606856,175,2800
20260707,7,1,0.00098433883620228,233,2800
20260707,7,2,0.00015443861676904983,231,2800
20260707,7,5,0.00012017950451402857,225,2800
20260707,7,10,-0.0013944069661518685,215,2800
20260707,7,30,0.0004860505117743527,175,2800
20260707,8,1,0.00039291390567315566,233,2800
20260707,8,2,0.00014660950292955826,231,2800
20260707,8,5,0.0006749693643673782,225,2800
20260707,8,10,-2.546854853067702e-06,215,2800
20260707,8,30,0.0003347634712295872,175,2800
20260707,9,1,0.0025628340630369797,233,2800
20260707,9,2,0.0011057401407112092,231,2800
20260707,9,5,0.0010588827878330472,225,2800
20260707,9,10,0.00045219749924001423,215,2800
20260707,9,30,9.835252180928266e-05,175,2800
20260707,10,1,-0.001168819512698028,233,2800
20260707,10,2,-0.0010418905902611082,231,2800
20260707,10,5,0.0002937133915768699,225,2800
20260707,10,10,0.0007221477962506613,215,2800
20260707,10,30,0.0005009790161993268,175,2800
20260707,11,1,0.0006632091254746889,233,2800
20260707,11,2,-0.0007660144701095214,231,2800
20260707,11,5,9.733149733912655e-05,225,2800
20260707,11,10,0.0012667763618348146,215,2800
20260707,11,30,-0.0006831833327660029,175,2800
20260707,12,1,-0.0020229799518206373,233,2800
20260707,12,2,-0.0004941280253269438,231,2800
20260707,12,5,-0.0006564553689194186,225,2800
20260707,12,10,-0.0013278851081978266,215,2800
20260707,12,30,0.0008139142148123528,175,2800
20260707,13,1,-0.0025202980905837404,233,2800
20260707,13,2,0.0002728401342031798,231,2800
20260707,13,5,-0.0008266669861281276,225,2800
20260707,13,10,5.404180708171413e-05,215,2800
20260707,13,30,0.0004672446305316449,175,2800
20260707,14,1,-0.0021478295457615613,233,2800
20260707,14,2,0.000972426324503433,231,2800
20260707,14,5,-0.0008499547078009033,225,2800
20260707,14,10,-0.0002192774748786079,215,2800
20260707,14,30,-0.00019758460092406615,175,2800
20260707,15,1,-0.001232700734858019,233,2800
20260707,15,2,-0.0013660511813366465,231,2800
20260707,15,5,-0.00035901700681982893,225,2800
20260707,15,10,-0.00016988515114621207,215,2800
20260707,15,30,-0.0003066990883178177,175,2800
20260707,16,1,0.0005795528766409897,233,2800
20260707,16,2,-0.0008676653216146793,231,2800
20260707,16,5,-0.0010115018603762125,225,2800
20260707,16,10,-0.0007394597321087991,215,2800
20260707,16,30,0.0004272753340216294,175,2800
20260707,17,1,-0.00021299515608855962,233,2800
20260707,17,2,-0.0024614229663190855,231,2800
20260707,17,5,-0.000138453888405355,225,2800
20260707,17,10,-0.0005936064360866376,215,2800
20260707,17,30,-0.0005575947925823396,175,2800
20260707,18,1,-0.004352787003716996,233,2800
20260707,18,2,-0.0022798848888215283,231,2800
20260707,18,5,-0.002200523973693224,225,2800
20260707,18,10,-0.001789571843321605,215,2800
20260707,18,30,-0.0006766366736779504,175,2800
20260707,19,1,-0.00029338634504476633,233,2800
20260707,19,2,-9.322726834605324e-05,231,2800
20260707,19,5,0.0013031936402339824,225,2800
20260707,19,10,0.0003661143725231508,215,2800
20260707,19,30,0.0013172917475390486,175,2800
20260708,0,1,-0.0023413592175185313,233,2800
20260708,0,2,-0.002962340721123723,231,2800
20260708,0,5,-0.0019602246304622323,225,2800
20260708,0,10,-0.0009157637445770221,215,2800
20260708,0,30,-0.001268130618574887,175,2800
20260708,1,1,-2.9028336668524216e-05,233,2800
20260708,1,2,0.00034462717836442156,231,2800
20260708,1,5,0.00018181741098184618,225,2800
20260708,1,10,0.0002534999164094219,215,2800
20260708,1,30,-8.563112252937118e-05,175,2800
20260708,2,1,-0.0005631659414571737,233,2800
20260708,2,2,-5.201951394184225e-06,231,2800
20260708,2,5,-0.00033425785883314926,225,2800
20260708,2,10,-0.0004038415645323647,215,2800
20260708,2,30,0.00024939278616788033,175,2800
20260708,3,1,0.001623186654527177,233,2800
20260708,3,2,0.0019471759722159883,231,2800
20260708,3,5,0.0009468188917487912,225,2800
20260708,3,10,0.0004296421249409048,215,2800
20260708,3,30,0.00046303778515905644,175,2800
20260708,4,1,0.0019787146721434172,233,2800
20260708,4,2,0.0009897104065396025,231,2800
20260708,4,5,0.0013093166016290131,225,2800
20260708,4,10,0.0007283086156455366,215,2800
20260708,4,30,-4.674267924687995e-05,175,2800
20260708,5,1,-0.0005771998618401335,233,2800
20260708,5,2,0.000596193622786306,231,2800
20260708,5,5,0.0001704449734866557,225,2800
20260708,5,10,-0.0005797004162392742,215,2800
20260708,5,30,-0.0006346787628772096,175,2800
20260708,6,1,0.00021766250579447066,233,2800
20260708,6,2,0.0002940542991365254,231,2800
20260708,6,5,0.0010037370598629718,225,2800
20260708,6,10,0.00033962167764975713,215,2800
20260708,6,30,0.0005737453078004873,175,2800
20260708,7,1,2.2197499265992072e-05,233,2800
20260708,7,2,-0.0007737804894545682,231,2800
20260708,7,5,0.0003859821982770851,225,2800
20260708,7,10,0.00011583124105039317,215,2800
20260708,7,30,-0.000951016741763323,175,2800
20260708,8,1,0.0014411621710753609,233,2800
20260708,8,2,0.0006412888432135953,231,2800
20260708,8,5,0.00027079981322802583,225,2800
20260708,8,10,-0.00020068876003082628,215,2800
20260708,8,30,-0.00019511925745574767,175,2800
20260708,9,1,0.002012437677746467,233,2800
20260708,9,2,0.001338303684697095,231,2800
20260708,9,5,0.00012238819019778807,225,2800
20260708,9,10,0.0005634964895643585,215,2800
20260708,9,30,0.0014203235919756608,175,2800
20260708,10,1,-0.001198479175388641,233,2800
20260708,10,2,-0.0022874139991590813,231,2800
20260708,10,5,-0.0009278871553485227,225,2800
20260708,10,10,1.1997590110655327e-05,215,2800
20260708,10,30,-0.00041372173014275326,175,2800
20260708,11,1,0.0005769120623474903,233,2800
20260708,11,2,-0.00019185680817843063,231,2800
20260708,11,5,0.00014953360658948159,225,2800
20260708,11,10,0.0015287182488560335,215,2800
20260708,11,30,0.0006236133373996057,175,2800
20260708,12,1,-0.0020994781988971896,233,2800
20260708,12,2,-0.0021056063006881726,231,2800
20260708,12,5,-0.0007496478492973074,225,2800
20260708,12,10,-0.0014583044299461936,215,2800
20260708,12,30,-0.0013971696767324127,175,2800
20260708,13,1,-0.0011799202167046042,233,2800
20260708,13,2,-0.0001655087865850044,231,2800
20260708,13,5,0.0009011811740636404,225,2800
20260708,13,10,0.0005176717789826577,215,2800
20260708,13,30,-0.0008350682666437543,175,2800
20260708,14,1,-0.002390783531108555,233,2800
20260708,14,2,-0.0004216240605306767,231,2800
20260708,14,5,-0.0018283664029787098,225,2800
20260708,14,10,-0.0014839201646021005,215,2800
20260708,14,30,-0.0015934489306339745,175,2800
20260708,15,1,-0.0011534748507697832,233,2800
20260708,15,2,0.0002251060554736559,231,2800
20260708,15,5,-0.0005372887441934102,225,2800
20260708,15,10,0.0010157185101646261,215,2800
20260708,15,30,-0.00022354449620504122,175,2800
20260708,16,1,0.0009401982993257282,233,2800
20260708,16,2,-0.00020120525550758732,231,2800
20260708,16,5,0.0014828319179353221,225,2800
20260708,16,10,0.0017379786685344446,215,2800
20260708,16,30,0.00017612647901187915,175,2800
20260708,17,1,-0.00040091067987433785,233,2800
20260708,17,2,-0.0008740412095654703,231,2800
20260708,17,5,-0.00047350060451788466,225,2800
20260708,17,10,-0.0007337225837200311,215,2800
20260708,17,30,-0.0005032701386720989,175,2800
20260708,18,1,-0.002050036302431418,233,2800
20260708,18,2,0.0005323546867900112,231,2800
20260708,18,5,-0.0007779043868940261,225,2800
20260708,18,10,1.5887187464266243e-05,215,2800
20260708,18,30,0.00028577528084943946,175,2800
20260708,19,1,0.0019804643930554813,233,2800
20260708,19,2,0.001097152042571423,231,2800
20260708,19,5,0.000976713290746663,225,2800
20260708,19,10,0.0006452081072585459,215,2800
20260708,19,30,-0.001709986690343387,175,2800
20260709,0,1,0.0006242496893747834,233,2800
20260709,0,2,0.001282771625171172,231,2800
20260709,0,5,0.00019133429682320058,225,2800
20260709,0,10,-0.0008218749798540046,215,2800
20260709,0,30,-0.00028814348658001677,175,2800
20260709,1,1,0.0012242143213036438,233,2800
20260709,1,2,0.0008861292032073161,231,2800
20260709,1,5,-0.000507045088116102,225,2800
20260709,1,10,-0.00018975684662431811,215,2800
20260709,1,30,0.00011830815506139887,175,2800
20260709,2,1,0.001336708114911781,233,2800
20260709,2,2,-0.0002520803307827648,231,2800
20260709,2,5,-8.792997476042995e-06,225,2800
20260709,2,10,-4.190590465303985e-06,215,2800
20260709,2,30,-0.0003707319754076562,175,2800
20260709,3,1,-0.0004965930714447959,233,2800
20260709,3,2,0.0006895634164410315,231,2800
20260709,3,5,-5.3827646972172374e-05,225,2800
20260709,3,10,0.0006217513406114632,215,2800
20260709,3,30,-0.00036143581489609164,175,2800
20260709,4,1,-0.00033607204770823014,233,2800
20260709,4,2,0.00014671733074110194,231,2800
20260709,4,5,-0.001827356062001063,225,2800
20260709,4,10,-4.7794424753284455e-05,215,2800
20260709,4,30,0.0006352443014657678,175,2800
20260709,5,1,-0.00028075249928537633,233,2800
20260709,5,2,0.0003041989706784448,231,2800
20260709,5,5,7.15230412073368e-06,225,2800
20260709,5,10,-3.297327071023494e-05,215,2800
20260709,5,30,-0.00016678608795125661,175,2800
20260709,6,1,0.0001903627689415975,233,2800
20260709,6,2,-0.0012045410786420358,231,2800
20260709,6,5,-0.0009423576712447227,225,2800
20260709,6,10,0.0009700345359336287,215,2800
20260709,6,30,-0.00048397788041120907,175,2800
20260709,7,1,1.8423162098756574e-05,233,2800
20260709,7,2,-0.0002528361465144241,231,2800
20260709,7,5,0.0014161369779248343,225,2800
20260709,7,10,-0.0007219415911266358,215,2800
20260709,7,30,-0.00033627464537261495,175,2800
20260709,8,1,0.0016673249690880747,233,2800
20260709,8,2,0.0019313200908850122,231,2800
20260709,8,5,0.0010012423735496951,225,2800
20260709,8,10,0.001513353152601887,215,2800
20260709,8,30,-7.367896939211729e-05,175,2800
20260709,9,1,0.0012623671158274068,233,2800
20260709,9,2,0.00173182047497313,231,2800
20260709,9,5,-0.0009693726065641188,225,2800
20260709,9,10,-0.00022450883641710883,215,2800
20260709,9,30,-0.00014576995498913537,175,2800
20260709,10,1,-0.0014210263850828705,233,2800
20260709,10,2,3.80822188499824e-05,231,2800
20260709,10,5,-0.0012714824684025943,225,2800
20260709,10,10,-0.0004259135618624845,215,2800
20260709,10,30,0.00015562130388048633,175,2800
20260709,11,1,0.0015317030586695004,233,2800
20260709,11,2,0.00032477864731148817,231,2800
20260709,11,5,0.0008349591190892573,225,2800
20260709,11,10,0.000366828862740831,215,2800
20260709,11,30,-0.00041870737105161976,175,2800
20260709,12,1,0.00024025957330689194,233,2800
20260709,12,2,0.0010974729849509166,231,2800
20260709,12,5,0.0017428479358002577,225,2800
20260709,12,10,0.0010789316813121955,215,2800
20260709,12,30,0.0017333068343343503,175,2800
20260709,13,1,0.0015768207524341656,233,2800
20260709,13,2,-0.0006151201271533622,231,2800
20260709,13,5,-0.0003208430222551677,225,2800
20260709,13,10,0.000331095556947781,215,2800
20260709,13,30,0.0003991582905391292,175,2800
20260709,14,1,0.0017051820676420551,233,2800
20260709,14,2,0.0006997750020368691,231,2800
20260709,14,5,-0.0006208057209919252,225,2800
20260709,14,10,0.00022173026175914583,215,2800
20260709,14,30,-0.00044738104928621324,175,2800
20260709,15,1,0.00045468831941284114,233,2800
20260709,15,2,-0.0010243669183974597,231,2800
20260709,15,5,0.00017894803548182465,225,2800
20260709,15,10,-0.00031824406385684724,215,2800
20260709,15,30,-0.00011022258276564516,175,2800
20260709,16,1,-0.0010765864744686168,233,2800
20260709,16,2,-0.0009413224769833842,231,2800
20260709,16,5,-0.0010343980763602655,225,2800
20260709,16,10,-4.341870826914486e-05,215,2800
20260709,16,30,-0.0012472286526611829,175,2800
20260709,17,1,-0.0019121585370381244,233,2800
20260709,17,2,-0.0018551064802115355,231,2800
20260709,17,5,-0.0012887965583865868,225,2800
20260709,17,10,-0.0015008144400075693,215,2800
20260709,17,30,-0.0002140494670504922,175,2800
20260709,18,1,0.00016654232698586432,233,2800
20260709,18,2,0.001627295555878804,231,2800
20260709,18,5,0.000743179310634895,225,2800
20260709,18,10,0.0006967860031555231,215,2800
20260709,18,30,0.0008179653868899937,175,2800
20260709,19,1,0.0002283754505039081,233,2800
20260709,19,2,0.0010738782337075805,231,2800
20260709,19,5,-0.00044627323994678126,225,2800
20260709,19,10,0.00018648683496254572,215,2800
20260709,19,30,0.00038551343015155693,175,2800
20260710,0,1,-0.00041486518590990785,233,2800
20260710,0,2,-0.00024069216892480321,231,2800
20260710,0,5,-0.0005716692427492917,225,2800
20260710,0,10,-0.0010579499230022973,215,2800
20260710,0,30,-0.0008509200119137391,175,2800
20260710,1,1,-0.0010762602303820198,233,2800
20260710,1,2,0.00012078564570577807,231,2800
20260710,1,5,-0.00010991604803590769,225,2800
20260710,1,10,-0.0005333212177460534,215,2800
20260710,1,30,-0.0004533169393248973,175,2800
20260710,2,1,-0.0007561803868458897,233,2800
20260710,2,2,-0.001442808278516992,231,2800
20260710,2,5,-0.0009172983883672617,225,2800
20260710,2,10,-0.0010972944698362324,215,2800
20260710,2,30,-0.0005846943897305459,175,2800
20260710,3,1,-0.0007633127156425406,233,2800
20260710,3,2,-2.6753149313736444e-05,231,2800
20260710,3,5,-0.00021644622317899345,225,2800
20260710,3,10,0.0007136919879681761,215,2800
20260710,3,30,-0.0006823993408150209,175,2800
20260710,4,1,0.0018653800836930935,233,2800
20260710,4,2,0.0012763922187097117,231,2800
20260710,4,5,0.000661420046428626,225,2800
20260710,4,10,0.0006417535846340615,215,2800
20260710,4,30,0.0014538861528306083,175,2800
20260710,5,1,0.002835648042132288,233,2800
20260710,5,2,0.0009016439532711664,231,2800
20260710,5,5,-0.0002208526208272716,225,2800
20260710,5,10,0.0018191590353988357,215,2800
20260710,5,30,-0.0013636887378365044,175,2800
20260710,6,1,-0.001201620346362187,233,2800
20260710,6,2,-0.0012638252894925247,231,2800
20260710,6,5,-0.00020131125278553233,225,2800
20260710,6,10,-0.001389201268576557,215,2800
20260710,6,30,0.0005051390214352194,175,2800
20260710,7,1,0.0002013380342469569,233,2800
20260710,7,2,-0.00042882397309681173,231,2800
20260710,7,5,1.2241463981599494e-05,225,2800
20260710,7,10,-0.0006782072168672389,215,2800
20260710,7,30,-0.00011885493004571542,175,2800
20260710,8,1,0.0006346421118057468,233,2800
20260710,8,2,0.00012679061403574914,231,2800
20260710,8,5,0.0009601364419330265,225,2800
20260710,8,10,0.0009395164096207368,215,2800
20260710,8,30,0.0007437881289587959,175,2800
20260710,9,1,-0.0019136416848139766,233,2800
20260710,9,2,-0.000723523672667604,231,2800
20260710,9,5,0.0011521866634658156,225,2800
20260710,9,10,0.0004781521349943537,215,2800
20260710,9,30,0.0001369743122670428,175,2800
20260710,10,1,-0.0014704648562187256,233,2800
20260710,10,2,0.0014377625913998974,231,2800
20260710,10,5,-0.0001329674063968636,225,2800
20260710,10,10,-0.0005394993558716122,215,2800
20260710,10,30,-0.0017800493120055032,175,2800
20260710,11,1,0.0025330303548608477,233,2800
20260710,11,2,0.001088100486694282,231,2800
20260710,11,5,0.0005412445773630511,225,2800
20260710,11,10,0.0009141638546510257,215,2800
20260710,11,30,0.00016197749637261597,175,2800
20260710,12,1,0.0009238603883384332,233,2800
20260710,12,2,1.8559775773770984e-05,231,2800
20260710,12,5,-0.0005005266240233492,225,2800
20260710,12,10,0.0003178094190602376,215,2800
20260710,12,30,0.0006677948639536056,175,2800
20260710,13,1,-0.0006637736888746026,233,2800
20260710,13,2,0.000591853811814834,231,2800
20260710,13,5,0.00022353832862501152,225,2800
20260710,13,10,-0.0013789345548547599,215,2800
20260710,13,30,-0.002686466536790907,175,2800
20260710,14,1,0.0002449381994950015,233,2800
20260710,14,2,-0.0006224682676173952,231,2800
20260710,14,5,0.0004018725027193427,225,2800
20260710,14,10,4.440564319260261e-05,215,2800
20260710,14,30,-0.00010474060814862823,175,2800
20260710,15,1,-0.002301497445875251,233,2800
20260710,15,2,-0.002993618939258156,231,2800
20260710,15,5,-0.0012906772228601481,225,2800
20260710,15,10,-0.0008387553334363733,215,2800
20260710,15,30,-0.00018626931847881206,175,2800
20260710,16,1,0.003950800292766129,233,2800
20260710,16,2,0.0014411108108418854,231,2800
20260710,16,5,0.0006356753043733458,225,2800
20260710,16,10,-0.0006795916851445819,215,2800
20260710,16,30,-6.770399312311849e-05,175,2800
20260710,17,1,0.0010044232053191444,233,2800
20260710,17,2,0.0008506504352705914,231,2800
20260710,17,5,0.0005113927258864491,225,2800
20260710,17,10,-0.00023890605209625016,215,2800
20260710,17,30,-0.001020380706092631,175,2800
20260710,18,1,-0.00025984128791432424,233,2800
20260710,18,2,0.00010425561086807156,231,2800
20260710,18,5,0.0014500080944502484,225,2800
20260710,18,10,6.848296976253057e-05,215,2800
20260710,18,30,0.00038366568003916977,175,2800
20260710,19,1,0.0026355648218243473,233,2800
20260710,19,2,0.003120835597190936,231,2800
20260710,19,5,0.0005865579977689772,225,2800
20260710,19,10,0.000987082916767965,215,2800
20260710,19,30,0.0003106817055821553,175,2800
20260713,0,1,0.00028250700756297817,233,2800
20260713,0,2,0.000367626616398,231,2800
20260713,0,5,0.002178981769435344,225,2800
20260713,0,10,0.00024322484146992968,215,2800
20260713,0,30,0.0015167658387909499,175,2800
20260713,1,1,-0.0005662874139853583,233,2800
20260713,1,2,0.0006457028500440508,231,2800
20260713,1,5,0.0008512455217011364,225,2800
20260713,1,10,-0.0004444518387465551,215,2800
20260713,1,30,0.0005237026727173027,175,2800
20260713,2,1,0.0009725248774292763,233,2800
20260713,2,2,0.0014322826001726002,231,2800
20260713,2,5,0.0011261118337437762,225,2800
20260713,2,10,-3.449972463525049e-05,215,2800
20260713,2,30,-0.00018545354128943005,175,2800
20260713,3,1,0.001327861881489686,233,2800
20260713,3,2,-0.0006113878276897243,231,2800
20260713,3,5,0.0009741244799619579,225,2800
20260713,3,10,-0.000573675958737385,215,2800
20260713,3,30,-0.00027137070003387716,175,2800
20260713,4,1,-0.003145590854240192,233,2800
20260713,4,2,-0.0030126470587440064,231,2800
20260713,4,5,-0.00021970731450454903,225,2800
20260713,4,10,-0.0005847163164584024,215,2800
20260713,4,30,-3.786195741691312e-05,175,2800
20260713,5,1,-0.0005862552321507991,233,2800
20260713,5,2,-0.000689493583032185,231,2800
20260713,5,5,0.0010515777842184182,225,2800
20260713,5,10,0.0004354769802254822,215,2800
20260713,5,30,-0.0012965001751843324,175,2800
20260713,6,1,0.0041413870261043425,233,2800
20260713,6,2,0.002107169798164116,231,2800
20260713,6,5,0.0015815180130771954,225,2800
20260713,6,10,0.001399684146736398,215,2800
20260713,6,30,0.00020211446298085432,175,2800
20260713,7,1,-0.0011748957764388093,233,2800
20260713,7,2,0.0003487556109046538,231,2800
20260713,7,5,-0.0005935539696882437,225,2800
20260713,7,10,-0.0011727923249799325,215,2800
20260713,7,30,1.776615493044444e-05,175,2800
20260713,8,1,0.0019818821154184993,233,2800
20260713,8,2,0.0003706503066416589,231,2800
20260713,8,5,0.0011945902737244306,225,2800
20260713,8,10,0.0008696102681268813,215,2800
20260713,8,30,0.0003728309013174246,175,2800
20260713,9,1,0.0009005386896643562,233,2800
20260713,9,2,0.00015606818815569156,231,2800
20260713,9,5,-0.0009012408815372916,225,2800
20260713,9,10,0.00024213068922967232,215,2800
20260713,9,30,2.873829952705163e-05,175,2800
20260713,10,1,-0.003024051420240899,233,2800
20260713,10,2,-6.852807913979597e-05,231,2800
20260713,10,5,0.0003546940258488899,225,2800
20260713,10,10,0.001724238306687384,215,2800
20260713,10,30,-0.00017230931317430538,175,2800
20260713,11,1,-0.0008609615302830574,233,2800
20260713,11,2,-0.0006799726399461168,231,2800
20260713,11,5,-0.000735574746267038,225,2800
20260713,11,10,-0.0012808376252605328,215,2800
20260713,11,30,-0.00042868191683195143,175,2800
20260713,12,1,-0.001389956107809078,233,2800
20260713,12,2,-0.0009050184914986028,231,2800
20260713,12,5,0.0005367159186366614,225,2800
20260713,12,10,0.00042159797359087373,215,2800
20260713,12,30,0.00018638954577730824,175,2800
20260713,13,1,0.0019641330625524514,233,2800
20260713,13,2,0.0006291875923473857,231,2800
20260713,13,5,0.0019488363550685108,225,2800
20260713,13,10,0.0003414691399909144,215,2800
20260713,13,30,-0.0007122141415738937,175,2800
20260713,14,1,-0.0028856605251306577,233,2800
20260713,14,2,-0.0010889376884889999,231,2800
20260713,14,5,-0.0007895984791905887,225,2800
20260713,14,10,-0.0006052899512487282,215,2800
20260713,14,30,-0.00016748896476969898,175,2800
20260713,15,1,-0.0023871303189608025,233,2800
20260713,15,2,-0.00021844439240008772,231,2800
20260713,15,5,-0.0010032236125027511,225,2800
20260713,15,10,-0.00012220047043775035,215,2800
20260713,15,30,-0.0007720660034817759,175,2800
20260713,16,1,0.0008139564476098715,233,2800
20260713,16,2,-0.0006998218817141565,231,2800
20260713,16,5,0.00022902643514210186,225,2800
20260713,16,10,-0.0009264842848139565,215,2800
20260713,16,30,0.00048688728220848816,175,2800
20260713,17,1,-0.0021665252902318445,233,2800
20260713,17,2,-0.0008238524423481557,231,2800
20260713,17,5,-0.0013034898684597639,225,2800
20260713,17,10,0.00015974188925795422,215,2800
20260713,17,30,0.00032084710433492625,175,2800
20260713,18,1,0.00016604893115130766,233,2800
20260713,18,2,-0.0012788375245080521,231,2800
20260713,18,5,0.0021643210390017735,225,2800
20260713,18,10,0.0008036016398981894,215,2800
20260713,18,30,0.0011035793531255478,175,2800
20260713,19,1,-0.00030373528238495214,233,2800
20260713,19,2,0.00017604636863682537,231,2800
20260713,19,5,0.0006300809903923754,225,2800
20260713,19,10,-0.0010120053907850806,215,2800
20260713,19,30,-0.0015296686993033675,175,2800
20260714,0,1,0.0002575696038928214,233,2800
20260714,0,2,8.901440176351656e-05,231,2800
20260714,0,5,0.000534551762867028,225,2800
20260714,0,10,-0.0006954303756678043,215,2800
20260714,0,30,-0.0003384833773358069,175,2800
20260714,1,1,0.0006680554233731588,233,2800
20260714,1,2,-0.0014178759854770434,231,2800
20260714,1,5,-0.0014823163669269496,225,2800
20260714,1,10,-0.000530157988334566,215,2800
20260714,1,30,-0.0008437170063692782,175,2800
20260714,2,1,0.0016761221763408837,233,2800
20260714,2,2,0.00030263274647902773,231,2800
20260714,2,5,0.0012356301404902962,225,2800
20260714,2,10,0.00167252903026757,215,2800
20260714,2,30,0.00016503292303926648,175,2800
20260714,3,1,0.0018962227947675124,233,2800
20260714,3,2,0.0005300912554391435,231,2800
20260714,3,5,0.0008769036531750722,225,2800
20260714,3,10,0.0003046027047364525,215,2800
20260714,3,30,0.000503639629312606,175,2800
20260714,4,1,-0.0012754859312684077,233,2800
20260714,4,2,-0.001509395038737274,231,2800
20260714,4,5,-0.0003475712784117373,225,2800
20260714,4,10,-2.3100278196897812e-05,215,2800
20260714,4,30,0.0005333898194070449,175,2800
20260714,5,1,0.0001491397922718337,233,2800
20260714,5,2,0.00017053510496734767,231,2800
20260714,5,5,0.0007819516187066594,225,2800
20260714,5,10,0.00035810928429086197,215,2800
20260714,5,30,-0.0003493477570410175,175,2800
20260714,6,1,0.0020293832149604475,233,2800
20260714,6,2,0.0004542083381850266,231,2800
20260714,6,5,-0.0006824885976541421,225,2800
20260714,6,10,0.0006421420039388993,215,2800
20260714,6,30,0.0001482507559132076,175,2800
20260714,7,1,0.0012942294894602647,233,2800
20260714,7,2,0.00012372250593122182,231,2800
20260714,7,5,-0.0002511416209969461,225,2800
20260714,7,10,0.001049703427206931,215,2800
20260714,7,30,0.0010484901985906413,175,2800
20260714,8,1,0.0010729314331639006,233,2800
20260714,8,2,0.00047883251183449086,231,2800
20260714,8,5,-0.00039066332835453537,225,2800
20260714,8,10,-4.4700428542883196e-05,215,2800
20260714,8,30,0.0005726577126915901,175,2800
20260714,9,1,0.000751860535897188,233,2800
20260714,9,2,0.00011983642057766099,231,2800
20260714,9,5,-0.0008184538863683046,225,2800
20260714,9,10,-0.000732040600028337,215,2800
20260714,9,30,-0.000428894785679615,175,2800
20260714,10,1,0.0044849165318967986,233,2800
20260714,10,2,0.0010420278788391898,231,2800
20260714,10,5,0.001437202442503526,225,2800
20260714,10,10,0.00016268807669755428,215,2800
20260714,10,30,0.0005351824481917955,175,2800
20260714,11,1,-0.0008602791579461155,233,2800
20260714,11,2,-0.0007699025198893481,231,2800
20260714,11,5,0.0004952502004277184,225,2800
20260714,11,10,0.0009744966537858756,215,2800
20260714,11,30,0.000617734943361148,175,2800
20260714,12,1,0.0005048861852980862,233,2800
20260714,12,2,0.0003515531002680668,231,2800
20260714,12,5,0.0005727812341140968,225,2800
20260714,12,10,0.00039386596010602303,215,2800
20260714,12,30,0.0008813161450230291,175,2800
20260714,13,1,-0.0007212647941718191,233,2800
20260714,13,2,0.0017427547625518073,231,2800
20260714,13,5,-0.0003645331201802557,225,2800
20260714,13,10,-0.0002260330699259133,215,2800
20260714,13,30,-3.060531380749556e-05,175,2800
20260714,14,1,-0.000438805465820662,233,2800
20260714,14,2,-0.0013939988635021771,231,2800
20260714,14,5,-0.001036437388517311,225,2800
20260714,14,10,-0.0008769834027534972,215,2800
20260714,14,30,-0.0016059939770645855,175,2800
20260714,15,1,-0.001089110508307287,233,2800
20260714,15,2,-0.0015001089464028103,231,2800
20260714,15,5,-0.00022375604962853235,225,2800
20260714,15,10,-0.0005970050037879842,215,2800
20260714,15,30,-0.0006771141682627577,175,2800
20260714,16,1,-0.0025897220778671216,233,2800
20260714,16,2,-0.0014805450459481108,231,2800
20260714,16,5,-0.0014548431198234991,225,2800
20260714,16,10,-0.0010073534377711213,215,2800
20260714,16,30,-0.0007313709965318132,175,2800
20260714,17,1,-0.0016633436645124087,233,2800
20260714,17,2,-0.002167801836089836,231,2800
20260714,17,5,-0.0014142212684595075,225,2800
20260714,17,10,-0.0018143006465850253,215,2800
20260714,17,30,-0.0013608766032780994,175,2800
20260714,18,1,-0.0007598689099245037,233,2800
20260714,18,2,0.001479274895978359,231,2800
20260714,18,5,-0.0002113131280200861,225,2800
20260714,18,10,-2.7288858917571294e-05,215,2800
20260714,18,30,-0.0012739153601523782,175,2800
20260714,19,1,0.00047405461966349056,233,2800
20260714,19,2,-0.0004423151840823537,231,2800
20260714,19,5,-0.00046520596156982805,225,2800
20260714,19,10,-0.0005306066290380826,215,2800
20260714,19,30,-3.753790457688707e-05,175,2800
